scheme,capacity,revoked,distribution,workload_seed,measurement,cover_nodes,holder_upload_bytes,holder_download_bytes,holder_compute_ms,server_per_holder_ms,verified
HiddenCover,16384,10,clustered,0,0,16,0,624,0.0344,0.0,true
HiddenCover,16384,10,clustered,0,1,16,0,624,0.0349,0.0,true
HiddenCover,16384,10,clustered,0,2,16,0,624,0.0331,0.0,true
HiddenCover,16384,10,clustered,0,3,16,0,624,0.0293,0.0,true
HiddenCover,16384,10,clustered,0,4,16,0,624,0.0293,0.0,true
HiddenCover,16384,10,clustered,0,5,16,0,624,0.0293,0.0,true
HiddenCover,16384,10,clustered,0,6,16,0,624,0.0299,0.0,true
HiddenCover,16384,10,clustered,0,7,16,0,624,0.0291,0.0,true
HiddenCover,16384,10,clustered,0,8,16,0,624,0.0293,0.0,true
HiddenCover,16384,10,clustered,0,9,16,0,624,0.0293,0.0,true
HiddenCover,16384,10,clustered,0,10,16,0,624,0.0292,0.0,true
HiddenCover,16384,10,clustered,0,11,16,0,624,0.0296,0.0,true
HiddenCover,16384,10,clustered,0,12,16,0,624,0.0292,0.0,true
HiddenCover,16384,10,clustered,0,13,16,0,624,0.0293,0.0,true
HiddenCover,16384,10,clustered,0,14,16,0,624,0.0293,0.0,true
HiddenCover,16384,10,clustered,0,15,16,0,624,0.0294,0.0,true
HiddenCover,16384,10,clustered,0,16,16,0,624,0.0297,0.0,true
HiddenCover,16384,10,clustered,0,17,16,0,624,0.0292,0.0,true
HiddenCover,16384,10,clustered,0,18,16,0,624,0.0293,0.0,true
HiddenCover,16384,10,clustered,0,19,16,0,624,0.0293,0.0,true
HiddenCover,16384,10,clustered,0,20,16,0,624,0.0293,0.0,true
HiddenCover,16384,10,clustered,0,21,16,0,624,0.0295,0.0,true
HiddenCover,16384,10,clustered,0,22,16,0,624,0.0292,0.0,true
HiddenCover,16384,10,clustered,0,23,16,0,624,0.0292,0.0,true
HiddenCover,16384,10,clustered,0,24,16,0,624,0.0292,0.0,true
HiddenCover,16384,10,clustered,0,25,16,0,624,0.0293,0.0,true
HiddenCover,16384,10,clustered,0,26,16,0,624,0.0295,0.0,true
HiddenCover,16384,10,clustered,0,27,16,0,624,0.0291,0.0,true
HiddenCover,16384,10,clustered,0,28,16,0,624,0.0292,0.0,true
HiddenCover,16384,10,clustered,0,29,16,0,624,0.0291,0.0,true
HiddenCover,16384,10,clustered,1,0,15,0,592,0.0291,0.0,true
HiddenCover,16384,10,clustered,1,1,15,0,592,0.0291,0.0,true
HiddenCover,16384,10,clustered,1,2,15,0,592,0.0292,0.0,true
HiddenCover,16384,10,clustered,1,3,15,0,592,0.029,0.0,true
HiddenCover,16384,10,clustered,1,4,15,0,592,0.0294,0.0,true
HiddenCover,16384,10,clustered,1,5,15,0,592,0.0291,0.0,true
HiddenCover,16384,10,clustered,1,6,15,0,592,0.0292,0.0,true
HiddenCover,16384,10,clustered,1,7,15,0,592,0.0291,0.0,true
HiddenCover,16384,10,clustered,1,8,15,0,592,0.0291,0.0,true
HiddenCover,16384,10,clustered,1,9,15,0,592,0.029,0.0,true
HiddenCover,16384,10,clustered,1,10,15,0,592,0.0376,0.0,true
HiddenCover,16384,10,clustered,1,11,15,0,592,0.0291,0.0,true
HiddenCover,16384,10,clustered,1,12,15,0,592,0.0291,0.0,true
HiddenCover,16384,10,clustered,1,13,15,0,592,0.0291,0.0,true
HiddenCover,16384,10,clustered,1,14,15,0,592,0.029,0.0,true
HiddenCover,16384,10,clustered,1,15,15,0,592,0.0295,0.0,true
HiddenCover,16384,10,clustered,1,16,15,0,592,0.0291,0.0,true
HiddenCover,16384,10,clustered,1,17,15,0,592,0.0291,0.0,true
HiddenCover,16384,10,clustered,1,18,15,0,592,0.0291,0.0,true
HiddenCover,16384,10,clustered,1,19,15,0,592,0.0291,0.0,true
HiddenCover,16384,10,clustered,1,20,15,0,592,0.0295,0.0,true
HiddenCover,16384,10,clustered,1,21,15,0,592,0.0292,0.0,true
HiddenCover,16384,10,clustered,1,22,15,0,592,0.0292,0.0,true
HiddenCover,16384,10,clustered,1,23,15,0,592,0.0292,0.0,true
HiddenCover,16384,10,clustered,1,24,15,0,592,0.0291,0.0,true
HiddenCover,16384,10,clustered,1,25,15,0,592,0.029,0.0,true
HiddenCover,16384,10,clustered,1,26,15,0,592,0.0294,0.0,true
HiddenCover,16384,10,clustered,1,27,15,0,592,0.029,0.0,true
HiddenCover,16384,10,clustered,1,28,15,0,592,0.029,0.0,true
HiddenCover,16384,10,clustered,1,29,15,0,592,0.0292,0.0,true
HiddenCover,16384,10,clustered,2,0,16,0,624,0.0291,0.0,true
HiddenCover,16384,10,clustered,2,1,16,0,624,0.029,0.0,true
HiddenCover,16384,10,clustered,2,2,16,0,624,0.0292,0.0,true
HiddenCover,16384,10,clustered,2,3,16,0,624,0.0291,0.0,true
HiddenCover,16384,10,clustered,2,4,16,0,624,0.0295,0.0,true
HiddenCover,16384,10,clustered,2,5,16,0,624,0.029,0.0,true
HiddenCover,16384,10,clustered,2,6,16,0,624,0.0292,0.0,true
HiddenCover,16384,10,clustered,2,7,16,0,624,0.0292,0.0,true
HiddenCover,16384,10,clustered,2,8,16,0,624,0.0291,0.0,true
HiddenCover,16384,10,clustered,2,9,16,0,624,0.0294,0.0,true
HiddenCover,16384,10,clustered,2,10,16,0,624,0.0292,0.0,true
HiddenCover,16384,10,clustered,2,11,16,0,624,0.0291,0.0,true
HiddenCover,16384,10,clustered,2,12,16,0,624,0.029,0.0,true
HiddenCover,16384,10,clustered,2,13,16,0,624,0.029,0.0,true
HiddenCover,16384,10,clustered,2,14,16,0,624,0.0293,0.0,true
HiddenCover,16384,10,clustered,2,15,16,0,624,0.0291,0.0,true
HiddenCover,16384,10,clustered,2,16,16,0,624,0.0292,0.0,true
HiddenCover,16384,10,clustered,2,17,16,0,624,0.0291,0.0,true
HiddenCover,16384,10,clustered,2,18,16,0,624,0.0291,0.0,true
HiddenCover,16384,10,clustered,2,19,16,0,624,0.0294,0.0,true
HiddenCover,16384,10,clustered,2,20,16,0,624,0.029,0.0,true
HiddenCover,16384,10,clustered,2,21,16,0,624,0.0291,0.0,true
HiddenCover,16384,10,clustered,2,22,16,0,624,0.0291,0.0,true
HiddenCover,16384,10,clustered,2,23,16,0,624,0.0292,0.0,true
HiddenCover,16384,10,clustered,2,24,16,0,624,0.0294,0.0,true
HiddenCover,16384,10,clustered,2,25,16,0,624,0.0292,0.0,true
HiddenCover,16384,10,clustered,2,26,16,0,624,0.029,0.0,true
HiddenCover,16384,10,clustered,2,27,16,0,624,0.0291,0.0,true
HiddenCover,16384,10,clustered,2,28,16,0,624,0.0295,0.0,true
HiddenCover,16384,10,clustered,2,29,16,0,624,0.0291,0.0,true
HiddenCover,16384,10,clustered,3,0,13,0,528,0.0288,0.0,true
HiddenCover,16384,10,clustered,3,1,13,0,528,0.0288,0.0,true
HiddenCover,16384,10,clustered,3,2,13,0,528,0.0288,0.0,true
HiddenCover,16384,10,clustered,3,3,13,0,528,0.029,0.0,true
HiddenCover,16384,10,clustered,3,4,13,0,528,0.0288,0.0,true
HiddenCover,16384,10,clustered,3,5,13,0,528,0.028900000000000002,0.0,true
HiddenCover,16384,10,clustered,3,6,13,0,528,0.0288,0.0,true
HiddenCover,16384,10,clustered,3,7,13,0,528,0.0287,0.0,true
HiddenCover,16384,10,clustered,3,8,13,0,528,0.0288,0.0,true
HiddenCover,16384,10,clustered,3,9,13,0,528,0.0288,0.0,true
HiddenCover,16384,10,clustered,3,10,13,0,528,0.0292,0.0,true
HiddenCover,16384,10,clustered,3,11,13,0,528,0.0288,0.0,true
HiddenCover,16384,10,clustered,3,12,13,0,528,0.0287,0.0,true
HiddenCover,16384,10,clustered,3,13,13,0,528,0.0287,0.0,true
HiddenCover,16384,10,clustered,3,14,13,0,528,0.0288,0.0,true
HiddenCover,16384,10,clustered,3,15,13,0,528,0.0288,0.0,true
HiddenCover,16384,10,clustered,3,16,13,0,528,0.0292,0.0,true
HiddenCover,16384,10,clustered,3,17,13,0,528,0.0287,0.0,true
HiddenCover,16384,10,clustered,3,18,13,0,528,0.028900000000000002,0.0,true
HiddenCover,16384,10,clustered,3,19,13,0,528,0.0288,0.0,true
HiddenCover,16384,10,clustered,3,20,13,0,528,0.0287,0.0,true
HiddenCover,16384,10,clustered,3,21,13,0,528,0.0288,0.0,true
HiddenCover,16384,10,clustered,3,22,13,0,528,0.0292,0.0,true
HiddenCover,16384,10,clustered,3,23,13,0,528,0.0288,0.0,true
HiddenCover,16384,10,clustered,3,24,13,0,528,0.0288,0.0,true
HiddenCover,16384,10,clustered,3,25,13,0,528,0.0287,0.0,true
HiddenCover,16384,10,clustered,3,26,13,0,528,0.0287,0.0,true
HiddenCover,16384,10,clustered,3,27,13,0,528,0.0288,0.0,true
HiddenCover,16384,10,clustered,3,28,13,0,528,0.0292,0.0,true
HiddenCover,16384,10,clustered,3,29,13,0,528,0.0288,0.0,true
HiddenCover,16384,10,clustered,4,0,14,0,560,0.0287,0.0,true
HiddenCover,16384,10,clustered,4,1,14,0,560,0.0286,0.0,true
HiddenCover,16384,10,clustered,4,2,14,0,560,0.0291,0.0,true
HiddenCover,16384,10,clustered,4,3,14,0,560,0.0287,0.0,true
HiddenCover,16384,10,clustered,4,4,14,0,560,0.028900000000000002,0.0,true
HiddenCover,16384,10,clustered,4,5,14,0,560,0.0288,0.0,true
HiddenCover,16384,10,clustered,4,6,14,0,560,0.0287,0.0,true
HiddenCover,16384,10,clustered,4,7,14,0,560,0.0288,0.0,true
HiddenCover,16384,10,clustered,4,8,14,0,560,0.0291,0.0,true
HiddenCover,16384,10,clustered,4,9,14,0,560,0.0288,0.0,true
HiddenCover,16384,10,clustered,4,10,14,0,560,0.0287,0.0,true
HiddenCover,16384,10,clustered,4,11,14,0,560,0.0288,0.0,true
HiddenCover,16384,10,clustered,4,12,14,0,560,0.0292,0.0,true
HiddenCover,16384,10,clustered,4,13,14,0,560,0.0288,0.0,true
HiddenCover,16384,10,clustered,4,14,14,0,560,0.0291,0.0,true
HiddenCover,16384,10,clustered,4,15,14,0,560,0.0288,0.0,true
HiddenCover,16384,10,clustered,4,16,14,0,560,0.0287,0.0,true
HiddenCover,16384,10,clustered,4,17,14,0,560,0.0288,0.0,true
HiddenCover,16384,10,clustered,4,18,14,0,560,0.028900000000000002,0.0,true
HiddenCover,16384,10,clustered,4,19,14,0,560,0.0291,0.0,true
HiddenCover,16384,10,clustered,4,20,14,0,560,0.0287,0.0,true
HiddenCover,16384,10,clustered,4,21,14,0,560,0.0288,0.0,true
HiddenCover,16384,10,clustered,4,22,14,0,560,0.0287,0.0,true
HiddenCover,16384,10,clustered,4,23,14,0,560,0.0288,0.0,true
HiddenCover,16384,10,clustered,4,24,14,0,560,0.0287,0.0,true
HiddenCover,16384,10,clustered,4,25,14,0,560,0.0291,0.0,true
HiddenCover,16384,10,clustered,4,26,14,0,560,0.0288,0.0,true
HiddenCover,16384,10,clustered,4,27,14,0,560,0.0287,0.0,true
HiddenCover,16384,10,clustered,4,28,14,0,560,0.0287,0.0,true
HiddenCover,16384,10,clustered,4,29,14,0,560,0.028900000000000002,0.0,true
HiddenCover,16384,10,clustered,5,0,12,0,496,0.0288,0.0,true
HiddenCover,16384,10,clustered,5,1,12,0,496,0.0291,0.0,true
HiddenCover,16384,10,clustered,5,2,12,0,496,0.0287,0.0,true
HiddenCover,16384,10,clustered,5,3,12,0,496,0.028900000000000002,0.0,true
HiddenCover,16384,10,clustered,5,4,12,0,496,0.0288,0.0,true
HiddenCover,16384,10,clustered,5,5,12,0,496,0.028900000000000002,0.0,true
HiddenCover,16384,10,clustered,5,6,12,0,496,0.0287,0.0,true
HiddenCover,16384,10,clustered,5,7,12,0,496,0.0292,0.0,true
HiddenCover,16384,10,clustered,5,8,12,0,496,0.0288,0.0,true
HiddenCover,16384,10,clustered,5,9,12,0,496,0.028900000000000002,0.0,true
HiddenCover,16384,10,clustered,5,10,12,0,496,0.0287,0.0,true
HiddenCover,16384,10,clustered,5,11,12,0,496,0.0288,0.0,true
HiddenCover,16384,10,clustered,5,12,12,0,496,0.0287,0.0,true
HiddenCover,16384,10,clustered,5,13,12,0,496,0.0287,0.0,true
HiddenCover,16384,10,clustered,5,14,12,0,496,0.0291,0.0,true
HiddenCover,16384,10,clustered,5,15,12,0,496,0.0287,0.0,true
HiddenCover,16384,10,clustered,5,16,12,0,496,0.0287,0.0,true
HiddenCover,16384,10,clustered,5,17,12,0,496,0.0288,0.0,true
HiddenCover,16384,10,clustered,5,18,12,0,496,0.0288,0.0,true
HiddenCover,16384,10,clustered,5,19,12,0,496,0.028900000000000002,0.0,true
HiddenCover,16384,10,clustered,5,20,12,0,496,0.0291,0.0,true
HiddenCover,16384,10,clustered,5,21,12,0,496,0.0288,0.0,true
HiddenCover,16384,10,clustered,5,22,12,0,496,0.0288,0.0,true
HiddenCover,16384,10,clustered,5,23,12,0,496,0.028900000000000002,0.0,true
HiddenCover,16384,10,clustered,5,24,12,0,496,0.0288,0.0,true
HiddenCover,16384,10,clustered,5,25,12,0,496,0.0288,0.0,true
HiddenCover,16384,10,clustered,5,26,12,0,496,0.0288,0.0,true
HiddenCover,16384,10,clustered,5,27,12,0,496,0.0291,0.0,true
HiddenCover,16384,10,clustered,5,28,12,0,496,0.0288,0.0,true
HiddenCover,16384,10,clustered,5,29,12,0,496,0.0287,0.0,true
HiddenCover,16384,10,clustered,6,0,14,0,560,0.0291,0.0,true
HiddenCover,16384,10,clustered,6,1,14,0,560,0.0292,0.0,true
HiddenCover,16384,10,clustered,6,2,14,0,560,0.0295,0.0,true
HiddenCover,16384,10,clustered,6,3,14,0,560,0.0292,0.0,true
HiddenCover,16384,10,clustered,6,4,14,0,560,0.0292,0.0,true
HiddenCover,16384,10,clustered,6,5,14,0,560,0.0292,0.0,true
HiddenCover,16384,10,clustered,6,6,14,0,560,0.0291,0.0,true
HiddenCover,16384,10,clustered,6,7,14,0,560,0.0295,0.0,true
HiddenCover,16384,10,clustered,6,8,14,0,560,0.0291,0.0,true
HiddenCover,16384,10,clustered,6,9,14,0,560,0.0292,0.0,true
HiddenCover,16384,10,clustered,6,10,14,0,560,0.0292,0.0,true
HiddenCover,16384,10,clustered,6,11,14,0,560,0.0292,0.0,true
HiddenCover,16384,10,clustered,6,12,14,0,560,0.0291,0.0,true
HiddenCover,16384,10,clustered,6,13,14,0,560,0.0295,0.0,true
HiddenCover,16384,10,clustered,6,14,14,0,560,0.0292,0.0,true
HiddenCover,16384,10,clustered,6,15,14,0,560,0.0293,0.0,true
HiddenCover,16384,10,clustered,6,16,14,0,560,0.0291,0.0,true
HiddenCover,16384,10,clustered,6,17,14,0,560,0.0291,0.0,true
HiddenCover,16384,10,clustered,6,18,14,0,560,0.029,0.0,true
HiddenCover,16384,10,clustered,6,19,14,0,560,0.0296,0.0,true
HiddenCover,16384,10,clustered,6,20,14,0,560,0.0293,0.0,true
HiddenCover,16384,10,clustered,6,21,14,0,560,0.0291,0.0,true
HiddenCover,16384,10,clustered,6,22,14,0,560,0.029,0.0,true
HiddenCover,16384,10,clustered,6,23,14,0,560,0.0292,0.0,true
HiddenCover,16384,10,clustered,6,24,14,0,560,0.0294,0.0,true
HiddenCover,16384,10,clustered,6,25,14,0,560,0.0291,0.0,true
HiddenCover,16384,10,clustered,6,26,14,0,560,0.0292,0.0,true
HiddenCover,16384,10,clustered,6,27,14,0,560,0.0291,0.0,true
HiddenCover,16384,10,clustered,6,28,14,0,560,0.0292,0.0,true
HiddenCover,16384,10,clustered,6,29,14,0,560,0.0293,0.0,true
HiddenCover,16384,10,clustered,7,0,13,0,528,0.0285,0.0,true
HiddenCover,16384,10,clustered,7,1,13,0,528,0.0285,0.0,true
HiddenCover,16384,10,clustered,7,2,13,0,528,0.028399999999999998,0.0,true
HiddenCover,16384,10,clustered,7,3,13,0,528,0.0285,0.0,true
HiddenCover,16384,10,clustered,7,4,13,0,528,0.0286,0.0,true
HiddenCover,16384,10,clustered,7,5,13,0,528,0.028900000000000002,0.0,true
HiddenCover,16384,10,clustered,7,6,13,0,528,0.0283,0.0,true
HiddenCover,16384,10,clustered,7,7,13,0,528,0.0285,0.0,true
HiddenCover,16384,10,clustered,7,8,13,0,528,0.028399999999999998,0.0,true
HiddenCover,16384,10,clustered,7,9,13,0,528,0.0285,0.0,true
HiddenCover,16384,10,clustered,7,10,13,0,528,0.0286,0.0,true
HiddenCover,16384,10,clustered,7,11,13,0,528,0.0287,0.0,true
HiddenCover,16384,10,clustered,7,12,13,0,528,0.0285,0.0,true
HiddenCover,16384,10,clustered,7,13,13,0,528,0.0285,0.0,true
HiddenCover,16384,10,clustered,7,14,13,0,528,0.028399999999999998,0.0,true
HiddenCover,16384,10,clustered,7,15,13,0,528,0.0285,0.0,true
HiddenCover,16384,10,clustered,7,16,13,0,528,0.0285,0.0,true
HiddenCover,16384,10,clustered,7,17,13,0,528,0.029,0.0,true
HiddenCover,16384,10,clustered,7,18,13,0,528,0.028399999999999998,0.0,true
HiddenCover,16384,10,clustered,7,19,13,0,528,0.0286,0.0,true
HiddenCover,16384,10,clustered,7,20,13,0,528,0.0283,0.0,true
HiddenCover,16384,10,clustered,7,21,13,0,528,0.0287,0.0,true
HiddenCover,16384,10,clustered,7,22,13,0,528,0.0285,0.0,true
HiddenCover,16384,10,clustered,7,23,13,0,528,0.028399999999999998,0.0,true
HiddenCover,16384,10,clustered,7,24,13,0,528,0.028900000000000002,0.0,true
HiddenCover,16384,10,clustered,7,25,13,0,528,0.028399999999999998,0.0,true
HiddenCover,16384,10,clustered,7,26,13,0,528,0.0285,0.0,true
HiddenCover,16384,10,clustered,7,27,13,0,528,0.0285,0.0,true
HiddenCover,16384,10,clustered,7,28,13,0,528,0.0285,0.0,true
HiddenCover,16384,10,clustered,7,29,13,0,528,0.028399999999999998,0.0,true
HiddenCover,16384,10,clustered,8,0,13,0,528,0.0288,0.0,true
HiddenCover,16384,10,clustered,8,1,13,0,528,0.0288,0.0,true
HiddenCover,16384,10,clustered,8,2,13,0,528,0.028900000000000002,0.0,true
HiddenCover,16384,10,clustered,8,3,13,0,528,0.0287,0.0,true
HiddenCover,16384,10,clustered,8,4,13,0,528,0.0288,0.0,true
HiddenCover,16384,10,clustered,8,5,13,0,528,0.0292,0.0,true
HiddenCover,16384,10,clustered,8,6,13,0,528,0.0288,0.0,true
HiddenCover,16384,10,clustered,8,7,13,0,528,0.0287,0.0,true
HiddenCover,16384,10,clustered,8,8,13,0,528,0.0287,0.0,true
HiddenCover,16384,10,clustered,8,9,13,0,528,0.0287,0.0,true
HiddenCover,16384,10,clustered,8,10,13,0,528,0.0288,0.0,true
HiddenCover,16384,10,clustered,8,11,13,0,528,0.0291,0.0,true
HiddenCover,16384,10,clustered,8,12,13,0,528,0.0287,0.0,true
HiddenCover,16384,10,clustered,8,13,13,0,528,0.0287,0.0,true
HiddenCover,16384,10,clustered,8,14,13,0,528,0.0288,0.0,true
HiddenCover,16384,10,clustered,8,15,13,0,528,0.0288,0.0,true
HiddenCover,16384,10,clustered,8,16,13,0,528,0.029,0.0,true
HiddenCover,16384,10,clustered,8,17,13,0,528,0.0291,0.0,true
HiddenCover,16384,10,clustered,8,18,13,0,528,0.0288,0.0,true
HiddenCover,16384,10,clustered,8,19,13,0,528,0.0288,0.0,true
HiddenCover,16384,10,clustered,8,20,13,0,528,0.0288,0.0,true
HiddenCover,16384,10,clustered,8,21,13,0,528,0.029,0.0,true
HiddenCover,16384,10,clustered,8,22,13,0,528,0.0288,0.0,true
HiddenCover,16384,10,clustered,8,23,13,0,528,0.0292,0.0,true
HiddenCover,16384,10,clustered,8,24,13,0,528,0.028900000000000002,0.0,true
HiddenCover,16384,10,clustered,8,25,13,0,528,0.0288,0.0,true
HiddenCover,16384,10,clustered,8,26,13,0,528,0.0287,0.0,true
HiddenCover,16384,10,clustered,8,27,13,0,528,0.0288,0.0,true
HiddenCover,16384,10,clustered,8,28,13,0,528,0.0288,0.0,true
HiddenCover,16384,10,clustered,8,29,13,0,528,0.0291,0.0,true
HiddenCover,16384,10,clustered,9,0,16,0,624,0.0292,0.0,true
HiddenCover,16384,10,clustered,9,1,16,0,624,0.0294,0.0,true
HiddenCover,16384,10,clustered,9,2,16,0,624,0.0297,0.0,true
HiddenCover,16384,10,clustered,9,3,16,0,624,0.0294,0.0,true
HiddenCover,16384,10,clustered,9,4,16,0,624,0.0293,0.0,true
HiddenCover,16384,10,clustered,9,5,16,0,624,0.0294,0.0,true
HiddenCover,16384,10,clustered,9,6,16,0,624,0.0855,0.0,true
HiddenCover,16384,10,clustered,9,7,16,0,624,0.0519,0.0,true
HiddenCover,16384,10,clustered,9,8,16,0,624,0.0416,0.0,true
HiddenCover,16384,10,clustered,9,9,16,0,624,0.0407,0.0,true
HiddenCover,16384,10,clustered,9,10,16,0,624,0.043000000000000003,0.0,true
HiddenCover,16384,10,clustered,9,11,16,0,624,0.0412,0.0,true
HiddenCover,16384,10,clustered,9,12,16,0,624,0.0444,0.0,true
HiddenCover,16384,10,clustered,9,13,16,0,624,0.049,0.0,true
HiddenCover,16384,10,clustered,9,14,16,0,624,0.0603,0.0,true
HiddenCover,16384,10,clustered,9,15,16,0,624,0.0448,0.0,true
HiddenCover,16384,10,clustered,9,16,16,0,624,0.0436,0.0,true
HiddenCover,16384,10,clustered,9,17,16,0,624,0.0349,0.0,true
HiddenCover,16384,10,clustered,9,18,16,0,624,0.0361,0.0,true
HiddenCover,16384,10,clustered,9,19,16,0,624,0.031099999999999996,0.0,true
HiddenCover,16384,10,clustered,9,20,16,0,624,0.0353,0.0,true
HiddenCover,16384,10,clustered,9,21,16,0,624,0.0327,0.0,true
HiddenCover,16384,10,clustered,9,22,16,0,624,0.1394,0.0,true
HiddenCover,16384,10,clustered,9,23,16,0,624,0.0363,0.0,true
HiddenCover,16384,10,clustered,9,24,16,0,624,0.0344,0.0,true
HiddenCover,16384,10,clustered,9,25,16,0,624,0.0523,0.0,true
HiddenCover,16384,10,clustered,9,26,16,0,624,0.039700000000000006,0.0,true
HiddenCover,16384,10,clustered,9,27,16,0,624,0.038099999999999995,0.0,true
HiddenCover,16384,10,clustered,9,28,16,0,624,0.030000000000000002,0.0,true
HiddenCover,16384,10,clustered,9,29,16,0,624,0.0324,0.0,true
HiddenCover,16384,10,clustered,10,0,13,0,528,0.036000000000000004,0.0,true
HiddenCover,16384,10,clustered,10,1,13,0,528,0.0333,0.0,true
HiddenCover,16384,10,clustered,10,2,13,0,528,0.034,0.0,true
HiddenCover,16384,10,clustered,10,3,13,0,528,0.0331,0.0,true
HiddenCover,16384,10,clustered,10,4,13,0,528,0.0352,0.0,true
HiddenCover,16384,10,clustered,10,5,13,0,528,0.0327,0.0,true
HiddenCover,16384,10,clustered,10,6,13,0,528,0.0307,0.0,true
HiddenCover,16384,10,clustered,10,7,13,0,528,0.0348,0.0,true
HiddenCover,16384,10,clustered,10,8,13,0,528,0.0303,0.0,true
HiddenCover,16384,10,clustered,10,9,13,0,528,0.0303,0.0,true
HiddenCover,16384,10,clustered,10,10,13,0,528,0.0292,0.0,true
HiddenCover,16384,10,clustered,10,11,13,0,528,0.030199999999999998,0.0,true
HiddenCover,16384,10,clustered,10,12,13,0,528,0.0329,0.0,true
HiddenCover,16384,10,clustered,10,13,13,0,528,0.0295,0.0,true
HiddenCover,16384,10,clustered,10,14,13,0,528,0.0293,0.0,true
HiddenCover,16384,10,clustered,10,15,13,0,528,0.030199999999999998,0.0,true
HiddenCover,16384,10,clustered,10,16,13,0,528,0.028900000000000002,0.0,true
HiddenCover,16384,10,clustered,10,17,13,0,528,0.0288,0.0,true
HiddenCover,16384,10,clustered,10,18,13,0,528,0.0293,0.0,true
HiddenCover,16384,10,clustered,10,19,13,0,528,0.0292,0.0,true
HiddenCover,16384,10,clustered,10,20,13,0,528,0.0292,0.0,true
HiddenCover,16384,10,clustered,10,21,13,0,528,0.0307,0.0,true
HiddenCover,16384,10,clustered,10,22,13,0,528,0.029,0.0,true
HiddenCover,16384,10,clustered,10,23,13,0,528,0.031099999999999996,0.0,true
HiddenCover,16384,10,clustered,10,24,13,0,528,0.0305,0.0,true
HiddenCover,16384,10,clustered,10,25,13,0,528,0.0312,0.0,true
HiddenCover,16384,10,clustered,10,26,13,0,528,0.0297,0.0,true
HiddenCover,16384,10,clustered,10,27,13,0,528,0.034,0.0,true
HiddenCover,16384,10,clustered,10,28,13,0,528,0.0327,0.0,true
HiddenCover,16384,10,clustered,10,29,13,0,528,0.030800000000000004,0.0,true
HiddenCover,16384,10,clustered,11,0,13,0,528,0.028900000000000002,0.0,true
HiddenCover,16384,10,clustered,11,1,13,0,528,0.027800000000000002,0.0,true
HiddenCover,16384,10,clustered,11,2,13,0,528,0.027399999999999997,0.0,true
HiddenCover,16384,10,clustered,11,3,13,0,528,0.0276,0.0,true
HiddenCover,16384,10,clustered,11,4,13,0,528,0.027399999999999997,0.0,true
HiddenCover,16384,10,clustered,11,5,13,0,528,0.0276,0.0,true
HiddenCover,16384,10,clustered,11,6,13,0,528,0.027299999999999998,0.0,true
HiddenCover,16384,10,clustered,11,7,13,0,528,0.0277,0.0,true
HiddenCover,16384,10,clustered,11,8,13,0,528,0.027299999999999998,0.0,true
HiddenCover,16384,10,clustered,11,9,13,0,528,0.027399999999999997,0.0,true
HiddenCover,16384,10,clustered,11,10,13,0,528,0.027299999999999998,0.0,true
HiddenCover,16384,10,clustered,11,11,13,0,528,0.0286,0.0,true
HiddenCover,16384,10,clustered,11,12,13,0,528,0.027299999999999998,0.0,true
HiddenCover,16384,10,clustered,11,13,13,0,528,0.0277,0.0,true
HiddenCover,16384,10,clustered,11,14,13,0,528,0.027200000000000002,0.0,true
HiddenCover,16384,10,clustered,11,15,13,0,528,0.027299999999999998,0.0,true
HiddenCover,16384,10,clustered,11,16,13,0,528,0.027299999999999998,0.0,true
HiddenCover,16384,10,clustered,11,17,13,0,528,0.027299999999999998,0.0,true
HiddenCover,16384,10,clustered,11,18,13,0,528,0.027399999999999997,0.0,true
HiddenCover,16384,10,clustered,11,19,13,0,528,0.028,0.0,true
HiddenCover,16384,10,clustered,11,20,13,0,528,0.028,0.0,true
HiddenCover,16384,10,clustered,11,21,13,0,528,0.0276,0.0,true
HiddenCover,16384,10,clustered,11,22,13,0,528,0.0292,0.0,true
HiddenCover,16384,10,clustered,11,23,13,0,528,0.0287,0.0,true
HiddenCover,16384,10,clustered,11,24,13,0,528,0.0288,0.0,true
HiddenCover,16384,10,clustered,11,25,13,0,528,0.0306,0.0,true
HiddenCover,16384,10,clustered,11,26,13,0,528,0.0291,0.0,true
HiddenCover,16384,10,clustered,11,27,13,0,528,0.0287,0.0,true
HiddenCover,16384,10,clustered,11,28,13,0,528,0.0287,0.0,true
HiddenCover,16384,10,clustered,11,29,13,0,528,0.0287,0.0,true
HiddenCover,16384,10,clustered,12,0,22,0,816,0.0295,0.0,true
HiddenCover,16384,10,clustered,12,1,22,0,816,0.030000000000000002,0.0,true
HiddenCover,16384,10,clustered,12,2,22,0,816,0.0295,0.0,true
HiddenCover,16384,10,clustered,12,3,22,0,816,0.0296,0.0,true
HiddenCover,16384,10,clustered,12,4,22,0,816,0.0298,0.0,true
HiddenCover,16384,10,clustered,12,5,22,0,816,0.031900000000000005,0.0,true
HiddenCover,16384,10,clustered,12,6,22,0,816,0.0303,0.0,true
HiddenCover,16384,10,clustered,12,7,22,0,816,0.0303,0.0,true
HiddenCover,16384,10,clustered,12,8,22,0,816,0.0306,0.0,true
HiddenCover,16384,10,clustered,12,9,22,0,816,0.0293,0.0,true
HiddenCover,16384,10,clustered,12,10,22,0,816,0.028900000000000002,0.0,true
HiddenCover,16384,10,clustered,12,11,22,0,816,0.028900000000000002,0.0,true
HiddenCover,16384,10,clustered,12,12,22,0,816,0.0291,0.0,true
HiddenCover,16384,10,clustered,12,13,22,0,816,0.029,0.0,true
HiddenCover,16384,10,clustered,12,14,22,0,816,0.028900000000000002,0.0,true
HiddenCover,16384,10,clustered,12,15,22,0,816,0.0288,0.0,true
HiddenCover,16384,10,clustered,12,16,22,0,816,0.0291,0.0,true
HiddenCover,16384,10,clustered,12,17,22,0,816,0.028900000000000002,0.0,true
HiddenCover,16384,10,clustered,12,18,22,0,816,0.028900000000000002,0.0,true
HiddenCover,16384,10,clustered,12,19,22,0,816,0.0287,0.0,true
HiddenCover,16384,10,clustered,12,20,22,0,816,0.0293,0.0,true
HiddenCover,16384,10,clustered,12,21,22,0,816,0.028900000000000002,0.0,true
HiddenCover,16384,10,clustered,12,22,22,0,816,0.028900000000000002,0.0,true
HiddenCover,16384,10,clustered,12,23,22,0,816,0.0291,0.0,true
HiddenCover,16384,10,clustered,12,24,22,0,816,0.028900000000000002,0.0,true
HiddenCover,16384,10,clustered,12,25,22,0,816,0.0288,0.0,true
HiddenCover,16384,10,clustered,12,26,22,0,816,0.0288,0.0,true
HiddenCover,16384,10,clustered,12,27,22,0,816,0.030800000000000004,0.0,true
HiddenCover,16384,10,clustered,12,28,22,0,816,0.0288,0.0,true
HiddenCover,16384,10,clustered,12,29,22,0,816,0.028900000000000002,0.0,true
HiddenCover,16384,10,clustered,13,0,17,0,656,0.0281,0.0,true
HiddenCover,16384,10,clustered,13,1,17,0,656,0.0281,0.0,true
HiddenCover,16384,10,clustered,13,2,17,0,656,0.0281,0.0,true
HiddenCover,16384,10,clustered,13,3,17,0,656,0.0281,0.0,true
HiddenCover,16384,10,clustered,13,4,17,0,656,0.028399999999999998,0.0,true
HiddenCover,16384,10,clustered,13,5,17,0,656,0.0282,0.0,true
HiddenCover,16384,10,clustered,13,6,17,0,656,0.0282,0.0,true
HiddenCover,16384,10,clustered,13,7,17,0,656,0.0283,0.0,true
HiddenCover,16384,10,clustered,13,8,17,0,656,0.0286,0.0,true
HiddenCover,16384,10,clustered,13,9,17,0,656,0.0283,0.0,true
HiddenCover,16384,10,clustered,13,10,17,0,656,0.0282,0.0,true
HiddenCover,16384,10,clustered,13,11,17,0,656,0.028,0.0,true
HiddenCover,16384,10,clustered,13,12,17,0,656,0.0281,0.0,true
HiddenCover,16384,10,clustered,13,13,17,0,656,0.0285,0.0,true
HiddenCover,16384,10,clustered,13,14,17,0,656,0.0281,0.0,true
HiddenCover,16384,10,clustered,13,15,17,0,656,0.0283,0.0,true
HiddenCover,16384,10,clustered,13,16,17,0,656,0.0281,0.0,true
HiddenCover,16384,10,clustered,13,17,17,0,656,0.0282,0.0,true
HiddenCover,16384,10,clustered,13,18,17,0,656,0.028399999999999998,0.0,true
HiddenCover,16384,10,clustered,13,19,17,0,656,0.0282,0.0,true
HiddenCover,16384,10,clustered,13,20,17,0,656,0.0282,0.0,true
HiddenCover,16384,10,clustered,13,21,17,0,656,0.0281,0.0,true
HiddenCover,16384,10,clustered,13,22,17,0,656,0.0299,0.0,true
HiddenCover,16384,10,clustered,13,23,17,0,656,0.0291,0.0,true
HiddenCover,16384,10,clustered,13,24,17,0,656,0.0294,0.0,true
HiddenCover,16384,10,clustered,13,25,17,0,656,0.0295,0.0,true
HiddenCover,16384,10,clustered,13,26,17,0,656,0.0295,0.0,true
HiddenCover,16384,10,clustered,13,27,17,0,656,0.0304,0.0,true
HiddenCover,16384,10,clustered,13,28,17,0,656,0.0281,0.0,true
HiddenCover,16384,10,clustered,13,29,17,0,656,0.0281,0.0,true
HiddenCover,16384,10,clustered,14,0,16,0,624,0.0282,0.0,true
HiddenCover,16384,10,clustered,14,1,16,0,624,0.027800000000000002,0.0,true
HiddenCover,16384,10,clustered,14,2,16,0,624,0.027800000000000002,0.0,true
HiddenCover,16384,10,clustered,14,3,16,0,624,0.028,0.0,true
HiddenCover,16384,10,clustered,14,4,16,0,624,0.0279,0.0,true
HiddenCover,16384,10,clustered,14,5,16,0,624,0.0282,0.0,true
HiddenCover,16384,10,clustered,14,6,16,0,624,0.027800000000000002,0.0,true
HiddenCover,16384,10,clustered,14,7,16,0,624,0.027800000000000002,0.0,true
HiddenCover,16384,10,clustered,14,8,16,0,624,0.0277,0.0,true
HiddenCover,16384,10,clustered,14,9,16,0,624,0.0279,0.0,true
HiddenCover,16384,10,clustered,14,10,16,0,624,0.0281,0.0,true
HiddenCover,16384,10,clustered,14,11,16,0,624,0.0279,0.0,true
HiddenCover,16384,10,clustered,14,12,16,0,624,0.0279,0.0,true
HiddenCover,16384,10,clustered,14,13,16,0,624,0.0279,0.0,true
HiddenCover,16384,10,clustered,14,14,16,0,624,0.0279,0.0,true
HiddenCover,16384,10,clustered,14,15,16,0,624,0.0281,0.0,true
HiddenCover,16384,10,clustered,14,16,16,0,624,0.0277,0.0,true
HiddenCover,16384,10,clustered,14,17,16,0,624,0.027800000000000002,0.0,true
HiddenCover,16384,10,clustered,14,18,16,0,624,0.028,0.0,true
HiddenCover,16384,10,clustered,14,19,16,0,624,0.0293,0.0,true
HiddenCover,16384,10,clustered,14,20,16,0,624,0.0283,0.0,true
HiddenCover,16384,10,clustered,14,21,16,0,624,0.027800000000000002,0.0,true
HiddenCover,16384,10,clustered,14,22,16,0,624,0.0277,0.0,true
HiddenCover,16384,10,clustered,14,23,16,0,624,0.027800000000000002,0.0,true
HiddenCover,16384,10,clustered,14,24,16,0,624,0.0279,0.0,true
HiddenCover,16384,10,clustered,14,25,16,0,624,0.0282,0.0,true
HiddenCover,16384,10,clustered,14,26,16,0,624,0.0279,0.0,true
HiddenCover,16384,10,clustered,14,27,16,0,624,0.027800000000000002,0.0,true
HiddenCover,16384,10,clustered,14,28,16,0,624,0.027800000000000002,0.0,true
HiddenCover,16384,10,clustered,14,29,16,0,624,0.0277,0.0,true
HiddenCover,16384,10,clustered,15,0,15,0,592,0.0292,0.0,true
HiddenCover,16384,10,clustered,15,1,15,0,592,0.0292,0.0,true
HiddenCover,16384,10,clustered,15,2,15,0,592,0.0297,0.0,true
HiddenCover,16384,10,clustered,15,3,15,0,592,0.0282,0.0,true
HiddenCover,16384,10,clustered,15,4,15,0,592,0.028,0.0,true
HiddenCover,16384,10,clustered,15,5,15,0,592,0.0279,0.0,true
HiddenCover,16384,10,clustered,15,6,15,0,592,0.027800000000000002,0.0,true
HiddenCover,16384,10,clustered,15,7,15,0,592,0.0279,0.0,true
HiddenCover,16384,10,clustered,15,8,15,0,592,0.027800000000000002,0.0,true
HiddenCover,16384,10,clustered,15,9,15,0,592,0.0282,0.0,true
HiddenCover,16384,10,clustered,15,10,15,0,592,0.028,0.0,true
HiddenCover,16384,10,clustered,15,11,15,0,592,0.027800000000000002,0.0,true
HiddenCover,16384,10,clustered,15,12,15,0,592,0.028,0.0,true
HiddenCover,16384,10,clustered,15,13,15,0,592,0.0279,0.0,true
HiddenCover,16384,10,clustered,15,14,15,0,592,0.0283,0.0,true
HiddenCover,16384,10,clustered,15,15,15,0,592,0.029,0.0,true
HiddenCover,16384,10,clustered,15,16,15,0,592,0.0294,0.0,true
HiddenCover,16384,10,clustered,15,17,15,0,592,0.030000000000000002,0.0,true
HiddenCover,16384,10,clustered,15,18,15,0,592,0.0331,0.0,true
HiddenCover,16384,10,clustered,15,19,15,0,592,0.0292,0.0,true
HiddenCover,16384,10,clustered,15,20,15,0,592,0.0292,0.0,true
HiddenCover,16384,10,clustered,15,21,15,0,592,0.0301,0.0,true
HiddenCover,16384,10,clustered,15,22,15,0,592,0.0279,0.0,true
HiddenCover,16384,10,clustered,15,23,15,0,592,0.0279,0.0,true
HiddenCover,16384,10,clustered,15,24,15,0,592,0.027800000000000002,0.0,true
HiddenCover,16384,10,clustered,15,25,15,0,592,0.0283,0.0,true
HiddenCover,16384,10,clustered,15,26,15,0,592,0.027800000000000002,0.0,true
HiddenCover,16384,10,clustered,15,27,15,0,592,0.0279,0.0,true
HiddenCover,16384,10,clustered,15,28,15,0,592,0.027800000000000002,0.0,true
HiddenCover,16384,10,clustered,15,29,15,0,592,0.0279,0.0,true
HiddenCover,16384,10,clustered,16,0,18,0,688,0.0281,0.0,true
HiddenCover,16384,10,clustered,16,1,18,0,688,0.0281,0.0,true
HiddenCover,16384,10,clustered,16,2,18,0,688,0.0283,0.0,true
HiddenCover,16384,10,clustered,16,3,18,0,688,0.0279,0.0,true
HiddenCover,16384,10,clustered,16,4,18,0,688,0.028,0.0,true
HiddenCover,16384,10,clustered,16,5,18,0,688,0.028,0.0,true
HiddenCover,16384,10,clustered,16,6,18,0,688,0.0283,0.0,true
HiddenCover,16384,10,clustered,16,7,18,0,688,0.0279,0.0,true
HiddenCover,16384,10,clustered,16,8,18,0,688,0.0281,0.0,true
HiddenCover,16384,10,clustered,16,9,18,0,688,0.0281,0.0,true
HiddenCover,16384,10,clustered,16,10,18,0,688,0.028,0.0,true
HiddenCover,16384,10,clustered,16,11,18,0,688,0.0283,0.0,true
HiddenCover,16384,10,clustered,16,12,18,0,688,0.028,0.0,true
HiddenCover,16384,10,clustered,16,13,18,0,688,0.0279,0.0,true
HiddenCover,16384,10,clustered,16,14,18,0,688,0.0306,0.0,true
HiddenCover,16384,10,clustered,16,15,18,0,688,0.028399999999999998,0.0,true
HiddenCover,16384,10,clustered,16,16,18,0,688,0.0279,0.0,true
HiddenCover,16384,10,clustered,16,17,18,0,688,0.028,0.0,true
HiddenCover,16384,10,clustered,16,18,18,0,688,0.0279,0.0,true
HiddenCover,16384,10,clustered,16,19,18,0,688,0.0279,0.0,true
HiddenCover,16384,10,clustered,16,20,18,0,688,0.028399999999999998,0.0,true
HiddenCover,16384,10,clustered,16,21,18,0,688,0.028,0.0,true
HiddenCover,16384,10,clustered,16,22,18,0,688,0.028,0.0,true
HiddenCover,16384,10,clustered,16,23,18,0,688,0.028,0.0,true
HiddenCover,16384,10,clustered,16,24,18,0,688,0.0282,0.0,true
HiddenCover,16384,10,clustered,16,25,18,0,688,0.028,0.0,true
HiddenCover,16384,10,clustered,16,26,18,0,688,0.0281,0.0,true
HiddenCover,16384,10,clustered,16,27,18,0,688,0.0279,0.0,true
HiddenCover,16384,10,clustered,16,28,18,0,688,0.027800000000000002,0.0,true
HiddenCover,16384,10,clustered,16,29,18,0,688,0.0282,0.0,true
HiddenCover,16384,10,clustered,17,0,15,0,592,0.0275,0.0,true
HiddenCover,16384,10,clustered,17,1,15,0,592,0.0275,0.0,true
HiddenCover,16384,10,clustered,17,2,15,0,592,0.027800000000000002,0.0,true
HiddenCover,16384,10,clustered,17,3,15,0,592,0.0276,0.0,true
HiddenCover,16384,10,clustered,17,4,15,0,592,0.0275,0.0,true
HiddenCover,16384,10,clustered,17,5,15,0,592,0.0275,0.0,true
HiddenCover,16384,10,clustered,17,6,15,0,592,0.0275,0.0,true
HiddenCover,16384,10,clustered,17,7,15,0,592,0.0277,0.0,true
HiddenCover,16384,10,clustered,17,8,15,0,592,0.0279,0.0,true
HiddenCover,16384,10,clustered,17,9,15,0,592,0.0276,0.0,true
HiddenCover,16384,10,clustered,17,10,15,0,592,0.0277,0.0,true
HiddenCover,16384,10,clustered,17,11,15,0,592,0.0275,0.0,true
HiddenCover,16384,10,clustered,17,12,15,0,592,0.029,0.0,true
HiddenCover,16384,10,clustered,17,13,15,0,592,0.028900000000000002,0.0,true
HiddenCover,16384,10,clustered,17,14,15,0,592,0.028900000000000002,0.0,true
HiddenCover,16384,10,clustered,17,15,15,0,592,0.0288,0.0,true
HiddenCover,16384,10,clustered,17,16,15,0,592,0.0288,0.0,true
HiddenCover,16384,10,clustered,17,17,15,0,592,0.0291,0.0,true
HiddenCover,16384,10,clustered,17,18,15,0,592,0.027800000000000002,0.0,true
HiddenCover,16384,10,clustered,17,19,15,0,592,0.0275,0.0,true
HiddenCover,16384,10,clustered,17,20,15,0,592,0.027299999999999998,0.0,true
HiddenCover,16384,10,clustered,17,21,15,0,592,0.0275,0.0,true
HiddenCover,16384,10,clustered,17,22,15,0,592,0.027399999999999997,0.0,true
HiddenCover,16384,10,clustered,17,23,15,0,592,0.027399999999999997,0.0,true
HiddenCover,16384,10,clustered,17,24,15,0,592,0.027800000000000002,0.0,true
HiddenCover,16384,10,clustered,17,25,15,0,592,0.027399999999999997,0.0,true
HiddenCover,16384,10,clustered,17,26,15,0,592,0.027399999999999997,0.0,true
HiddenCover,16384,10,clustered,17,27,15,0,592,0.027399999999999997,0.0,true
HiddenCover,16384,10,clustered,17,28,15,0,592,0.027399999999999997,0.0,true
HiddenCover,16384,10,clustered,17,29,15,0,592,0.0277,0.0,true
HiddenCover,16384,10,clustered,18,0,13,0,528,0.027399999999999997,0.0,true
HiddenCover,16384,10,clustered,18,1,13,0,528,0.027399999999999997,0.0,true
HiddenCover,16384,10,clustered,18,2,13,0,528,0.027200000000000002,0.0,true
HiddenCover,16384,10,clustered,18,3,13,0,528,0.027399999999999997,0.0,true
HiddenCover,16384,10,clustered,18,4,13,0,528,0.0276,0.0,true
HiddenCover,16384,10,clustered,18,5,13,0,528,0.027299999999999998,0.0,true
HiddenCover,16384,10,clustered,18,6,13,0,528,0.027299999999999998,0.0,true
HiddenCover,16384,10,clustered,18,7,13,0,528,0.027200000000000002,0.0,true
HiddenCover,16384,10,clustered,18,8,13,0,528,0.027299999999999998,0.0,true
HiddenCover,16384,10,clustered,18,9,13,0,528,0.027299999999999998,0.0,true
HiddenCover,16384,10,clustered,18,10,13,0,528,0.0276,0.0,true
HiddenCover,16384,10,clustered,18,11,13,0,528,0.027299999999999998,0.0,true
HiddenCover,16384,10,clustered,18,12,13,0,528,0.0285,0.0,true
HiddenCover,16384,10,clustered,18,13,13,0,528,0.027399999999999997,0.0,true
HiddenCover,16384,10,clustered,18,14,13,0,528,0.027100000000000003,0.0,true
HiddenCover,16384,10,clustered,18,15,13,0,528,0.027100000000000003,0.0,true
HiddenCover,16384,10,clustered,18,16,13,0,528,0.0276,0.0,true
HiddenCover,16384,10,clustered,18,17,13,0,528,0.027399999999999997,0.0,true
HiddenCover,16384,10,clustered,18,18,13,0,528,0.0286,0.0,true
HiddenCover,16384,10,clustered,18,19,13,0,528,0.0285,0.0,true
HiddenCover,16384,10,clustered,18,20,13,0,528,0.0297,0.0,true
HiddenCover,16384,10,clustered,18,21,13,0,528,0.0297,0.0,true
HiddenCover,16384,10,clustered,18,22,13,0,528,0.0276,0.0,true
HiddenCover,16384,10,clustered,18,23,13,0,528,0.027200000000000002,0.0,true
HiddenCover,16384,10,clustered,18,24,13,0,528,0.027299999999999998,0.0,true
HiddenCover,16384,10,clustered,18,25,13,0,528,0.027200000000000002,0.0,true
HiddenCover,16384,10,clustered,18,26,13,0,528,0.027299999999999998,0.0,true
HiddenCover,16384,10,clustered,18,27,13,0,528,0.027299999999999998,0.0,true
HiddenCover,16384,10,clustered,18,28,13,0,528,0.0275,0.0,true
HiddenCover,16384,10,clustered,18,29,13,0,528,0.027200000000000002,0.0,true
HiddenCover,16384,10,clustered,19,0,13,0,528,0.027399999999999997,0.0,true
HiddenCover,16384,10,clustered,19,1,13,0,528,0.0275,0.0,true
HiddenCover,16384,10,clustered,19,2,13,0,528,0.027399999999999997,0.0,true
HiddenCover,16384,10,clustered,19,3,13,0,528,0.027399999999999997,0.0,true
HiddenCover,16384,10,clustered,19,4,13,0,528,0.027800000000000002,0.0,true
HiddenCover,16384,10,clustered,19,5,13,0,528,0.0275,0.0,true
HiddenCover,16384,10,clustered,19,6,13,0,528,0.0275,0.0,true
HiddenCover,16384,10,clustered,19,7,13,0,528,0.0275,0.0,true
HiddenCover,16384,10,clustered,19,8,13,0,528,0.0275,0.0,true
HiddenCover,16384,10,clustered,19,9,13,0,528,0.027399999999999997,0.0,true
HiddenCover,16384,10,clustered,19,10,13,0,528,0.0277,0.0,true
HiddenCover,16384,10,clustered,19,11,13,0,528,0.027399999999999997,0.0,true
HiddenCover,16384,10,clustered,19,12,13,0,528,0.0291,0.0,true
HiddenCover,16384,10,clustered,19,13,13,0,528,0.0288,0.0,true
HiddenCover,16384,10,clustered,19,14,13,0,528,0.028900000000000002,0.0,true
HiddenCover,16384,10,clustered,19,15,13,0,528,0.0288,0.0,true
HiddenCover,16384,10,clustered,19,16,13,0,528,0.0292,0.0,true
HiddenCover,16384,10,clustered,19,17,13,0,528,0.0287,0.0,true
HiddenCover,16384,10,clustered,19,18,13,0,528,0.027399999999999997,0.0,true
HiddenCover,16384,10,clustered,19,19,13,0,528,0.027399999999999997,0.0,true
HiddenCover,16384,10,clustered,19,20,13,0,528,0.027399999999999997,0.0,true
HiddenCover,16384,10,clustered,19,21,13,0,528,0.027399999999999997,0.0,true
HiddenCover,16384,10,clustered,19,22,13,0,528,0.0277,0.0,true
HiddenCover,16384,10,clustered,19,23,13,0,528,0.0275,0.0,true
HiddenCover,16384,10,clustered,19,24,13,0,528,0.027399999999999997,0.0,true
HiddenCover,16384,10,clustered,19,25,13,0,528,0.027399999999999997,0.0,true
HiddenCover,16384,10,clustered,19,26,13,0,528,0.027399999999999997,0.0,true
HiddenCover,16384,10,clustered,19,27,13,0,528,0.027399999999999997,0.0,true
HiddenCover,16384,10,clustered,19,28,13,0,528,0.0277,0.0,true
HiddenCover,16384,10,clustered,19,29,13,0,528,0.027399999999999997,0.0,true
HiddenCover,16384,10,random,0,0,101,0,3344,0.0432,0.0,true
HiddenCover,16384,10,random,0,1,101,0,3344,0.0434,0.0,true
HiddenCover,16384,10,random,0,2,101,0,3344,0.0429,0.0,true
HiddenCover,16384,10,random,0,3,101,0,3344,0.0428,0.0,true
HiddenCover,16384,10,random,0,4,101,0,3344,0.0441,0.0,true
HiddenCover,16384,10,random,0,5,101,0,3344,0.043000000000000003,0.0,true
HiddenCover,16384,10,random,0,6,101,0,3344,0.043000000000000003,0.0,true
HiddenCover,16384,10,random,0,7,101,0,3344,0.043699999999999996,0.0,true
HiddenCover,16384,10,random,0,8,101,0,3344,0.0427,0.0,true
HiddenCover,16384,10,random,0,9,101,0,3344,0.0428,0.0,true
HiddenCover,16384,10,random,0,10,101,0,3344,0.0445,0.0,true
HiddenCover,16384,10,random,0,11,101,0,3344,0.045200000000000004,0.0,true
HiddenCover,16384,10,random,0,12,101,0,3344,0.045899999999999996,0.0,true
HiddenCover,16384,10,random,0,13,101,0,3344,0.0428,0.0,true
HiddenCover,16384,10,random,0,14,101,0,3344,0.0427,0.0,true
HiddenCover,16384,10,random,0,15,101,0,3344,0.0429,0.0,true
HiddenCover,16384,10,random,0,16,101,0,3344,0.0428,0.0,true
HiddenCover,16384,10,random,0,17,101,0,3344,0.0436,0.0,true
HiddenCover,16384,10,random,0,18,101,0,3344,0.0428,0.0,true
HiddenCover,16384,10,random,0,19,101,0,3344,0.0428,0.0,true
HiddenCover,16384,10,random,0,20,101,0,3344,0.0427,0.0,true
HiddenCover,16384,10,random,0,21,101,0,3344,0.0429,0.0,true
HiddenCover,16384,10,random,0,22,101,0,3344,0.043000000000000003,0.0,true
HiddenCover,16384,10,random,0,23,101,0,3344,0.0428,0.0,true
HiddenCover,16384,10,random,0,24,101,0,3344,0.0427,0.0,true
HiddenCover,16384,10,random,0,25,101,0,3344,0.043000000000000003,0.0,true
HiddenCover,16384,10,random,0,26,101,0,3344,0.0427,0.0,true
HiddenCover,16384,10,random,0,27,101,0,3344,0.0449,0.0,true
HiddenCover,16384,10,random,0,28,101,0,3344,0.045000000000000005,0.0,true
HiddenCover,16384,10,random,0,29,101,0,3344,0.045000000000000005,0.0,true
HiddenCover,16384,10,random,1,0,99,0,3280,0.0423,0.0,true
HiddenCover,16384,10,random,1,1,99,0,3280,0.0427,0.0,true
HiddenCover,16384,10,random,1,2,99,0,3280,0.0423,0.0,true
HiddenCover,16384,10,random,1,3,99,0,3280,0.0421,0.0,true
HiddenCover,16384,10,random,1,4,99,0,3280,0.0427,0.0,true
HiddenCover,16384,10,random,1,5,99,0,3280,0.0427,0.0,true
HiddenCover,16384,10,random,1,6,99,0,3280,0.0425,0.0,true
HiddenCover,16384,10,random,1,7,99,0,3280,0.0425,0.0,true
HiddenCover,16384,10,random,1,8,99,0,3280,0.0427,0.0,true
HiddenCover,16384,10,random,1,9,99,0,3280,0.0425,0.0,true
HiddenCover,16384,10,random,1,10,99,0,3280,0.0425,0.0,true
HiddenCover,16384,10,random,1,11,99,0,3280,0.0448,0.0,true
HiddenCover,16384,10,random,1,12,99,0,3280,0.0424,0.0,true
HiddenCover,16384,10,random,1,13,99,0,3280,0.0425,0.0,true
HiddenCover,16384,10,random,1,14,99,0,3280,0.0422,0.0,true
HiddenCover,16384,10,random,1,15,99,0,3280,0.0422,0.0,true
HiddenCover,16384,10,random,1,16,99,0,3280,0.0424,0.0,true
HiddenCover,16384,10,random,1,17,99,0,3280,0.0424,0.0,true
HiddenCover,16384,10,random,1,18,99,0,3280,0.0425,0.0,true
HiddenCover,16384,10,random,1,19,99,0,3280,0.0427,0.0,true
HiddenCover,16384,10,random,1,20,99,0,3280,0.0423,0.0,true
HiddenCover,16384,10,random,1,21,99,0,3280,0.0426,0.0,true
HiddenCover,16384,10,random,1,22,99,0,3280,0.0423,0.0,true
HiddenCover,16384,10,random,1,23,99,0,3280,0.0422,0.0,true
HiddenCover,16384,10,random,1,24,99,0,3280,0.0426,0.0,true
HiddenCover,16384,10,random,1,25,99,0,3280,0.0423,0.0,true
HiddenCover,16384,10,random,1,26,99,0,3280,0.0422,0.0,true
HiddenCover,16384,10,random,1,27,99,0,3280,0.0423,0.0,true
HiddenCover,16384,10,random,1,28,99,0,3280,0.0421,0.0,true
HiddenCover,16384,10,random,1,29,99,0,3280,0.0425,0.0,true
HiddenCover,16384,10,random,2,0,97,0,3216,0.0478,0.0,true
HiddenCover,16384,10,random,2,1,97,0,3216,0.0555,0.0,true
HiddenCover,16384,10,random,2,2,97,0,3216,0.0483,0.0,true
HiddenCover,16384,10,random,2,3,97,0,3216,0.0461,0.0,true
HiddenCover,16384,10,random,2,4,97,0,3216,0.0443,0.0,true
HiddenCover,16384,10,random,2,5,97,0,3216,0.0446,0.0,true
HiddenCover,16384,10,random,2,6,97,0,3216,0.0519,0.0,true
HiddenCover,16384,10,random,2,7,97,0,3216,0.044700000000000004,0.0,true
HiddenCover,16384,10,random,2,8,97,0,3216,0.046400000000000004,0.0,true
HiddenCover,16384,10,random,2,9,97,0,3216,0.0443,0.0,true
HiddenCover,16384,10,random,2,10,97,0,3216,0.045899999999999996,0.0,true
HiddenCover,16384,10,random,2,11,97,0,3216,0.0443,0.0,true
HiddenCover,16384,10,random,2,12,97,0,3216,0.0444,0.0,true
HiddenCover,16384,10,random,2,13,97,0,3216,0.044199999999999996,0.0,true
HiddenCover,16384,10,random,2,14,97,0,3216,0.0475,0.0,true
HiddenCover,16384,10,random,2,15,97,0,3216,0.145,0.0,true
HiddenCover,16384,10,random,2,16,97,0,3216,0.0886,0.0,true
HiddenCover,16384,10,random,2,17,97,0,3216,0.0868,0.0,true
HiddenCover,16384,10,random,2,18,97,0,3216,0.0645,0.0,true
HiddenCover,16384,10,random,2,19,97,0,3216,0.0678,0.0,true
HiddenCover,16384,10,random,2,20,97,0,3216,0.0675,0.0,true
HiddenCover,16384,10,random,2,21,97,0,3216,0.059,0.0,true
HiddenCover,16384,10,random,2,22,97,0,3216,0.09079999999999999,0.0,true
HiddenCover,16384,10,random,2,23,97,0,3216,0.1037,0.0,true
HiddenCover,16384,10,random,2,24,97,0,3216,0.0735,0.0,true
HiddenCover,16384,10,random,2,25,97,0,3216,0.0984,0.0,true
HiddenCover,16384,10,random,2,26,97,0,3216,0.06899999999999999,0.0,true
HiddenCover,16384,10,random,2,27,97,0,3216,0.0653,0.0,true
HiddenCover,16384,10,random,2,28,97,0,3216,0.0639,0.0,true
HiddenCover,16384,10,random,2,29,97,0,3216,0.0654,0.0,true
HiddenCover,16384,10,random,3,0,104,0,3440,0.0455,0.0,true
HiddenCover,16384,10,random,3,1,104,0,3440,0.0453,0.0,true
HiddenCover,16384,10,random,3,2,104,0,3440,0.045399999999999996,0.0,true
HiddenCover,16384,10,random,3,3,104,0,3440,0.0467,0.0,true
HiddenCover,16384,10,random,3,4,104,0,3440,0.0467,0.0,true
HiddenCover,16384,10,random,3,5,104,0,3440,0.0439,0.0,true
HiddenCover,16384,10,random,3,6,104,0,3440,0.043300000000000005,0.0,true
HiddenCover,16384,10,random,3,7,104,0,3440,0.045200000000000004,0.0,true
HiddenCover,16384,10,random,3,8,104,0,3440,0.0493,0.0,true
HiddenCover,16384,10,random,3,9,104,0,3440,0.061099999999999995,0.0,true
HiddenCover,16384,10,random,3,10,104,0,3440,0.0555,0.0,true
HiddenCover,16384,10,random,3,11,104,0,3440,0.0488,0.0,true
HiddenCover,16384,10,random,3,12,104,0,3440,0.0461,0.0,true
HiddenCover,16384,10,random,3,13,104,0,3440,0.047299999999999995,0.0,true
HiddenCover,16384,10,random,3,14,104,0,3440,0.049,0.0,true
HiddenCover,16384,10,random,3,15,104,0,3440,0.0516,0.0,true
HiddenCover,16384,10,random,3,16,104,0,3440,0.0466,0.0,true
HiddenCover,16384,10,random,3,17,104,0,3440,0.0466,0.0,true
HiddenCover,16384,10,random,3,18,104,0,3440,0.0475,0.0,true
HiddenCover,16384,10,random,3,19,104,0,3440,0.0603,0.0,true
HiddenCover,16384,10,random,3,20,104,0,3440,0.0506,0.0,true
HiddenCover,16384,10,random,3,21,104,0,3440,0.0502,0.0,true
HiddenCover,16384,10,random,3,22,104,0,3440,0.045599999999999995,0.0,true
HiddenCover,16384,10,random,3,23,104,0,3440,0.045399999999999996,0.0,true
HiddenCover,16384,10,random,3,24,104,0,3440,0.044700000000000004,0.0,true
HiddenCover,16384,10,random,3,25,104,0,3440,0.0431,0.0,true
HiddenCover,16384,10,random,3,26,104,0,3440,0.0446,0.0,true
HiddenCover,16384,10,random,3,27,104,0,3440,0.047299999999999995,0.0,true
HiddenCover,16384,10,random,3,28,104,0,3440,0.0471,0.0,true
HiddenCover,16384,10,random,3,29,104,0,3440,0.054400000000000004,0.0,true
HiddenCover,16384,10,random,4,0,101,0,3344,0.044700000000000004,0.0,true
HiddenCover,16384,10,random,4,1,101,0,3344,0.0448,0.0,true
HiddenCover,16384,10,random,4,2,101,0,3344,0.0462,0.0,true
HiddenCover,16384,10,random,4,3,101,0,3344,0.0458,0.0,true
HiddenCover,16384,10,random,4,4,101,0,3344,0.044700000000000004,0.0,true
HiddenCover,16384,10,random,4,5,101,0,3344,0.044700000000000004,0.0,true
HiddenCover,16384,10,random,4,6,101,0,3344,0.0446,0.0,true
HiddenCover,16384,10,random,4,7,101,0,3344,0.044700000000000004,0.0,true
HiddenCover,16384,10,random,4,8,101,0,3344,0.0451,0.0,true
HiddenCover,16384,10,random,4,9,101,0,3344,0.0449,0.0,true
HiddenCover,16384,10,random,4,10,101,0,3344,0.045200000000000004,0.0,true
HiddenCover,16384,10,random,4,11,101,0,3344,0.056,0.0,true
HiddenCover,16384,10,random,4,12,101,0,3344,0.0451,0.0,true
HiddenCover,16384,10,random,4,13,101,0,3344,0.045200000000000004,0.0,true
HiddenCover,16384,10,random,4,14,101,0,3344,0.0465,0.0,true
HiddenCover,16384,10,random,4,15,101,0,3344,0.0446,0.0,true
HiddenCover,16384,10,random,4,16,101,0,3344,0.044700000000000004,0.0,true
HiddenCover,16384,10,random,4,17,101,0,3344,0.044700000000000004,0.0,true
HiddenCover,16384,10,random,4,18,101,0,3344,0.0448,0.0,true
HiddenCover,16384,10,random,4,19,101,0,3344,0.045399999999999996,0.0,true
HiddenCover,16384,10,random,4,20,101,0,3344,0.0449,0.0,true
HiddenCover,16384,10,random,4,21,101,0,3344,0.0449,0.0,true
HiddenCover,16384,10,random,4,22,101,0,3344,0.0448,0.0,true
HiddenCover,16384,10,random,4,23,101,0,3344,0.0448,0.0,true
HiddenCover,16384,10,random,4,24,101,0,3344,0.045000000000000005,0.0,true
HiddenCover,16384,10,random,4,25,101,0,3344,0.0449,0.0,true
HiddenCover,16384,10,random,4,26,101,0,3344,0.0449,0.0,true
HiddenCover,16384,10,random,4,27,101,0,3344,0.0448,0.0,true
HiddenCover,16384,10,random,4,28,101,0,3344,0.044700000000000004,0.0,true
HiddenCover,16384,10,random,4,29,101,0,3344,0.0451,0.0,true
HiddenCover,16384,10,random,5,0,104,0,3440,0.045000000000000005,0.0,true
HiddenCover,16384,10,random,5,1,104,0,3440,0.0457,0.0,true
HiddenCover,16384,10,random,5,2,104,0,3440,0.045399999999999996,0.0,true
HiddenCover,16384,10,random,5,3,104,0,3440,0.045200000000000004,0.0,true
HiddenCover,16384,10,random,5,4,104,0,3440,0.0453,0.0,true
HiddenCover,16384,10,random,5,5,104,0,3440,0.045399999999999996,0.0,true
HiddenCover,16384,10,random,5,6,104,0,3440,0.045000000000000005,0.0,true
HiddenCover,16384,10,random,5,7,104,0,3440,0.0449,0.0,true
HiddenCover,16384,10,random,5,8,104,0,3440,0.0451,0.0,true
HiddenCover,16384,10,random,5,9,104,0,3440,0.045599999999999995,0.0,true
HiddenCover,16384,10,random,5,10,104,0,3440,0.045000000000000005,0.0,true
HiddenCover,16384,10,random,5,11,104,0,3440,0.045200000000000004,0.0,true
HiddenCover,16384,10,random,5,12,104,0,3440,0.045200000000000004,0.0,true
HiddenCover,16384,10,random,5,13,104,0,3440,0.045200000000000004,0.0,true
HiddenCover,16384,10,random,5,14,104,0,3440,0.045599999999999995,0.0,true
HiddenCover,16384,10,random,5,15,104,0,3440,0.0466,0.0,true
HiddenCover,16384,10,random,5,16,104,0,3440,0.0507,0.0,true
HiddenCover,16384,10,random,5,17,104,0,3440,0.0455,0.0,true
HiddenCover,16384,10,random,5,18,104,0,3440,0.0453,0.0,true
HiddenCover,16384,10,random,5,19,104,0,3440,0.045200000000000004,0.0,true
HiddenCover,16384,10,random,5,20,104,0,3440,0.045000000000000005,0.0,true
HiddenCover,16384,10,random,5,21,104,0,3440,0.045000000000000005,0.0,true
HiddenCover,16384,10,random,5,22,104,0,3440,0.045399999999999996,0.0,true
HiddenCover,16384,10,random,5,23,104,0,3440,0.045200000000000004,0.0,true
HiddenCover,16384,10,random,5,24,104,0,3440,0.0453,0.0,true
HiddenCover,16384,10,random,5,25,104,0,3440,0.0455,0.0,true
HiddenCover,16384,10,random,5,26,104,0,3440,0.0453,0.0,true
HiddenCover,16384,10,random,5,27,104,0,3440,0.0458,0.0,true
HiddenCover,16384,10,random,5,28,104,0,3440,0.045200000000000004,0.0,true
HiddenCover,16384,10,random,5,29,104,0,3440,0.045200000000000004,0.0,true
HiddenCover,16384,10,random,6,0,92,0,3056,0.043000000000000003,0.0,true
HiddenCover,16384,10,random,6,1,92,0,3056,0.043000000000000003,0.0,true
HiddenCover,16384,10,random,6,2,92,0,3056,0.0431,0.0,true
HiddenCover,16384,10,random,6,3,92,0,3056,0.0429,0.0,true
HiddenCover,16384,10,random,6,4,92,0,3056,0.0431,0.0,true
HiddenCover,16384,10,random,6,5,92,0,3056,0.043000000000000003,0.0,true
HiddenCover,16384,10,random,6,6,92,0,3056,0.0429,0.0,true
HiddenCover,16384,10,random,6,7,92,0,3056,0.0436,0.0,true
HiddenCover,16384,10,random,6,8,92,0,3056,0.043000000000000003,0.0,true
HiddenCover,16384,10,random,6,9,92,0,3056,0.043000000000000003,0.0,true
HiddenCover,16384,10,random,6,10,92,0,3056,0.0429,0.0,true
HiddenCover,16384,10,random,6,11,92,0,3056,0.043000000000000003,0.0,true
HiddenCover,16384,10,random,6,12,92,0,3056,0.0429,0.0,true
HiddenCover,16384,10,random,6,13,92,0,3056,0.043000000000000003,0.0,true
HiddenCover,16384,10,random,6,14,92,0,3056,0.0431,0.0,true
HiddenCover,16384,10,random,6,15,92,0,3056,0.0429,0.0,true
HiddenCover,16384,10,random,6,16,92,0,3056,0.0431,0.0,true
HiddenCover,16384,10,random,6,17,92,0,3056,0.043000000000000003,0.0,true
HiddenCover,16384,10,random,6,18,92,0,3056,0.0435,0.0,true
HiddenCover,16384,10,random,6,19,92,0,3056,0.0432,0.0,true
HiddenCover,16384,10,random,6,20,92,0,3056,0.043000000000000003,0.0,true
HiddenCover,16384,10,random,6,21,92,0,3056,0.0434,0.0,true
HiddenCover,16384,10,random,6,22,92,0,3056,0.043000000000000003,0.0,true
HiddenCover,16384,10,random,6,23,92,0,3056,0.043000000000000003,0.0,true
HiddenCover,16384,10,random,6,24,92,0,3056,0.0429,0.0,true
HiddenCover,16384,10,random,6,25,92,0,3056,0.0432,0.0,true
HiddenCover,16384,10,random,6,26,92,0,3056,0.043000000000000003,0.0,true
HiddenCover,16384,10,random,6,27,92,0,3056,0.0428,0.0,true
HiddenCover,16384,10,random,6,28,92,0,3056,0.0429,0.0,true
HiddenCover,16384,10,random,6,29,92,0,3056,0.0448,0.0,true
HiddenCover,16384,10,random,7,0,101,0,3344,0.045000000000000005,0.0,true
HiddenCover,16384,10,random,7,1,101,0,3344,0.0451,0.0,true
HiddenCover,16384,10,random,7,2,101,0,3344,0.045000000000000005,0.0,true
HiddenCover,16384,10,random,7,3,101,0,3344,0.0455,0.0,true
HiddenCover,16384,10,random,7,4,101,0,3344,0.045000000000000005,0.0,true
HiddenCover,16384,10,random,7,5,101,0,3344,0.045000000000000005,0.0,true
HiddenCover,16384,10,random,7,6,101,0,3344,0.0451,0.0,true
HiddenCover,16384,10,random,7,7,101,0,3344,0.0453,0.0,true
HiddenCover,16384,10,random,7,8,101,0,3344,0.045399999999999996,0.0,true
HiddenCover,16384,10,random,7,9,101,0,3344,0.0451,0.0,true
HiddenCover,16384,10,random,7,10,101,0,3344,0.0451,0.0,true
HiddenCover,16384,10,random,7,11,101,0,3344,0.045200000000000004,0.0,true
HiddenCover,16384,10,random,7,12,101,0,3344,0.0451,0.0,true
HiddenCover,16384,10,random,7,13,101,0,3344,0.045599999999999995,0.0,true
HiddenCover,16384,10,random,7,14,101,0,3344,0.0453,0.0,true
HiddenCover,16384,10,random,7,15,101,0,3344,0.045200000000000004,0.0,true
HiddenCover,16384,10,random,7,16,101,0,3344,0.0451,0.0,true
HiddenCover,16384,10,random,7,17,101,0,3344,0.045000000000000005,0.0,true
HiddenCover,16384,10,random,7,18,101,0,3344,0.0455,0.0,true
HiddenCover,16384,10,random,7,19,101,0,3344,0.045000000000000005,0.0,true
HiddenCover,16384,10,random,7,20,101,0,3344,0.0451,0.0,true
HiddenCover,16384,10,random,7,21,101,0,3344,0.0451,0.0,true
HiddenCover,16384,10,random,7,22,101,0,3344,0.0449,0.0,true
HiddenCover,16384,10,random,7,23,101,0,3344,0.0455,0.0,true
HiddenCover,16384,10,random,7,24,101,0,3344,0.045000000000000005,0.0,true
HiddenCover,16384,10,random,7,25,101,0,3344,0.045000000000000005,0.0,true
HiddenCover,16384,10,random,7,26,101,0,3344,0.0448,0.0,true
HiddenCover,16384,10,random,7,27,101,0,3344,0.0451,0.0,true
HiddenCover,16384,10,random,7,28,101,0,3344,0.045399999999999996,0.0,true
HiddenCover,16384,10,random,7,29,101,0,3344,0.0451,0.0,true
HiddenCover,16384,10,random,8,0,93,0,3088,0.0436,0.0,true
HiddenCover,16384,10,random,8,1,93,0,3088,0.0434,0.0,true
HiddenCover,16384,10,random,8,2,93,0,3088,0.043300000000000005,0.0,true
HiddenCover,16384,10,random,8,3,93,0,3088,0.0434,0.0,true
HiddenCover,16384,10,random,8,4,93,0,3088,0.043300000000000005,0.0,true
HiddenCover,16384,10,random,8,5,93,0,3088,0.0434,0.0,true
HiddenCover,16384,10,random,8,6,93,0,3088,0.0434,0.0,true
HiddenCover,16384,10,random,8,7,93,0,3088,0.0434,0.0,true
HiddenCover,16384,10,random,8,8,93,0,3088,0.0431,0.0,true
HiddenCover,16384,10,random,8,9,93,0,3088,0.0436,0.0,true
HiddenCover,16384,10,random,8,10,93,0,3088,0.043699999999999996,0.0,true
HiddenCover,16384,10,random,8,11,93,0,3088,0.047599999999999996,0.0,true
HiddenCover,16384,10,random,8,12,93,0,3088,0.0434,0.0,true
HiddenCover,16384,10,random,8,13,93,0,3088,0.0435,0.0,true
HiddenCover,16384,10,random,8,14,93,0,3088,0.0432,0.0,true
HiddenCover,16384,10,random,8,15,93,0,3088,0.043300000000000005,0.0,true
HiddenCover,16384,10,random,8,16,93,0,3088,0.0431,0.0,true
HiddenCover,16384,10,random,8,17,93,0,3088,0.0434,0.0,true
HiddenCover,16384,10,random,8,18,93,0,3088,0.0434,0.0,true
HiddenCover,16384,10,random,8,19,93,0,3088,0.0432,0.0,true
HiddenCover,16384,10,random,8,20,93,0,3088,0.043699999999999996,0.0,true
HiddenCover,16384,10,random,8,21,93,0,3088,0.0431,0.0,true
HiddenCover,16384,10,random,8,22,93,0,3088,0.043300000000000005,0.0,true
HiddenCover,16384,10,random,8,23,93,0,3088,0.043300000000000005,0.0,true
HiddenCover,16384,10,random,8,24,93,0,3088,0.043300000000000005,0.0,true
HiddenCover,16384,10,random,8,25,93,0,3088,0.043300000000000005,0.0,true
HiddenCover,16384,10,random,8,26,93,0,3088,0.0432,0.0,true
HiddenCover,16384,10,random,8,27,93,0,3088,0.043300000000000005,0.0,true
HiddenCover,16384,10,random,8,28,93,0,3088,0.0431,0.0,true
HiddenCover,16384,10,random,8,29,93,0,3088,0.0435,0.0,true
HiddenCover,16384,10,random,9,0,105,0,3472,0.0455,0.0,true
HiddenCover,16384,10,random,9,1,105,0,3472,0.0458,0.0,true
HiddenCover,16384,10,random,9,2,105,0,3472,0.045599999999999995,0.0,true
HiddenCover,16384,10,random,9,3,105,0,3472,0.045399999999999996,0.0,true
HiddenCover,16384,10,random,9,4,105,0,3472,0.045399999999999996,0.0,true
HiddenCover,16384,10,random,9,5,105,0,3472,0.0458,0.0,true
HiddenCover,16384,10,random,9,6,105,0,3472,0.0453,0.0,true
HiddenCover,16384,10,random,9,7,105,0,3472,0.045599999999999995,0.0,true
HiddenCover,16384,10,random,9,8,105,0,3472,0.0455,0.0,true
HiddenCover,16384,10,random,9,9,105,0,3472,0.045899999999999996,0.0,true
HiddenCover,16384,10,random,9,10,105,0,3472,0.045599999999999995,0.0,true
HiddenCover,16384,10,random,9,11,105,0,3472,0.0453,0.0,true
HiddenCover,16384,10,random,9,12,105,0,3472,0.0455,0.0,true
HiddenCover,16384,10,random,9,13,105,0,3472,0.0458,0.0,true
HiddenCover,16384,10,random,9,14,105,0,3472,0.0455,0.0,true
HiddenCover,16384,10,random,9,15,105,0,3472,0.045599999999999995,0.0,true
HiddenCover,16384,10,random,9,16,105,0,3472,0.0466,0.0,true
HiddenCover,16384,10,random,9,17,105,0,3472,0.047,0.0,true
HiddenCover,16384,10,random,9,18,105,0,3472,0.0463,0.0,true
HiddenCover,16384,10,random,9,19,105,0,3472,0.045399999999999996,0.0,true
HiddenCover,16384,10,random,9,20,105,0,3472,0.0453,0.0,true
HiddenCover,16384,10,random,9,21,105,0,3472,0.045899999999999996,0.0,true
HiddenCover,16384,10,random,9,22,105,0,3472,0.045399999999999996,0.0,true
HiddenCover,16384,10,random,9,23,105,0,3472,0.045899999999999996,0.0,true
HiddenCover,16384,10,random,9,24,105,0,3472,0.045599999999999995,0.0,true
HiddenCover,16384,10,random,9,25,105,0,3472,0.045899999999999996,0.0,true
HiddenCover,16384,10,random,9,26,105,0,3472,0.0453,0.0,true
HiddenCover,16384,10,random,9,27,105,0,3472,0.0453,0.0,true
HiddenCover,16384,10,random,9,28,105,0,3472,0.045200000000000004,0.0,true
HiddenCover,16384,10,random,9,29,105,0,3472,0.045599999999999995,0.0,true
HiddenCover,16384,10,random,10,0,96,0,3184,0.0443,0.0,true
HiddenCover,16384,10,random,10,1,96,0,3184,0.044,0.0,true
HiddenCover,16384,10,random,10,2,96,0,3184,0.0439,0.0,true
HiddenCover,16384,10,random,10,3,96,0,3184,0.0439,0.0,true
HiddenCover,16384,10,random,10,4,96,0,3184,0.0439,0.0,true
HiddenCover,16384,10,random,10,5,96,0,3184,0.0439,0.0,true
HiddenCover,16384,10,random,10,6,96,0,3184,0.044199999999999996,0.0,true
HiddenCover,16384,10,random,10,7,96,0,3184,0.0443,0.0,true
HiddenCover,16384,10,random,10,8,96,0,3184,0.044199999999999996,0.0,true
HiddenCover,16384,10,random,10,9,96,0,3184,0.044,0.0,true
HiddenCover,16384,10,random,10,10,96,0,3184,0.0441,0.0,true
HiddenCover,16384,10,random,10,11,96,0,3184,0.0439,0.0,true
HiddenCover,16384,10,random,10,12,96,0,3184,0.044,0.0,true
HiddenCover,16384,10,random,10,13,96,0,3184,0.0441,0.0,true
HiddenCover,16384,10,random,10,14,96,0,3184,0.044199999999999996,0.0,true
HiddenCover,16384,10,random,10,15,96,0,3184,0.0445,0.0,true
HiddenCover,16384,10,random,10,16,96,0,3184,0.0439,0.0,true
HiddenCover,16384,10,random,10,17,96,0,3184,0.0438,0.0,true
HiddenCover,16384,10,random,10,18,96,0,3184,0.0441,0.0,true
HiddenCover,16384,10,random,10,19,96,0,3184,0.0441,0.0,true
HiddenCover,16384,10,random,10,20,96,0,3184,0.0439,0.0,true
HiddenCover,16384,10,random,10,21,96,0,3184,0.0439,0.0,true
HiddenCover,16384,10,random,10,22,96,0,3184,0.0444,0.0,true
HiddenCover,16384,10,random,10,23,96,0,3184,0.055600000000000004,0.0,true
HiddenCover,16384,10,random,10,24,96,0,3184,0.061,0.0,true
HiddenCover,16384,10,random,10,25,96,0,3184,0.0524,0.0,true
HiddenCover,16384,10,random,10,26,96,0,3184,0.048900000000000006,0.0,true
HiddenCover,16384,10,random,10,27,96,0,3184,0.0477,0.0,true
HiddenCover,16384,10,random,10,28,96,0,3184,0.0457,0.0,true
HiddenCover,16384,10,random,10,29,96,0,3184,0.0507,0.0,true
HiddenCover,16384,10,random,11,0,100,0,3312,0.044700000000000004,0.0,true
HiddenCover,16384,10,random,11,1,100,0,3312,0.0449,0.0,true
HiddenCover,16384,10,random,11,2,100,0,3312,0.0449,0.0,true
HiddenCover,16384,10,random,11,3,100,0,3312,0.0449,0.0,true
HiddenCover,16384,10,random,11,4,100,0,3312,0.045000000000000005,0.0,true
HiddenCover,16384,10,random,11,5,100,0,3312,0.044700000000000004,0.0,true
HiddenCover,16384,10,random,11,6,100,0,3312,0.045000000000000005,0.0,true
HiddenCover,16384,10,random,11,7,100,0,3312,0.044700000000000004,0.0,true
HiddenCover,16384,10,random,11,8,100,0,3312,0.0448,0.0,true
HiddenCover,16384,10,random,11,9,100,0,3312,0.0451,0.0,true
HiddenCover,16384,10,random,11,10,100,0,3312,0.044700000000000004,0.0,true
HiddenCover,16384,10,random,11,11,100,0,3312,0.0449,0.0,true
HiddenCover,16384,10,random,11,12,100,0,3312,0.0448,0.0,true
HiddenCover,16384,10,random,11,13,100,0,3312,0.044700000000000004,0.0,true
HiddenCover,16384,10,random,11,14,100,0,3312,0.045000000000000005,0.0,true
HiddenCover,16384,10,random,11,15,100,0,3312,0.0446,0.0,true
HiddenCover,16384,10,random,11,16,100,0,3312,0.0446,0.0,true
HiddenCover,16384,10,random,11,17,100,0,3312,0.0462,0.0,true
HiddenCover,16384,10,random,11,18,100,0,3312,0.046,0.0,true
HiddenCover,16384,10,random,11,19,100,0,3312,0.1002,0.0,true
HiddenCover,16384,10,random,11,20,100,0,3312,0.0609,0.0,true
HiddenCover,16384,10,random,11,21,100,0,3312,0.0574,0.0,true
HiddenCover,16384,10,random,11,22,100,0,3312,0.0853,0.0,true
HiddenCover,16384,10,random,11,23,100,0,3312,0.0637,0.0,true
HiddenCover,16384,10,random,11,24,100,0,3312,0.0996,0.0,true
HiddenCover,16384,10,random,11,25,100,0,3312,0.0959,0.0,true
HiddenCover,16384,10,random,11,26,100,0,3312,0.10179999999999999,0.0,true
HiddenCover,16384,10,random,11,27,100,0,3312,0.0609,0.0,true
HiddenCover,16384,10,random,11,28,100,0,3312,0.0665,0.0,true
HiddenCover,16384,10,random,11,29,100,0,3312,0.0583,0.0,true
HiddenCover,16384,10,random,12,0,99,0,3280,0.061500000000000006,0.0,true
HiddenCover,16384,10,random,12,1,99,0,3280,0.0594,0.0,true
HiddenCover,16384,10,random,12,2,99,0,3280,0.0598,0.0,true
HiddenCover,16384,10,random,12,3,99,0,3280,0.0597,0.0,true
HiddenCover,16384,10,random,12,4,99,0,3280,0.0612,0.0,true
HiddenCover,16384,10,random,12,5,99,0,3280,0.060399999999999995,0.0,true
HiddenCover,16384,10,random,12,6,99,0,3280,0.060000000000000005,0.0,true
HiddenCover,16384,10,random,12,7,99,0,3280,0.0614,0.0,true
HiddenCover,16384,10,random,12,8,99,0,3280,0.0629,0.0,true
HiddenCover,16384,10,random,12,9,99,0,3280,0.058699999999999995,0.0,true
HiddenCover,16384,10,random,12,10,99,0,3280,0.0586,0.0,true
HiddenCover,16384,10,random,12,11,99,0,3280,0.056799999999999996,0.0,true
HiddenCover,16384,10,random,12,12,99,0,3280,0.0684,0.0,true
HiddenCover,16384,10,random,12,13,99,0,3280,0.056499999999999995,0.0,true
HiddenCover,16384,10,random,12,14,99,0,3280,0.076,0.0,true
HiddenCover,16384,10,random,12,15,99,0,3280,0.054799999999999995,0.0,true
HiddenCover,16384,10,random,12,16,99,0,3280,0.0575,0.0,true
HiddenCover,16384,10,random,12,17,99,0,3280,0.060000000000000005,0.0,true
HiddenCover,16384,10,random,12,18,99,0,3280,0.0593,0.0,true
HiddenCover,16384,10,random,12,19,99,0,3280,0.0605,0.0,true
HiddenCover,16384,10,random,12,20,99,0,3280,0.0594,0.0,true
HiddenCover,16384,10,random,12,21,99,0,3280,0.0634,0.0,true
HiddenCover,16384,10,random,12,22,99,0,3280,0.077,0.0,true
HiddenCover,16384,10,random,12,23,99,0,3280,0.0605,0.0,true
HiddenCover,16384,10,random,12,24,99,0,3280,0.0633,0.0,true
HiddenCover,16384,10,random,12,25,99,0,3280,0.0596,0.0,true
HiddenCover,16384,10,random,12,26,99,0,3280,0.0631,0.0,true
HiddenCover,16384,10,random,12,27,99,0,3280,0.0733,0.0,true
HiddenCover,16384,10,random,12,28,99,0,3280,0.0684,0.0,true
HiddenCover,16384,10,random,12,29,99,0,3280,0.0666,0.0,true
HiddenCover,16384,10,random,13,0,99,0,3280,0.0569,0.0,true
HiddenCover,16384,10,random,13,1,99,0,3280,0.0549,0.0,true
HiddenCover,16384,10,random,13,2,99,0,3280,0.054400000000000004,0.0,true
HiddenCover,16384,10,random,13,3,99,0,3280,0.0586,0.0,true
HiddenCover,16384,10,random,13,4,99,0,3280,0.0598,0.0,true
HiddenCover,16384,10,random,13,5,99,0,3280,0.0555,0.0,true
HiddenCover,16384,10,random,13,6,99,0,3280,0.062299999999999994,0.0,true
HiddenCover,16384,10,random,13,7,99,0,3280,0.0599,0.0,true
HiddenCover,16384,10,random,13,8,99,0,3280,0.0687,0.0,true
HiddenCover,16384,10,random,13,9,99,0,3280,0.058699999999999995,0.0,true
HiddenCover,16384,10,random,13,10,99,0,3280,0.0584,0.0,true
HiddenCover,16384,10,random,13,11,99,0,3280,0.061099999999999995,0.0,true
HiddenCover,16384,10,random,13,12,99,0,3280,0.06430000000000001,0.0,true
HiddenCover,16384,10,random,13,13,99,0,3280,0.0649,0.0,true
HiddenCover,16384,10,random,13,14,99,0,3280,0.0646,0.0,true
HiddenCover,16384,10,random,13,15,99,0,3280,0.0612,0.0,true
HiddenCover,16384,10,random,13,16,99,0,3280,0.0593,0.0,true
HiddenCover,16384,10,random,13,17,99,0,3280,0.0429,0.0,true
HiddenCover,16384,10,random,13,18,99,0,3280,0.0422,0.0,true
HiddenCover,16384,10,random,13,19,99,0,3280,0.0426,0.0,true
HiddenCover,16384,10,random,13,20,99,0,3280,0.044700000000000004,0.0,true
HiddenCover,16384,10,random,13,21,99,0,3280,0.0444,0.0,true
HiddenCover,16384,10,random,13,22,99,0,3280,0.0451,0.0,true
HiddenCover,16384,10,random,13,23,99,0,3280,0.0422,0.0,true
HiddenCover,16384,10,random,13,24,99,0,3280,0.0421,0.0,true
HiddenCover,16384,10,random,13,25,99,0,3280,0.0423,0.0,true
HiddenCover,16384,10,random,13,26,99,0,3280,0.0427,0.0,true
HiddenCover,16384,10,random,13,27,99,0,3280,0.0427,0.0,true
HiddenCover,16384,10,random,13,28,99,0,3280,0.060399999999999995,0.0,true
HiddenCover,16384,10,random,13,29,99,0,3280,0.0443,0.0,true
HiddenCover,16384,10,random,14,0,103,0,3408,0.043300000000000005,0.0,true
HiddenCover,16384,10,random,14,1,103,0,3408,0.043300000000000005,0.0,true
HiddenCover,16384,10,random,14,2,103,0,3408,0.0435,0.0,true
HiddenCover,16384,10,random,14,3,103,0,3408,0.0432,0.0,true
HiddenCover,16384,10,random,14,4,103,0,3408,0.0435,0.0,true
HiddenCover,16384,10,random,14,5,103,0,3408,0.0432,0.0,true
HiddenCover,16384,10,random,14,6,103,0,3408,0.0431,0.0,true
HiddenCover,16384,10,random,14,7,103,0,3408,0.043300000000000005,0.0,true
HiddenCover,16384,10,random,14,8,103,0,3408,0.043300000000000005,0.0,true
HiddenCover,16384,10,random,14,9,103,0,3408,0.0432,0.0,true
HiddenCover,16384,10,random,14,10,103,0,3408,0.0435,0.0,true
HiddenCover,16384,10,random,14,11,103,0,3408,0.0434,0.0,true
HiddenCover,16384,10,random,14,12,103,0,3408,0.043300000000000005,0.0,true
HiddenCover,16384,10,random,14,13,103,0,3408,0.0436,0.0,true
HiddenCover,16384,10,random,14,14,103,0,3408,0.043300000000000005,0.0,true
HiddenCover,16384,10,random,14,15,103,0,3408,0.0431,0.0,true
HiddenCover,16384,10,random,14,16,103,0,3408,0.0434,0.0,true
HiddenCover,16384,10,random,14,17,103,0,3408,0.0435,0.0,true
HiddenCover,16384,10,random,14,18,103,0,3408,0.043300000000000005,0.0,true
HiddenCover,16384,10,random,14,19,103,0,3408,0.043300000000000005,0.0,true
HiddenCover,16384,10,random,14,20,103,0,3408,0.0434,0.0,true
HiddenCover,16384,10,random,14,21,103,0,3408,0.0434,0.0,true
HiddenCover,16384,10,random,14,22,103,0,3408,0.0434,0.0,true
HiddenCover,16384,10,random,14,23,103,0,3408,0.0434,0.0,true
HiddenCover,16384,10,random,14,24,103,0,3408,0.0432,0.0,true
HiddenCover,16384,10,random,14,25,103,0,3408,0.0432,0.0,true
HiddenCover,16384,10,random,14,26,103,0,3408,0.0436,0.0,true
HiddenCover,16384,10,random,14,27,103,0,3408,0.0432,0.0,true
HiddenCover,16384,10,random,14,28,103,0,3408,0.0432,0.0,true
HiddenCover,16384,10,random,14,29,103,0,3408,0.0434,0.0,true
HiddenCover,16384,10,random,15,0,98,0,3248,0.0421,0.0,true
HiddenCover,16384,10,random,15,1,98,0,3248,0.0425,0.0,true
HiddenCover,16384,10,random,15,2,98,0,3248,0.0422,0.0,true
HiddenCover,16384,10,random,15,3,98,0,3248,0.041999999999999996,0.0,true
HiddenCover,16384,10,random,15,4,98,0,3248,0.0424,0.0,true
HiddenCover,16384,10,random,15,5,98,0,3248,0.0421,0.0,true
HiddenCover,16384,10,random,15,6,98,0,3248,0.041999999999999996,0.0,true
HiddenCover,16384,10,random,15,7,98,0,3248,0.0425,0.0,true
HiddenCover,16384,10,random,15,8,98,0,3248,0.0423,0.0,true
HiddenCover,16384,10,random,15,9,98,0,3248,0.0421,0.0,true
HiddenCover,16384,10,random,15,10,98,0,3248,0.0423,0.0,true
HiddenCover,16384,10,random,15,11,98,0,3248,0.0423,0.0,true
HiddenCover,16384,10,random,15,12,98,0,3248,0.0422,0.0,true
HiddenCover,16384,10,random,15,13,98,0,3248,0.0426,0.0,true
HiddenCover,16384,10,random,15,14,98,0,3248,0.0423,0.0,true
HiddenCover,16384,10,random,15,15,98,0,3248,0.0422,0.0,true
HiddenCover,16384,10,random,15,16,98,0,3248,0.0423,0.0,true
HiddenCover,16384,10,random,15,17,98,0,3248,0.0421,0.0,true
HiddenCover,16384,10,random,15,18,98,0,3248,0.0423,0.0,true
HiddenCover,16384,10,random,15,19,98,0,3248,0.0441,0.0,true
HiddenCover,16384,10,random,15,20,98,0,3248,0.0422,0.0,true
HiddenCover,16384,10,random,15,21,98,0,3248,0.0421,0.0,true
HiddenCover,16384,10,random,15,22,98,0,3248,0.0423,0.0,true
HiddenCover,16384,10,random,15,23,98,0,3248,0.0421,0.0,true
HiddenCover,16384,10,random,15,24,98,0,3248,0.0424,0.0,true
HiddenCover,16384,10,random,15,25,98,0,3248,0.0421,0.0,true
HiddenCover,16384,10,random,15,26,98,0,3248,0.0424,0.0,true
HiddenCover,16384,10,random,15,27,98,0,3248,0.0423,0.0,true
HiddenCover,16384,10,random,15,28,98,0,3248,0.0422,0.0,true
HiddenCover,16384,10,random,15,29,98,0,3248,0.0421,0.0,true
HiddenCover,16384,10,random,16,0,102,0,3376,0.0431,0.0,true
HiddenCover,16384,10,random,16,1,102,0,3376,0.0432,0.0,true
HiddenCover,16384,10,random,16,2,102,0,3376,0.0432,0.0,true
HiddenCover,16384,10,random,16,3,102,0,3376,0.044,0.0,true
HiddenCover,16384,10,random,16,4,102,0,3376,0.045599999999999995,0.0,true
HiddenCover,16384,10,random,16,5,102,0,3376,0.0453,0.0,true
HiddenCover,16384,10,random,16,6,102,0,3376,0.0445,0.0,true
HiddenCover,16384,10,random,16,7,102,0,3376,0.043000000000000003,0.0,true
HiddenCover,16384,10,random,16,8,102,0,3376,0.043000000000000003,0.0,true
HiddenCover,16384,10,random,16,9,102,0,3376,0.0436,0.0,true
HiddenCover,16384,10,random,16,10,102,0,3376,0.0431,0.0,true
HiddenCover,16384,10,random,16,11,102,0,3376,0.043000000000000003,0.0,true
HiddenCover,16384,10,random,16,12,102,0,3376,0.0432,0.0,true
HiddenCover,16384,10,random,16,13,102,0,3376,0.0429,0.0,true
HiddenCover,16384,10,random,16,14,102,0,3376,0.043300000000000005,0.0,true
HiddenCover,16384,10,random,16,15,102,0,3376,0.0429,0.0,true
HiddenCover,16384,10,random,16,16,102,0,3376,0.0429,0.0,true
HiddenCover,16384,10,random,16,17,102,0,3376,0.0429,0.0,true
HiddenCover,16384,10,random,16,18,102,0,3376,0.043000000000000003,0.0,true
HiddenCover,16384,10,random,16,19,102,0,3376,0.043300000000000005,0.0,true
HiddenCover,16384,10,random,16,20,102,0,3376,0.0431,0.0,true
HiddenCover,16384,10,random,16,21,102,0,3376,0.0429,0.0,true
HiddenCover,16384,10,random,16,22,102,0,3376,0.043000000000000003,0.0,true
HiddenCover,16384,10,random,16,23,102,0,3376,0.0436,0.0,true
HiddenCover,16384,10,random,16,24,102,0,3376,0.0429,0.0,true
HiddenCover,16384,10,random,16,25,102,0,3376,0.043300000000000005,0.0,true
HiddenCover,16384,10,random,16,26,102,0,3376,0.0431,0.0,true
HiddenCover,16384,10,random,16,27,102,0,3376,0.043000000000000003,0.0,true
HiddenCover,16384,10,random,16,28,102,0,3376,0.0434,0.0,true
HiddenCover,16384,10,random,16,29,102,0,3376,0.043300000000000005,0.0,true
HiddenCover,16384,10,random,17,0,94,0,3120,0.0416,0.0,true
HiddenCover,16384,10,random,17,1,94,0,3120,0.0418,0.0,true
HiddenCover,16384,10,random,17,2,94,0,3120,0.0415,0.0,true
HiddenCover,16384,10,random,17,3,94,0,3120,0.041699999999999994,0.0,true
HiddenCover,16384,10,random,17,4,94,0,3120,0.0418,0.0,true
HiddenCover,16384,10,random,17,5,94,0,3120,0.041699999999999994,0.0,true
HiddenCover,16384,10,random,17,6,94,0,3120,0.041699999999999994,0.0,true
HiddenCover,16384,10,random,17,7,94,0,3120,0.041699999999999994,0.0,true
HiddenCover,16384,10,random,17,8,94,0,3120,0.041999999999999996,0.0,true
HiddenCover,16384,10,random,17,9,94,0,3120,0.0418,0.0,true
HiddenCover,16384,10,random,17,10,94,0,3120,0.0418,0.0,true
HiddenCover,16384,10,random,17,11,94,0,3120,0.043000000000000003,0.0,true
HiddenCover,16384,10,random,17,12,94,0,3120,0.0436,0.0,true
HiddenCover,16384,10,random,17,13,94,0,3120,0.0439,0.0,true
HiddenCover,16384,10,random,17,14,94,0,3120,0.0429,0.0,true
HiddenCover,16384,10,random,17,15,94,0,3120,0.041699999999999994,0.0,true
HiddenCover,16384,10,random,17,16,94,0,3120,0.041999999999999996,0.0,true
HiddenCover,16384,10,random,17,17,94,0,3120,0.041699999999999994,0.0,true
HiddenCover,16384,10,random,17,18,94,0,3120,0.0416,0.0,true
HiddenCover,16384,10,random,17,19,94,0,3120,0.041999999999999996,0.0,true
HiddenCover,16384,10,random,17,20,94,0,3120,0.0419,0.0,true
HiddenCover,16384,10,random,17,21,94,0,3120,0.041699999999999994,0.0,true
HiddenCover,16384,10,random,17,22,94,0,3120,0.041699999999999994,0.0,true
HiddenCover,16384,10,random,17,23,94,0,3120,0.041699999999999994,0.0,true
HiddenCover,16384,10,random,17,24,94,0,3120,0.0418,0.0,true
HiddenCover,16384,10,random,17,25,94,0,3120,0.0419,0.0,true
HiddenCover,16384,10,random,17,26,94,0,3120,0.0418,0.0,true
HiddenCover,16384,10,random,17,27,94,0,3120,0.0419,0.0,true
HiddenCover,16384,10,random,17,28,94,0,3120,0.0416,0.0,true
HiddenCover,16384,10,random,17,29,94,0,3120,0.041699999999999994,0.0,true
HiddenCover,16384,10,random,18,0,100,0,3312,0.0457,0.0,true
HiddenCover,16384,10,random,18,1,100,0,3312,0.0451,0.0,true
HiddenCover,16384,10,random,18,2,100,0,3312,0.0443,0.0,true
HiddenCover,16384,10,random,18,3,100,0,3312,0.044700000000000004,0.0,true
HiddenCover,16384,10,random,18,4,100,0,3312,0.0455,0.0,true
HiddenCover,16384,10,random,18,5,100,0,3312,0.0426,0.0,true
HiddenCover,16384,10,random,18,6,100,0,3312,0.0428,0.0,true
HiddenCover,16384,10,random,18,7,100,0,3312,0.0451,0.0,true
HiddenCover,16384,10,random,18,8,100,0,3312,0.0446,0.0,true
HiddenCover,16384,10,random,18,9,100,0,3312,0.044700000000000004,0.0,true
HiddenCover,16384,10,random,18,10,100,0,3312,0.045200000000000004,0.0,true
HiddenCover,16384,10,random,18,11,100,0,3312,0.0462,0.0,true
HiddenCover,16384,10,random,18,12,100,0,3312,0.045399999999999996,0.0,true
HiddenCover,16384,10,random,18,13,100,0,3312,0.0485,0.0,true
HiddenCover,16384,10,random,18,14,100,0,3312,0.044700000000000004,0.0,true
HiddenCover,16384,10,random,18,15,100,0,3312,0.0446,0.0,true
HiddenCover,16384,10,random,18,16,100,0,3312,0.0451,0.0,true
HiddenCover,16384,10,random,18,17,100,0,3312,0.0461,0.0,true
HiddenCover,16384,10,random,18,18,100,0,3312,0.0576,0.0,true
HiddenCover,16384,10,random,18,19,100,0,3312,0.0553,0.0,true
HiddenCover,16384,10,random,18,20,100,0,3312,0.0506,0.0,true
HiddenCover,16384,10,random,18,21,100,0,3312,0.0521,0.0,true
HiddenCover,16384,10,random,18,22,100,0,3312,0.046,0.0,true
HiddenCover,16384,10,random,18,23,100,0,3312,0.046900000000000004,0.0,true
HiddenCover,16384,10,random,18,24,100,0,3312,0.0458,0.0,true
HiddenCover,16384,10,random,18,25,100,0,3312,0.0461,0.0,true
HiddenCover,16384,10,random,18,26,100,0,3312,0.046,0.0,true
HiddenCover,16384,10,random,18,27,100,0,3312,0.046,0.0,true
HiddenCover,16384,10,random,18,28,100,0,3312,0.0462,0.0,true
HiddenCover,16384,10,random,18,29,100,0,3312,0.046400000000000004,0.0,true
HiddenCover,16384,10,random,19,0,100,0,3312,0.046900000000000004,0.0,true
HiddenCover,16384,10,random,19,1,100,0,3312,0.0448,0.0,true
HiddenCover,16384,10,random,19,2,100,0,3312,0.0448,0.0,true
HiddenCover,16384,10,random,19,3,100,0,3312,0.0445,0.0,true
HiddenCover,16384,10,random,19,4,100,0,3312,0.0463,0.0,true
HiddenCover,16384,10,random,19,5,100,0,3312,0.052500000000000005,0.0,true
HiddenCover,16384,10,random,19,6,100,0,3312,0.0453,0.0,true
HiddenCover,16384,10,random,19,7,100,0,3312,0.0455,0.0,true
HiddenCover,16384,10,random,19,8,100,0,3312,0.0424,0.0,true
HiddenCover,16384,10,random,19,9,100,0,3312,0.0424,0.0,true
HiddenCover,16384,10,random,19,10,100,0,3312,0.0425,0.0,true
HiddenCover,16384,10,random,19,11,100,0,3312,0.0424,0.0,true
HiddenCover,16384,10,random,19,12,100,0,3312,0.0423,0.0,true
HiddenCover,16384,10,random,19,13,100,0,3312,0.0431,0.0,true
HiddenCover,16384,10,random,19,14,100,0,3312,0.0423,0.0,true
HiddenCover,16384,10,random,19,15,100,0,3312,0.0424,0.0,true
HiddenCover,16384,10,random,19,16,100,0,3312,0.0424,0.0,true
HiddenCover,16384,10,random,19,17,100,0,3312,0.0444,0.0,true
HiddenCover,16384,10,random,19,18,100,0,3312,0.0425,0.0,true
HiddenCover,16384,10,random,19,19,100,0,3312,0.0423,0.0,true
HiddenCover,16384,10,random,19,20,100,0,3312,0.0424,0.0,true
HiddenCover,16384,10,random,19,21,100,0,3312,0.0424,0.0,true
HiddenCover,16384,10,random,19,22,100,0,3312,0.0424,0.0,true
HiddenCover,16384,10,random,19,23,100,0,3312,0.0423,0.0,true
HiddenCover,16384,10,random,19,24,100,0,3312,0.0427,0.0,true
HiddenCover,16384,10,random,19,25,100,0,3312,0.0441,0.0,true
HiddenCover,16384,10,random,19,26,100,0,3312,0.0458,0.0,true
HiddenCover,16384,10,random,19,27,100,0,3312,0.0424,0.0,true
HiddenCover,16384,10,random,19,28,100,0,3312,0.0425,0.0,true
HiddenCover,16384,10,random,19,29,100,0,3312,0.0431,0.0,true
HiddenCover,16384,10,dispersed,0,0,106,0,3504,0.0538,0.0,true
HiddenCover,16384,10,dispersed,0,1,106,0,3504,0.0439,0.0,true
HiddenCover,16384,10,dispersed,0,2,106,0,3504,0.043699999999999996,0.0,true
HiddenCover,16384,10,dispersed,0,3,106,0,3504,0.0435,0.0,true
HiddenCover,16384,10,dispersed,0,4,106,0,3504,0.044,0.0,true
HiddenCover,16384,10,dispersed,0,5,106,0,3504,0.0436,0.0,true
HiddenCover,16384,10,dispersed,0,6,106,0,3504,0.0439,0.0,true
HiddenCover,16384,10,dispersed,0,7,106,0,3504,0.0435,0.0,true
HiddenCover,16384,10,dispersed,0,8,106,0,3504,0.0441,0.0,true
HiddenCover,16384,10,dispersed,0,9,106,0,3504,0.0441,0.0,true
HiddenCover,16384,10,dispersed,0,10,106,0,3504,0.0441,0.0,true
HiddenCover,16384,10,dispersed,0,11,106,0,3504,0.0563,0.0,true
HiddenCover,16384,10,dispersed,0,12,106,0,3504,0.1248,0.0,true
HiddenCover,16384,10,dispersed,0,13,106,0,3504,0.0804,0.0,true
HiddenCover,16384,10,dispersed,0,14,106,0,3504,0.08660000000000001,0.0,true
HiddenCover,16384,10,dispersed,0,15,106,0,3504,0.12439999999999998,0.0,true
HiddenCover,16384,10,dispersed,0,16,106,0,3504,0.0591,0.0,true
HiddenCover,16384,10,dispersed,0,17,106,0,3504,0.0691,0.0,true
HiddenCover,16384,10,dispersed,0,18,106,0,3504,0.06770000000000001,0.0,true
HiddenCover,16384,10,dispersed,0,19,106,0,3504,0.0852,0.0,true
HiddenCover,16384,10,dispersed,0,20,106,0,3504,0.0886,0.0,true
HiddenCover,16384,10,dispersed,0,21,106,0,3504,0.07490000000000001,0.0,true
HiddenCover,16384,10,dispersed,0,22,106,0,3504,0.0711,0.0,true
HiddenCover,16384,10,dispersed,0,23,106,0,3504,0.0902,0.0,true
HiddenCover,16384,10,dispersed,0,24,106,0,3504,0.0637,0.0,true
HiddenCover,16384,10,dispersed,0,25,106,0,3504,0.0465,0.0,true
HiddenCover,16384,10,dispersed,0,26,106,0,3504,0.0457,0.0,true
HiddenCover,16384,10,dispersed,0,27,106,0,3504,0.0458,0.0,true
HiddenCover,16384,10,dispersed,0,28,106,0,3504,0.046400000000000004,0.0,true
HiddenCover,16384,10,dispersed,0,29,106,0,3504,0.0458,0.0,true
HiddenCover,16384,10,dispersed,1,0,106,0,3504,0.0535,0.0,true
HiddenCover,16384,10,dispersed,1,1,106,0,3504,0.0518,0.0,true
HiddenCover,16384,10,dispersed,1,2,106,0,3504,0.052500000000000005,0.0,true
HiddenCover,16384,10,dispersed,1,3,106,0,3504,0.0536,0.0,true
HiddenCover,16384,10,dispersed,1,4,106,0,3504,0.057,0.0,true
HiddenCover,16384,10,dispersed,1,5,106,0,3504,0.0497,0.0,true
HiddenCover,16384,10,dispersed,1,6,106,0,3504,0.0439,0.0,true
HiddenCover,16384,10,dispersed,1,7,106,0,3504,0.067,0.0,true
HiddenCover,16384,10,dispersed,1,8,106,0,3504,0.058499999999999996,0.0,true
HiddenCover,16384,10,dispersed,1,9,106,0,3504,0.0517,0.0,true
HiddenCover,16384,10,dispersed,1,10,106,0,3504,0.055099999999999996,0.0,true
HiddenCover,16384,10,dispersed,1,11,106,0,3504,0.06609999999999999,0.0,true
HiddenCover,16384,10,dispersed,1,12,106,0,3504,0.0713,0.0,true
HiddenCover,16384,10,dispersed,1,13,106,0,3504,0.062,0.0,true
HiddenCover,16384,10,dispersed,1,14,106,0,3504,0.0713,0.0,true
HiddenCover,16384,10,dispersed,1,15,106,0,3504,0.0519,0.0,true
HiddenCover,16384,10,dispersed,1,16,106,0,3504,0.0659,0.0,true
HiddenCover,16384,10,dispersed,1,17,106,0,3504,0.0613,0.0,true
HiddenCover,16384,10,dispersed,1,18,106,0,3504,0.0468,0.0,true
HiddenCover,16384,10,dispersed,1,19,106,0,3504,0.0449,0.0,true
HiddenCover,16384,10,dispersed,1,20,106,0,3504,0.045899999999999996,0.0,true
HiddenCover,16384,10,dispersed,1,21,106,0,3504,0.052,0.0,true
HiddenCover,16384,10,dispersed,1,22,106,0,3504,0.056799999999999996,0.0,true
HiddenCover,16384,10,dispersed,1,23,106,0,3504,0.0471,0.0,true
HiddenCover,16384,10,dispersed,1,24,106,0,3504,0.0446,0.0,true
HiddenCover,16384,10,dispersed,1,25,106,0,3504,0.0567,0.0,true
HiddenCover,16384,10,dispersed,1,26,106,0,3504,0.051,0.0,true
HiddenCover,16384,10,dispersed,1,27,106,0,3504,0.0639,0.0,true
HiddenCover,16384,10,dispersed,1,28,106,0,3504,0.0494,0.0,true
HiddenCover,16384,10,dispersed,1,29,106,0,3504,0.0446,0.0,true
HiddenCover,16384,10,dispersed,2,0,106,0,3504,0.045599999999999995,0.0,true
HiddenCover,16384,10,dispersed,2,1,106,0,3504,0.052500000000000005,0.0,true
HiddenCover,16384,10,dispersed,2,2,106,0,3504,0.0496,0.0,true
HiddenCover,16384,10,dispersed,2,3,106,0,3504,0.045899999999999996,0.0,true
HiddenCover,16384,10,dispersed,2,4,106,0,3504,0.0453,0.0,true
HiddenCover,16384,10,dispersed,2,5,106,0,3504,0.0435,0.0,true
HiddenCover,16384,10,dispersed,2,6,106,0,3504,0.0434,0.0,true
HiddenCover,16384,10,dispersed,2,7,106,0,3504,0.0501,0.0,true
HiddenCover,16384,10,dispersed,2,8,106,0,3504,0.056100000000000004,0.0,true
HiddenCover,16384,10,dispersed,2,9,106,0,3504,0.046900000000000004,0.0,true
HiddenCover,16384,10,dispersed,2,10,106,0,3504,0.044199999999999996,0.0,true
HiddenCover,16384,10,dispersed,2,11,106,0,3504,0.0455,0.0,true
HiddenCover,16384,10,dispersed,2,12,106,0,3504,0.046400000000000004,0.0,true
HiddenCover,16384,10,dispersed,2,13,106,0,3504,0.0455,0.0,true
HiddenCover,16384,10,dispersed,2,14,106,0,3504,0.0488,0.0,true
HiddenCover,16384,10,dispersed,2,15,106,0,3504,0.046900000000000004,0.0,true
HiddenCover,16384,10,dispersed,2,16,106,0,3504,0.047599999999999996,0.0,true
HiddenCover,16384,10,dispersed,2,17,106,0,3504,0.0477,0.0,true
HiddenCover,16384,10,dispersed,2,18,106,0,3504,0.0457,0.0,true
HiddenCover,16384,10,dispersed,2,19,106,0,3504,0.045399999999999996,0.0,true
HiddenCover,16384,10,dispersed,2,20,106,0,3504,0.046,0.0,true
HiddenCover,16384,10,dispersed,2,21,106,0,3504,0.0468,0.0,true
HiddenCover,16384,10,dispersed,2,22,106,0,3504,0.0458,0.0,true
HiddenCover,16384,10,dispersed,2,23,106,0,3504,0.0461,0.0,true
HiddenCover,16384,10,dispersed,2,24,106,0,3504,0.0465,0.0,true
HiddenCover,16384,10,dispersed,2,25,106,0,3504,0.0463,0.0,true
HiddenCover,16384,10,dispersed,2,26,106,0,3504,0.050800000000000005,0.0,true
HiddenCover,16384,10,dispersed,2,27,106,0,3504,0.0483,0.0,true
HiddenCover,16384,10,dispersed,2,28,106,0,3504,0.052,0.0,true
HiddenCover,16384,10,dispersed,2,29,106,0,3504,0.0455,0.0,true
HiddenCover,16384,10,dispersed,3,0,106,0,3504,0.0462,0.0,true
HiddenCover,16384,10,dispersed,3,1,106,0,3504,0.0462,0.0,true
HiddenCover,16384,10,dispersed,3,2,106,0,3504,0.0461,0.0,true
HiddenCover,16384,10,dispersed,3,3,106,0,3504,0.0466,0.0,true
HiddenCover,16384,10,dispersed,3,4,106,0,3504,0.0462,0.0,true
HiddenCover,16384,10,dispersed,3,5,106,0,3504,0.047599999999999996,0.0,true
HiddenCover,16384,10,dispersed,3,6,106,0,3504,0.0477,0.0,true
HiddenCover,16384,10,dispersed,3,7,106,0,3504,0.0467,0.0,true
HiddenCover,16384,10,dispersed,3,8,106,0,3504,0.045899999999999996,0.0,true
HiddenCover,16384,10,dispersed,3,9,106,0,3504,0.0462,0.0,true
HiddenCover,16384,10,dispersed,3,10,106,0,3504,0.0491,0.0,true
HiddenCover,16384,10,dispersed,3,11,106,0,3504,0.0463,0.0,true
HiddenCover,16384,10,dispersed,3,12,106,0,3504,0.046,0.0,true
HiddenCover,16384,10,dispersed,3,13,106,0,3504,0.046,0.0,true
HiddenCover,16384,10,dispersed,3,14,106,0,3504,0.0505,0.0,true
HiddenCover,16384,10,dispersed,3,15,106,0,3504,0.0465,0.0,true
HiddenCover,16384,10,dispersed,3,16,106,0,3504,0.045899999999999996,0.0,true
HiddenCover,16384,10,dispersed,3,17,106,0,3504,0.0465,0.0,true
HiddenCover,16384,10,dispersed,3,18,106,0,3504,0.0458,0.0,true
HiddenCover,16384,10,dispersed,3,19,106,0,3504,0.0462,0.0,true
HiddenCover,16384,10,dispersed,3,20,106,0,3504,0.045899999999999996,0.0,true
HiddenCover,16384,10,dispersed,3,21,106,0,3504,0.045899999999999996,0.0,true
HiddenCover,16384,10,dispersed,3,22,106,0,3504,0.0461,0.0,true
HiddenCover,16384,10,dispersed,3,23,106,0,3504,0.046400000000000004,0.0,true
HiddenCover,16384,10,dispersed,3,24,106,0,3504,0.045899999999999996,0.0,true
HiddenCover,16384,10,dispersed,3,25,106,0,3504,0.045899999999999996,0.0,true
HiddenCover,16384,10,dispersed,3,26,106,0,3504,0.0474,0.0,true
HiddenCover,16384,10,dispersed,3,27,106,0,3504,0.0463,0.0,true
HiddenCover,16384,10,dispersed,3,28,106,0,3504,0.045899999999999996,0.0,true
HiddenCover,16384,10,dispersed,3,29,106,0,3504,0.046,0.0,true
HiddenCover,16384,10,dispersed,4,0,106,0,3504,0.0458,0.0,true
HiddenCover,16384,10,dispersed,4,1,106,0,3504,0.0458,0.0,true
HiddenCover,16384,10,dispersed,4,2,106,0,3504,0.0461,0.0,true
HiddenCover,16384,10,dispersed,4,3,106,0,3504,0.0457,0.0,true
HiddenCover,16384,10,dispersed,4,4,106,0,3504,0.046,0.0,true
HiddenCover,16384,10,dispersed,4,5,106,0,3504,0.0463,0.0,true
HiddenCover,16384,10,dispersed,4,6,106,0,3504,0.046,0.0,true
HiddenCover,16384,10,dispersed,4,7,106,0,3504,0.046,0.0,true
HiddenCover,16384,10,dispersed,4,8,106,0,3504,0.046400000000000004,0.0,true
HiddenCover,16384,10,dispersed,4,9,106,0,3504,0.0462,0.0,true
HiddenCover,16384,10,dispersed,4,10,106,0,3504,0.0458,0.0,true
HiddenCover,16384,10,dispersed,4,11,106,0,3504,0.045899999999999996,0.0,true
HiddenCover,16384,10,dispersed,4,12,106,0,3504,0.045899999999999996,0.0,true
HiddenCover,16384,10,dispersed,4,13,106,0,3504,0.0463,0.0,true
HiddenCover,16384,10,dispersed,4,14,106,0,3504,0.0574,0.0,true
HiddenCover,16384,10,dispersed,4,15,106,0,3504,0.0458,0.0,true
HiddenCover,16384,10,dispersed,4,16,106,0,3504,0.0461,0.0,true
HiddenCover,16384,10,dispersed,4,17,106,0,3504,0.0462,0.0,true
HiddenCover,16384,10,dispersed,4,18,106,0,3504,0.046,0.0,true
HiddenCover,16384,10,dispersed,4,19,106,0,3504,0.045899999999999996,0.0,true
HiddenCover,16384,10,dispersed,4,20,106,0,3504,0.046,0.0,true
HiddenCover,16384,10,dispersed,4,21,106,0,3504,0.0462,0.0,true
HiddenCover,16384,10,dispersed,4,22,106,0,3504,0.045899999999999996,0.0,true
HiddenCover,16384,10,dispersed,4,23,106,0,3504,0.0457,0.0,true
HiddenCover,16384,10,dispersed,4,24,106,0,3504,0.045899999999999996,0.0,true
HiddenCover,16384,10,dispersed,4,25,106,0,3504,0.046,0.0,true
HiddenCover,16384,10,dispersed,4,26,106,0,3504,0.0458,0.0,true
HiddenCover,16384,10,dispersed,4,27,106,0,3504,0.0458,0.0,true
HiddenCover,16384,10,dispersed,4,28,106,0,3504,0.0458,0.0,true
HiddenCover,16384,10,dispersed,4,29,106,0,3504,0.046,0.0,true
HiddenCover,16384,10,dispersed,5,0,106,0,3504,0.045899999999999996,0.0,true
HiddenCover,16384,10,dispersed,5,1,106,0,3504,0.045399999999999996,0.0,true
HiddenCover,16384,10,dispersed,5,2,106,0,3504,0.045399999999999996,0.0,true
HiddenCover,16384,10,dispersed,5,3,106,0,3504,0.0453,0.0,true
HiddenCover,16384,10,dispersed,5,4,106,0,3504,0.0458,0.0,true
HiddenCover,16384,10,dispersed,5,5,106,0,3504,0.0457,0.0,true
HiddenCover,16384,10,dispersed,5,6,106,0,3504,0.045399999999999996,0.0,true
HiddenCover,16384,10,dispersed,5,7,106,0,3504,0.045599999999999995,0.0,true
HiddenCover,16384,10,dispersed,5,8,106,0,3504,0.045599999999999995,0.0,true
HiddenCover,16384,10,dispersed,5,9,106,0,3504,0.045200000000000004,0.0,true
HiddenCover,16384,10,dispersed,5,10,106,0,3504,0.045399999999999996,0.0,true
HiddenCover,16384,10,dispersed,5,11,106,0,3504,0.0455,0.0,true
HiddenCover,16384,10,dispersed,5,12,106,0,3504,0.0457,0.0,true
HiddenCover,16384,10,dispersed,5,13,106,0,3504,0.0455,0.0,true
HiddenCover,16384,10,dispersed,5,14,106,0,3504,0.0457,0.0,true
HiddenCover,16384,10,dispersed,5,15,106,0,3504,0.0455,0.0,true
HiddenCover,16384,10,dispersed,5,16,106,0,3504,0.045899999999999996,0.0,true
HiddenCover,16384,10,dispersed,5,17,106,0,3504,0.0455,0.0,true
HiddenCover,16384,10,dispersed,5,18,106,0,3504,0.0453,0.0,true
HiddenCover,16384,10,dispersed,5,19,106,0,3504,0.0487,0.0,true
HiddenCover,16384,10,dispersed,5,20,106,0,3504,0.045899999999999996,0.0,true
HiddenCover,16384,10,dispersed,5,21,106,0,3504,0.045599999999999995,0.0,true
HiddenCover,16384,10,dispersed,5,22,106,0,3504,0.045599999999999995,0.0,true
HiddenCover,16384,10,dispersed,5,23,106,0,3504,0.0455,0.0,true
HiddenCover,16384,10,dispersed,5,24,106,0,3504,0.0458,0.0,true
HiddenCover,16384,10,dispersed,5,25,106,0,3504,0.045399999999999996,0.0,true
HiddenCover,16384,10,dispersed,5,26,106,0,3504,0.045200000000000004,0.0,true
HiddenCover,16384,10,dispersed,5,27,106,0,3504,0.0455,0.0,true
HiddenCover,16384,10,dispersed,5,28,106,0,3504,0.0453,0.0,true
HiddenCover,16384,10,dispersed,5,29,106,0,3504,0.0455,0.0,true
HiddenCover,16384,10,dispersed,6,0,106,0,3504,0.046400000000000004,0.0,true
HiddenCover,16384,10,dispersed,6,1,106,0,3504,0.0462,0.0,true
HiddenCover,16384,10,dispersed,6,2,106,0,3504,0.0526,0.0,true
HiddenCover,16384,10,dispersed,6,3,106,0,3504,0.0461,0.0,true
HiddenCover,16384,10,dispersed,6,4,106,0,3504,0.0462,0.0,true
HiddenCover,16384,10,dispersed,6,5,106,0,3504,0.046,0.0,true
HiddenCover,16384,10,dispersed,6,6,106,0,3504,0.0463,0.0,true
HiddenCover,16384,10,dispersed,6,7,106,0,3504,0.0462,0.0,true
HiddenCover,16384,10,dispersed,6,8,106,0,3504,0.0458,0.0,true
HiddenCover,16384,10,dispersed,6,9,106,0,3504,0.046,0.0,true
HiddenCover,16384,10,dispersed,6,10,106,0,3504,0.0463,0.0,true
HiddenCover,16384,10,dispersed,6,11,106,0,3504,0.045899999999999996,0.0,true
HiddenCover,16384,10,dispersed,6,12,106,0,3504,0.046,0.0,true
HiddenCover,16384,10,dispersed,6,13,106,0,3504,0.045899999999999996,0.0,true
HiddenCover,16384,10,dispersed,6,14,106,0,3504,0.0462,0.0,true
HiddenCover,16384,10,dispersed,6,15,106,0,3504,0.0461,0.0,true
HiddenCover,16384,10,dispersed,6,16,106,0,3504,0.0461,0.0,true
HiddenCover,16384,10,dispersed,6,17,106,0,3504,0.045899999999999996,0.0,true
HiddenCover,16384,10,dispersed,6,18,106,0,3504,0.0462,0.0,true
HiddenCover,16384,10,dispersed,6,19,106,0,3504,0.0462,0.0,true
HiddenCover,16384,10,dispersed,6,20,106,0,3504,0.046,0.0,true
HiddenCover,16384,10,dispersed,6,21,106,0,3504,0.0457,0.0,true
HiddenCover,16384,10,dispersed,6,22,106,0,3504,0.0461,0.0,true
HiddenCover,16384,10,dispersed,6,23,106,0,3504,0.1278,0.0,true
HiddenCover,16384,10,dispersed,6,24,106,0,3504,0.0559,0.0,true
HiddenCover,16384,10,dispersed,6,25,106,0,3504,0.052500000000000005,0.0,true
HiddenCover,16384,10,dispersed,6,26,106,0,3504,0.0472,0.0,true
HiddenCover,16384,10,dispersed,6,27,106,0,3504,0.0527,0.0,true
HiddenCover,16384,10,dispersed,6,28,106,0,3504,0.046,0.0,true
HiddenCover,16384,10,dispersed,6,29,106,0,3504,0.0458,0.0,true
HiddenCover,16384,10,dispersed,7,0,106,0,3504,0.0453,0.0,true
HiddenCover,16384,10,dispersed,7,1,106,0,3504,0.0458,0.0,true
HiddenCover,16384,10,dispersed,7,2,106,0,3504,0.045599999999999995,0.0,true
HiddenCover,16384,10,dispersed,7,3,106,0,3504,0.045599999999999995,0.0,true
HiddenCover,16384,10,dispersed,7,4,106,0,3504,0.057800000000000004,0.0,true
HiddenCover,16384,10,dispersed,7,5,106,0,3504,0.046,0.0,true
HiddenCover,16384,10,dispersed,7,6,106,0,3504,0.045200000000000004,0.0,true
HiddenCover,16384,10,dispersed,7,7,106,0,3504,0.0453,0.0,true
HiddenCover,16384,10,dispersed,7,8,106,0,3504,0.045599999999999995,0.0,true
HiddenCover,16384,10,dispersed,7,9,106,0,3504,0.0453,0.0,true
HiddenCover,16384,10,dispersed,7,10,106,0,3504,0.045399999999999996,0.0,true
HiddenCover,16384,10,dispersed,7,11,106,0,3504,0.0451,0.0,true
HiddenCover,16384,10,dispersed,7,12,106,0,3504,0.0455,0.0,true
HiddenCover,16384,10,dispersed,7,13,106,0,3504,0.045200000000000004,0.0,true
HiddenCover,16384,10,dispersed,7,14,106,0,3504,0.045399999999999996,0.0,true
HiddenCover,16384,10,dispersed,7,15,106,0,3504,0.0453,0.0,true
HiddenCover,16384,10,dispersed,7,16,106,0,3504,0.045599999999999995,0.0,true
HiddenCover,16384,10,dispersed,7,17,106,0,3504,0.045200000000000004,0.0,true
HiddenCover,16384,10,dispersed,7,18,106,0,3504,0.045200000000000004,0.0,true
HiddenCover,16384,10,dispersed,7,19,106,0,3504,0.045399999999999996,0.0,true
HiddenCover,16384,10,dispersed,7,20,106,0,3504,0.0457,0.0,true
HiddenCover,16384,10,dispersed,7,21,106,0,3504,0.045200000000000004,0.0,true
HiddenCover,16384,10,dispersed,7,22,106,0,3504,0.0453,0.0,true
HiddenCover,16384,10,dispersed,7,23,106,0,3504,0.045200000000000004,0.0,true
HiddenCover,16384,10,dispersed,7,24,106,0,3504,0.0455,0.0,true
HiddenCover,16384,10,dispersed,7,25,106,0,3504,0.0468,0.0,true
HiddenCover,16384,10,dispersed,7,26,106,0,3504,0.045200000000000004,0.0,true
HiddenCover,16384,10,dispersed,7,27,106,0,3504,0.045399999999999996,0.0,true
HiddenCover,16384,10,dispersed,7,28,106,0,3504,0.0455,0.0,true
HiddenCover,16384,10,dispersed,7,29,106,0,3504,0.0451,0.0,true
HiddenCover,16384,10,dispersed,8,0,106,0,3504,0.0458,0.0,true
HiddenCover,16384,10,dispersed,8,1,106,0,3504,0.0458,0.0,true
HiddenCover,16384,10,dispersed,8,2,106,0,3504,0.046,0.0,true
HiddenCover,16384,10,dispersed,8,3,106,0,3504,0.0461,0.0,true
HiddenCover,16384,10,dispersed,8,4,106,0,3504,0.0458,0.0,true
HiddenCover,16384,10,dispersed,8,5,106,0,3504,0.045899999999999996,0.0,true
HiddenCover,16384,10,dispersed,8,6,106,0,3504,0.046,0.0,true
HiddenCover,16384,10,dispersed,8,7,106,0,3504,0.0463,0.0,true
HiddenCover,16384,10,dispersed,8,8,106,0,3504,0.0485,0.0,true
HiddenCover,16384,10,dispersed,8,9,106,0,3504,0.0458,0.0,true
HiddenCover,16384,10,dispersed,8,10,106,0,3504,0.045899999999999996,0.0,true
HiddenCover,16384,10,dispersed,8,11,106,0,3504,0.0462,0.0,true
HiddenCover,16384,10,dispersed,8,12,106,0,3504,0.045899999999999996,0.0,true
HiddenCover,16384,10,dispersed,8,13,106,0,3504,0.0461,0.0,true
HiddenCover,16384,10,dispersed,8,14,106,0,3504,0.045899999999999996,0.0,true
HiddenCover,16384,10,dispersed,8,15,106,0,3504,0.0463,0.0,true
HiddenCover,16384,10,dispersed,8,16,106,0,3504,0.0458,0.0,true
HiddenCover,16384,10,dispersed,8,17,106,0,3504,0.0461,0.0,true
HiddenCover,16384,10,dispersed,8,18,106,0,3504,0.0458,0.0,true
HiddenCover,16384,10,dispersed,8,19,106,0,3504,0.0462,0.0,true
HiddenCover,16384,10,dispersed,8,20,106,0,3504,0.0458,0.0,true
HiddenCover,16384,10,dispersed,8,21,106,0,3504,0.0461,0.0,true
HiddenCover,16384,10,dispersed,8,22,106,0,3504,0.045899999999999996,0.0,true
HiddenCover,16384,10,dispersed,8,23,106,0,3504,0.0461,0.0,true
HiddenCover,16384,10,dispersed,8,24,106,0,3504,0.0458,0.0,true
HiddenCover,16384,10,dispersed,8,25,106,0,3504,0.046,0.0,true
HiddenCover,16384,10,dispersed,8,26,106,0,3504,0.045899999999999996,0.0,true
HiddenCover,16384,10,dispersed,8,27,106,0,3504,0.0468,0.0,true
HiddenCover,16384,10,dispersed,8,28,106,0,3504,0.0458,0.0,true
HiddenCover,16384,10,dispersed,8,29,106,0,3504,0.0472,0.0,true
HiddenCover,16384,10,dispersed,9,0,106,0,3504,0.0481,0.0,true
HiddenCover,16384,10,dispersed,9,1,106,0,3504,0.12940000000000002,0.0,true
HiddenCover,16384,10,dispersed,9,2,106,0,3504,0.08349999999999999,0.0,true
HiddenCover,16384,10,dispersed,9,3,106,0,3504,0.0571,0.0,true
HiddenCover,16384,10,dispersed,9,4,106,0,3504,0.073,0.0,true
HiddenCover,16384,10,dispersed,9,5,106,0,3504,0.0475,0.0,true
HiddenCover,16384,10,dispersed,9,6,106,0,3504,0.0498,0.0,true
HiddenCover,16384,10,dispersed,9,7,106,0,3504,0.0582,0.0,true
HiddenCover,16384,10,dispersed,9,8,106,0,3504,0.052,0.0,true
HiddenCover,16384,10,dispersed,9,9,106,0,3504,0.0569,0.0,true
HiddenCover,16384,10,dispersed,9,10,106,0,3504,0.046400000000000004,0.0,true
HiddenCover,16384,10,dispersed,9,11,106,0,3504,0.0468,0.0,true
HiddenCover,16384,10,dispersed,9,12,106,0,3504,0.0569,0.0,true
HiddenCover,16384,10,dispersed,9,13,106,0,3504,0.0914,0.0,true
HiddenCover,16384,10,dispersed,9,14,106,0,3504,0.0541,0.0,true
HiddenCover,16384,10,dispersed,9,15,106,0,3504,0.0533,0.0,true
HiddenCover,16384,10,dispersed,9,16,106,0,3504,0.0603,0.0,true
HiddenCover,16384,10,dispersed,9,17,106,0,3504,0.0541,0.0,true
HiddenCover,16384,10,dispersed,9,18,106,0,3504,0.054,0.0,true
HiddenCover,16384,10,dispersed,9,19,106,0,3504,0.0458,0.0,true
HiddenCover,16384,10,dispersed,9,20,106,0,3504,0.0458,0.0,true
HiddenCover,16384,10,dispersed,9,21,106,0,3504,0.0462,0.0,true
HiddenCover,16384,10,dispersed,9,22,106,0,3504,0.047599999999999996,0.0,true
HiddenCover,16384,10,dispersed,9,23,106,0,3504,0.0477,0.0,true
HiddenCover,16384,10,dispersed,9,24,106,0,3504,0.0466,0.0,true
HiddenCover,16384,10,dispersed,9,25,106,0,3504,0.0511,0.0,true
HiddenCover,16384,10,dispersed,9,26,106,0,3504,0.045899999999999996,0.0,true
HiddenCover,16384,10,dispersed,9,27,106,0,3504,0.0607,0.0,true
HiddenCover,16384,10,dispersed,9,28,106,0,3504,0.0462,0.0,true
HiddenCover,16384,10,dispersed,9,29,106,0,3504,0.0463,0.0,true
HiddenCover,16384,10,dispersed,10,0,106,0,3504,0.046900000000000004,0.0,true
HiddenCover,16384,10,dispersed,10,1,106,0,3504,0.048600000000000004,0.0,true
HiddenCover,16384,10,dispersed,10,2,106,0,3504,0.0487,0.0,true
HiddenCover,16384,10,dispersed,10,3,106,0,3504,0.048,0.0,true
HiddenCover,16384,10,dispersed,10,4,106,0,3504,0.051199999999999996,0.0,true
HiddenCover,16384,10,dispersed,10,5,106,0,3504,0.0504,0.0,true
HiddenCover,16384,10,dispersed,10,6,106,0,3504,0.0504,0.0,true
HiddenCover,16384,10,dispersed,10,7,106,0,3504,0.0517,0.0,true
HiddenCover,16384,10,dispersed,10,8,106,0,3504,0.046400000000000004,0.0,true
HiddenCover,16384,10,dispersed,10,9,106,0,3504,0.052500000000000005,0.0,true
HiddenCover,16384,10,dispersed,10,10,106,0,3504,0.050899999999999994,0.0,true
HiddenCover,16384,10,dispersed,10,11,106,0,3504,0.0462,0.0,true
HiddenCover,16384,10,dispersed,10,12,106,0,3504,0.0477,0.0,true
HiddenCover,16384,10,dispersed,10,13,106,0,3504,0.050800000000000005,0.0,true
HiddenCover,16384,10,dispersed,10,14,106,0,3504,0.0457,0.0,true
HiddenCover,16384,10,dispersed,10,15,106,0,3504,0.0482,0.0,true
HiddenCover,16384,10,dispersed,10,16,106,0,3504,0.045599999999999995,0.0,true
HiddenCover,16384,10,dispersed,10,17,106,0,3504,0.046400000000000004,0.0,true
HiddenCover,16384,10,dispersed,10,18,106,0,3504,0.0462,0.0,true
HiddenCover,16384,10,dispersed,10,19,106,0,3504,0.0479,0.0,true
HiddenCover,16384,10,dispersed,10,20,106,0,3504,0.047599999999999996,0.0,true
HiddenCover,16384,10,dispersed,10,21,106,0,3504,0.0524,0.0,true
HiddenCover,16384,10,dispersed,10,22,106,0,3504,0.0471,0.0,true
HiddenCover,16384,10,dispersed,10,23,106,0,3504,0.0499,0.0,true
HiddenCover,16384,10,dispersed,10,24,106,0,3504,0.050300000000000004,0.0,true
HiddenCover,16384,10,dispersed,10,25,106,0,3504,0.0485,0.0,true
HiddenCover,16384,10,dispersed,10,26,106,0,3504,0.045899999999999996,0.0,true
HiddenCover,16384,10,dispersed,10,27,106,0,3504,0.046,0.0,true
HiddenCover,16384,10,dispersed,10,28,106,0,3504,0.0504,0.0,true
HiddenCover,16384,10,dispersed,10,29,106,0,3504,0.0462,0.0,true
HiddenCover,16384,10,dispersed,11,0,106,0,3504,0.045899999999999996,0.0,true
HiddenCover,16384,10,dispersed,11,1,106,0,3504,0.0463,0.0,true
HiddenCover,16384,10,dispersed,11,2,106,0,3504,0.046900000000000004,0.0,true
HiddenCover,16384,10,dispersed,11,3,106,0,3504,0.0468,0.0,true
HiddenCover,16384,10,dispersed,11,4,106,0,3504,0.051199999999999996,0.0,true
HiddenCover,16384,10,dispersed,11,5,106,0,3504,0.0478,0.0,true
HiddenCover,16384,10,dispersed,11,6,106,0,3504,0.046400000000000004,0.0,true
HiddenCover,16384,10,dispersed,11,7,106,0,3504,0.045899999999999996,0.0,true
HiddenCover,16384,10,dispersed,11,8,106,0,3504,0.0458,0.0,true
HiddenCover,16384,10,dispersed,11,9,106,0,3504,0.045899999999999996,0.0,true
HiddenCover,16384,10,dispersed,11,10,106,0,3504,0.0462,0.0,true
HiddenCover,16384,10,dispersed,11,11,106,0,3504,0.045599999999999995,0.0,true
HiddenCover,16384,10,dispersed,11,12,106,0,3504,0.0557,0.0,true
HiddenCover,16384,10,dispersed,11,13,106,0,3504,0.0516,0.0,true
HiddenCover,16384,10,dispersed,11,14,106,0,3504,0.0463,0.0,true
HiddenCover,16384,10,dispersed,11,15,106,0,3504,0.0458,0.0,true
HiddenCover,16384,10,dispersed,11,16,106,0,3504,0.045599999999999995,0.0,true
HiddenCover,16384,10,dispersed,11,17,106,0,3504,0.0458,0.0,true
HiddenCover,16384,10,dispersed,11,18,106,0,3504,0.0462,0.0,true
HiddenCover,16384,10,dispersed,11,19,106,0,3504,0.0458,0.0,true
HiddenCover,16384,10,dispersed,11,20,106,0,3504,0.0457,0.0,true
HiddenCover,16384,10,dispersed,11,21,106,0,3504,0.0458,0.0,true
HiddenCover,16384,10,dispersed,11,22,106,0,3504,0.0461,0.0,true
HiddenCover,16384,10,dispersed,11,23,106,0,3504,0.0457,0.0,true
HiddenCover,16384,10,dispersed,11,24,106,0,3504,0.045599999999999995,0.0,true
HiddenCover,16384,10,dispersed,11,25,106,0,3504,0.0458,0.0,true
HiddenCover,16384,10,dispersed,11,26,106,0,3504,0.046,0.0,true
HiddenCover,16384,10,dispersed,11,27,106,0,3504,0.0457,0.0,true
HiddenCover,16384,10,dispersed,11,28,106,0,3504,0.045599999999999995,0.0,true
HiddenCover,16384,10,dispersed,11,29,106,0,3504,0.045899999999999996,0.0,true
HiddenCover,16384,10,dispersed,12,0,106,0,3504,0.0462,0.0,true
HiddenCover,16384,10,dispersed,12,1,106,0,3504,0.045899999999999996,0.0,true
HiddenCover,16384,10,dispersed,12,2,106,0,3504,0.046,0.0,true
HiddenCover,16384,10,dispersed,12,3,106,0,3504,0.0457,0.0,true
HiddenCover,16384,10,dispersed,12,4,106,0,3504,0.0461,0.0,true
HiddenCover,16384,10,dispersed,12,5,106,0,3504,0.0457,0.0,true
HiddenCover,16384,10,dispersed,12,6,106,0,3504,0.047599999999999996,0.0,true
HiddenCover,16384,10,dispersed,12,7,106,0,3504,0.046400000000000004,0.0,true
HiddenCover,16384,10,dispersed,12,8,106,0,3504,0.0531,0.0,true
HiddenCover,16384,10,dispersed,12,9,106,0,3504,0.0462,0.0,true
HiddenCover,16384,10,dispersed,12,10,106,0,3504,0.045599999999999995,0.0,true
HiddenCover,16384,10,dispersed,12,11,106,0,3504,0.0457,0.0,true
HiddenCover,16384,10,dispersed,12,12,106,0,3504,0.046,0.0,true
HiddenCover,16384,10,dispersed,12,13,106,0,3504,0.045399999999999996,0.0,true
HiddenCover,16384,10,dispersed,12,14,106,0,3504,0.0458,0.0,true
HiddenCover,16384,10,dispersed,12,15,106,0,3504,0.047,0.0,true
HiddenCover,16384,10,dispersed,12,16,106,0,3504,0.0463,0.0,true
HiddenCover,16384,10,dispersed,12,17,106,0,3504,0.045899999999999996,0.0,true
HiddenCover,16384,10,dispersed,12,18,106,0,3504,0.0457,0.0,true
HiddenCover,16384,10,dispersed,12,19,106,0,3504,0.0575,0.0,true
HiddenCover,16384,10,dispersed,12,20,106,0,3504,0.046,0.0,true
HiddenCover,16384,10,dispersed,12,21,106,0,3504,0.0455,0.0,true
HiddenCover,16384,10,dispersed,12,22,106,0,3504,0.045599999999999995,0.0,true
HiddenCover,16384,10,dispersed,12,23,106,0,3504,0.045599999999999995,0.0,true
HiddenCover,16384,10,dispersed,12,24,106,0,3504,0.0458,0.0,true
HiddenCover,16384,10,dispersed,12,25,106,0,3504,0.0455,0.0,true
HiddenCover,16384,10,dispersed,12,26,106,0,3504,0.0457,0.0,true
HiddenCover,16384,10,dispersed,12,27,106,0,3504,0.0455,0.0,true
HiddenCover,16384,10,dispersed,12,28,106,0,3504,0.046,0.0,true
HiddenCover,16384,10,dispersed,12,29,106,0,3504,0.0455,0.0,true
HiddenCover,16384,10,dispersed,13,0,106,0,3504,0.045399999999999996,0.0,true
HiddenCover,16384,10,dispersed,13,1,106,0,3504,0.0455,0.0,true
HiddenCover,16384,10,dispersed,13,2,106,0,3504,0.045599999999999995,0.0,true
HiddenCover,16384,10,dispersed,13,3,106,0,3504,0.0461,0.0,true
HiddenCover,16384,10,dispersed,13,4,106,0,3504,0.0455,0.0,true
HiddenCover,16384,10,dispersed,13,5,106,0,3504,0.0455,0.0,true
HiddenCover,16384,10,dispersed,13,6,106,0,3504,0.0453,0.0,true
HiddenCover,16384,10,dispersed,13,7,106,0,3504,0.0458,0.0,true
HiddenCover,16384,10,dispersed,13,8,106,0,3504,0.045399999999999996,0.0,true
HiddenCover,16384,10,dispersed,13,9,106,0,3504,0.045599999999999995,0.0,true
HiddenCover,16384,10,dispersed,13,10,106,0,3504,0.0455,0.0,true
HiddenCover,16384,10,dispersed,13,11,106,0,3504,0.045899999999999996,0.0,true
HiddenCover,16384,10,dispersed,13,12,106,0,3504,0.0457,0.0,true
HiddenCover,16384,10,dispersed,13,13,106,0,3504,0.0483,0.0,true
HiddenCover,16384,10,dispersed,13,14,106,0,3504,0.0481,0.0,true
HiddenCover,16384,10,dispersed,13,15,106,0,3504,0.046,0.0,true
HiddenCover,16384,10,dispersed,13,16,106,0,3504,0.045599999999999995,0.0,true
HiddenCover,16384,10,dispersed,13,17,106,0,3504,0.045599999999999995,0.0,true
HiddenCover,16384,10,dispersed,13,18,106,0,3504,0.046,0.0,true
HiddenCover,16384,10,dispersed,13,19,106,0,3504,0.0457,0.0,true
HiddenCover,16384,10,dispersed,13,20,106,0,3504,0.0457,0.0,true
HiddenCover,16384,10,dispersed,13,21,106,0,3504,0.0455,0.0,true
HiddenCover,16384,10,dispersed,13,22,106,0,3504,0.046,0.0,true
HiddenCover,16384,10,dispersed,13,23,106,0,3504,0.0455,0.0,true
HiddenCover,16384,10,dispersed,13,24,106,0,3504,0.0457,0.0,true
HiddenCover,16384,10,dispersed,13,25,106,0,3504,0.045599999999999995,0.0,true
HiddenCover,16384,10,dispersed,13,26,106,0,3504,0.0458,0.0,true
HiddenCover,16384,10,dispersed,13,27,106,0,3504,0.045399999999999996,0.0,true
HiddenCover,16384,10,dispersed,13,28,106,0,3504,0.0457,0.0,true
HiddenCover,16384,10,dispersed,13,29,106,0,3504,0.0458,0.0,true
HiddenCover,16384,10,dispersed,14,0,106,0,3504,0.045599999999999995,0.0,true
HiddenCover,16384,10,dispersed,14,1,106,0,3504,0.0461,0.0,true
HiddenCover,16384,10,dispersed,14,2,106,0,3504,0.0457,0.0,true
HiddenCover,16384,10,dispersed,14,3,106,0,3504,0.0458,0.0,true
HiddenCover,16384,10,dispersed,14,4,106,0,3504,0.0457,0.0,true
HiddenCover,16384,10,dispersed,14,5,106,0,3504,0.0461,0.0,true
HiddenCover,16384,10,dispersed,14,6,106,0,3504,0.0455,0.0,true
HiddenCover,16384,10,dispersed,14,7,106,0,3504,0.045599999999999995,0.0,true
HiddenCover,16384,10,dispersed,14,8,106,0,3504,0.0457,0.0,true
HiddenCover,16384,10,dispersed,14,9,106,0,3504,0.045899999999999996,0.0,true
HiddenCover,16384,10,dispersed,14,10,106,0,3504,0.0457,0.0,true
HiddenCover,16384,10,dispersed,14,11,106,0,3504,0.045599999999999995,0.0,true
HiddenCover,16384,10,dispersed,14,12,106,0,3504,0.045599999999999995,0.0,true
HiddenCover,16384,10,dispersed,14,13,106,0,3504,0.0461,0.0,true
HiddenCover,16384,10,dispersed,14,14,106,0,3504,0.0457,0.0,true
HiddenCover,16384,10,dispersed,14,15,106,0,3504,0.0458,0.0,true
HiddenCover,16384,10,dispersed,14,16,106,0,3504,0.045599999999999995,0.0,true
HiddenCover,16384,10,dispersed,14,17,106,0,3504,0.045899999999999996,0.0,true
HiddenCover,16384,10,dispersed,14,18,106,0,3504,0.0458,0.0,true
HiddenCover,16384,10,dispersed,14,19,106,0,3504,0.0613,0.0,true
HiddenCover,16384,10,dispersed,14,20,106,0,3504,0.046,0.0,true
HiddenCover,16384,10,dispersed,14,21,106,0,3504,0.0462,0.0,true
HiddenCover,16384,10,dispersed,14,22,106,0,3504,0.0465,0.0,true
HiddenCover,16384,10,dispersed,14,23,106,0,3504,0.045899999999999996,0.0,true
HiddenCover,16384,10,dispersed,14,24,106,0,3504,0.0457,0.0,true
HiddenCover,16384,10,dispersed,14,25,106,0,3504,0.0461,0.0,true
HiddenCover,16384,10,dispersed,14,26,106,0,3504,0.045599999999999995,0.0,true
HiddenCover,16384,10,dispersed,14,27,106,0,3504,0.0457,0.0,true
HiddenCover,16384,10,dispersed,14,28,106,0,3504,0.045899999999999996,0.0,true
HiddenCover,16384,10,dispersed,14,29,106,0,3504,0.0461,0.0,true
HiddenCover,16384,10,dispersed,15,0,106,0,3504,0.0455,0.0,true
HiddenCover,16384,10,dispersed,15,1,106,0,3504,0.12940000000000002,0.0,true
HiddenCover,16384,10,dispersed,15,2,106,0,3504,0.0848,0.0,true
HiddenCover,16384,10,dispersed,15,3,106,0,3504,0.046900000000000004,0.0,true
HiddenCover,16384,10,dispersed,15,4,106,0,3504,0.0457,0.0,true
HiddenCover,16384,10,dispersed,15,5,106,0,3504,0.0494,0.0,true
HiddenCover,16384,10,dispersed,15,6,106,0,3504,0.0537,0.0,true
HiddenCover,16384,10,dispersed,15,7,106,0,3504,0.045899999999999996,0.0,true
HiddenCover,16384,10,dispersed,15,8,106,0,3504,0.0458,0.0,true
HiddenCover,16384,10,dispersed,15,9,106,0,3504,0.0614,0.0,true
HiddenCover,16384,10,dispersed,15,10,106,0,3504,0.046,0.0,true
HiddenCover,16384,10,dispersed,15,11,106,0,3504,0.043699999999999996,0.0,true
HiddenCover,16384,10,dispersed,15,12,106,0,3504,0.0435,0.0,true
HiddenCover,16384,10,dispersed,15,13,106,0,3504,0.0435,0.0,true
HiddenCover,16384,10,dispersed,15,14,106,0,3504,0.0436,0.0,true
HiddenCover,16384,10,dispersed,15,15,106,0,3504,0.043699999999999996,0.0,true
HiddenCover,16384,10,dispersed,15,16,106,0,3504,0.0434,0.0,true
HiddenCover,16384,10,dispersed,15,17,106,0,3504,0.0435,0.0,true
HiddenCover,16384,10,dispersed,15,18,106,0,3504,0.0432,0.0,true
HiddenCover,16384,10,dispersed,15,19,106,0,3504,0.0438,0.0,true
HiddenCover,16384,10,dispersed,15,20,106,0,3504,0.0434,0.0,true
HiddenCover,16384,10,dispersed,15,21,106,0,3504,0.0455,0.0,true
HiddenCover,16384,10,dispersed,15,22,106,0,3504,0.0457,0.0,true
HiddenCover,16384,10,dispersed,15,23,106,0,3504,0.045899999999999996,0.0,true
HiddenCover,16384,10,dispersed,15,24,106,0,3504,0.0468,0.0,true
HiddenCover,16384,10,dispersed,15,25,106,0,3504,0.0432,0.0,true
HiddenCover,16384,10,dispersed,15,26,106,0,3504,0.0434,0.0,true
HiddenCover,16384,10,dispersed,15,27,106,0,3504,0.043699999999999996,0.0,true
HiddenCover,16384,10,dispersed,15,28,106,0,3504,0.0435,0.0,true
HiddenCover,16384,10,dispersed,15,29,106,0,3504,0.0434,0.0,true
HiddenCover,16384,10,dispersed,16,0,106,0,3504,0.0432,0.0,true
HiddenCover,16384,10,dispersed,16,1,106,0,3504,0.0428,0.0,true
HiddenCover,16384,10,dispersed,16,2,106,0,3504,0.043300000000000005,0.0,true
HiddenCover,16384,10,dispersed,16,3,106,0,3504,0.043000000000000003,0.0,true
HiddenCover,16384,10,dispersed,16,4,106,0,3504,0.043000000000000003,0.0,true
HiddenCover,16384,10,dispersed,16,5,106,0,3504,0.0445,0.0,true
HiddenCover,16384,10,dispersed,16,6,106,0,3504,0.045599999999999995,0.0,true
HiddenCover,16384,10,dispersed,16,7,106,0,3504,0.0718,0.0,true
HiddenCover,16384,10,dispersed,16,8,106,0,3504,0.043300000000000005,0.0,true
HiddenCover,16384,10,dispersed,16,9,106,0,3504,0.0431,0.0,true
HiddenCover,16384,10,dispersed,16,10,106,0,3504,0.043699999999999996,0.0,true
HiddenCover,16384,10,dispersed,16,11,106,0,3504,0.0434,0.0,true
HiddenCover,16384,10,dispersed,16,12,106,0,3504,0.043300000000000005,0.0,true
HiddenCover,16384,10,dispersed,16,13,106,0,3504,0.0431,0.0,true
HiddenCover,16384,10,dispersed,16,14,106,0,3504,0.0435,0.0,true
HiddenCover,16384,10,dispersed,16,15,106,0,3504,0.0434,0.0,true
HiddenCover,16384,10,dispersed,16,16,106,0,3504,0.0432,0.0,true
HiddenCover,16384,10,dispersed,16,17,106,0,3504,0.0434,0.0,true
HiddenCover,16384,10,dispersed,16,18,106,0,3504,0.0434,0.0,true
HiddenCover,16384,10,dispersed,16,19,106,0,3504,0.043300000000000005,0.0,true
HiddenCover,16384,10,dispersed,16,20,106,0,3504,0.0432,0.0,true
HiddenCover,16384,10,dispersed,16,21,106,0,3504,0.043000000000000003,0.0,true
HiddenCover,16384,10,dispersed,16,22,106,0,3504,0.043699999999999996,0.0,true
HiddenCover,16384,10,dispersed,16,23,106,0,3504,0.0431,0.0,true
HiddenCover,16384,10,dispersed,16,24,106,0,3504,0.0431,0.0,true
HiddenCover,16384,10,dispersed,16,25,106,0,3504,0.0434,0.0,true
HiddenCover,16384,10,dispersed,16,26,106,0,3504,0.043300000000000005,0.0,true
HiddenCover,16384,10,dispersed,16,27,106,0,3504,0.0441,0.0,true
HiddenCover,16384,10,dispersed,16,28,106,0,3504,0.0451,0.0,true
HiddenCover,16384,10,dispersed,16,29,106,0,3504,0.045599999999999995,0.0,true
HiddenCover,16384,10,dispersed,17,0,106,0,3504,0.044,0.0,true
HiddenCover,16384,10,dispersed,17,1,106,0,3504,0.0435,0.0,true
HiddenCover,16384,10,dispersed,17,2,106,0,3504,0.043699999999999996,0.0,true
HiddenCover,16384,10,dispersed,17,3,106,0,3504,0.043699999999999996,0.0,true
HiddenCover,16384,10,dispersed,17,4,106,0,3504,0.0439,0.0,true
HiddenCover,16384,10,dispersed,17,5,106,0,3504,0.043699999999999996,0.0,true
HiddenCover,16384,10,dispersed,17,6,106,0,3504,0.0435,0.0,true
HiddenCover,16384,10,dispersed,17,7,106,0,3504,0.043699999999999996,0.0,true
HiddenCover,16384,10,dispersed,17,8,106,0,3504,0.0438,0.0,true
HiddenCover,16384,10,dispersed,17,9,106,0,3504,0.0435,0.0,true
HiddenCover,16384,10,dispersed,17,10,106,0,3504,0.043699999999999996,0.0,true
HiddenCover,16384,10,dispersed,17,11,106,0,3504,0.0434,0.0,true
HiddenCover,16384,10,dispersed,17,12,106,0,3504,0.045399999999999996,0.0,true
HiddenCover,16384,10,dispersed,17,13,106,0,3504,0.045899999999999996,0.0,true
HiddenCover,16384,10,dispersed,17,14,106,0,3504,0.0465,0.0,true
HiddenCover,16384,10,dispersed,17,15,106,0,3504,0.0435,0.0,true
HiddenCover,16384,10,dispersed,17,16,106,0,3504,0.045899999999999996,0.0,true
HiddenCover,16384,10,dispersed,17,17,106,0,3504,0.0436,0.0,true
HiddenCover,16384,10,dispersed,17,18,106,0,3504,0.043699999999999996,0.0,true
HiddenCover,16384,10,dispersed,17,19,106,0,3504,0.043699999999999996,0.0,true
HiddenCover,16384,10,dispersed,17,20,106,0,3504,0.0439,0.0,true
HiddenCover,16384,10,dispersed,17,21,106,0,3504,0.0436,0.0,true
HiddenCover,16384,10,dispersed,17,22,106,0,3504,0.045599999999999995,0.0,true
HiddenCover,16384,10,dispersed,17,23,106,0,3504,0.0458,0.0,true
HiddenCover,16384,10,dispersed,17,24,106,0,3504,0.0468,0.0,true
HiddenCover,16384,10,dispersed,17,25,106,0,3504,0.0436,0.0,true
HiddenCover,16384,10,dispersed,17,26,106,0,3504,0.043699999999999996,0.0,true
HiddenCover,16384,10,dispersed,17,27,106,0,3504,0.0435,0.0,true
HiddenCover,16384,10,dispersed,17,28,106,0,3504,0.0439,0.0,true
HiddenCover,16384,10,dispersed,17,29,106,0,3504,0.0436,0.0,true
HiddenCover,16384,10,dispersed,18,0,106,0,3504,0.0443,0.0,true
HiddenCover,16384,10,dispersed,18,1,106,0,3504,0.0451,0.0,true
HiddenCover,16384,10,dispersed,18,2,106,0,3504,0.0436,0.0,true
HiddenCover,16384,10,dispersed,18,3,106,0,3504,0.044700000000000004,0.0,true
HiddenCover,16384,10,dispersed,18,4,106,0,3504,0.0527,0.0,true
HiddenCover,16384,10,dispersed,18,5,106,0,3504,0.0982,0.0,true
HiddenCover,16384,10,dispersed,18,6,106,0,3504,0.0764,0.0,true
HiddenCover,16384,10,dispersed,18,7,106,0,3504,0.092,0.0,true
HiddenCover,16384,10,dispersed,18,8,106,0,3504,0.1041,0.0,true
HiddenCover,16384,10,dispersed,18,9,106,0,3504,0.0574,0.0,true
HiddenCover,16384,10,dispersed,18,10,106,0,3504,0.0753,0.0,true
HiddenCover,16384,10,dispersed,18,11,106,0,3504,0.0627,0.0,true
HiddenCover,16384,10,dispersed,18,12,106,0,3504,0.0599,0.0,true
HiddenCover,16384,10,dispersed,18,13,106,0,3504,0.0966,0.0,true
HiddenCover,16384,10,dispersed,18,14,106,0,3504,0.060000000000000005,0.0,true
HiddenCover,16384,10,dispersed,18,15,106,0,3504,0.0618,0.0,true
HiddenCover,16384,10,dispersed,18,16,106,0,3504,0.0541,0.0,true
HiddenCover,16384,10,dispersed,18,17,106,0,3504,0.0467,0.0,true
HiddenCover,16384,10,dispersed,18,18,106,0,3504,0.0497,0.0,true
HiddenCover,16384,10,dispersed,18,19,106,0,3504,0.0514,0.0,true
HiddenCover,16384,10,dispersed,18,20,106,0,3504,0.0478,0.0,true
HiddenCover,16384,10,dispersed,18,21,106,0,3504,0.0487,0.0,true
HiddenCover,16384,10,dispersed,18,22,106,0,3504,0.0644,0.0,true
HiddenCover,16384,10,dispersed,18,23,106,0,3504,0.0528,0.0,true
HiddenCover,16384,10,dispersed,18,24,106,0,3504,0.0484,0.0,true
HiddenCover,16384,10,dispersed,18,25,106,0,3504,0.046,0.0,true
HiddenCover,16384,10,dispersed,18,26,106,0,3504,0.0468,0.0,true
HiddenCover,16384,10,dispersed,18,27,106,0,3504,0.0482,0.0,true
HiddenCover,16384,10,dispersed,18,28,106,0,3504,0.0612,0.0,true
HiddenCover,16384,10,dispersed,18,29,106,0,3504,0.0516,0.0,true
HiddenCover,16384,10,dispersed,19,0,106,0,3504,0.0502,0.0,true
HiddenCover,16384,10,dispersed,19,1,106,0,3504,0.0501,0.0,true
HiddenCover,16384,10,dispersed,19,2,106,0,3504,0.0458,0.0,true
HiddenCover,16384,10,dispersed,19,3,106,0,3504,0.0471,0.0,true
HiddenCover,16384,10,dispersed,19,4,106,0,3504,0.0502,0.0,true
HiddenCover,16384,10,dispersed,19,5,106,0,3504,0.0517,0.0,true
HiddenCover,16384,10,dispersed,19,6,106,0,3504,0.0471,0.0,true
HiddenCover,16384,10,dispersed,19,7,106,0,3504,0.0531,0.0,true
HiddenCover,16384,10,dispersed,19,8,106,0,3504,0.0467,0.0,true
HiddenCover,16384,10,dispersed,19,9,106,0,3504,0.0471,0.0,true
HiddenCover,16384,10,dispersed,19,10,106,0,3504,0.0466,0.0,true
HiddenCover,16384,10,dispersed,19,11,106,0,3504,0.0465,0.0,true
HiddenCover,16384,10,dispersed,19,12,106,0,3504,0.046400000000000004,0.0,true
HiddenCover,16384,10,dispersed,19,13,106,0,3504,0.0477,0.0,true
HiddenCover,16384,10,dispersed,19,14,106,0,3504,0.0451,0.0,true
HiddenCover,16384,10,dispersed,19,15,106,0,3504,0.0457,0.0,true
HiddenCover,16384,10,dispersed,19,16,106,0,3504,0.0471,0.0,true
HiddenCover,16384,10,dispersed,19,17,106,0,3504,0.046900000000000004,0.0,true
HiddenCover,16384,10,dispersed,19,18,106,0,3504,0.0491,0.0,true
HiddenCover,16384,10,dispersed,19,19,106,0,3504,0.0475,0.0,true
HiddenCover,16384,10,dispersed,19,20,106,0,3504,0.0518,0.0,true
HiddenCover,16384,10,dispersed,19,21,106,0,3504,0.0458,0.0,true
HiddenCover,16384,10,dispersed,19,22,106,0,3504,0.046,0.0,true
HiddenCover,16384,10,dispersed,19,23,106,0,3504,0.0455,0.0,true
HiddenCover,16384,10,dispersed,19,24,106,0,3504,0.0457,0.0,true
HiddenCover,16384,10,dispersed,19,25,106,0,3504,0.0457,0.0,true
HiddenCover,16384,10,dispersed,19,26,106,0,3504,0.045399999999999996,0.0,true
HiddenCover,16384,10,dispersed,19,27,106,0,3504,0.0453,0.0,true
HiddenCover,16384,10,dispersed,19,28,106,0,3504,0.0457,0.0,true
HiddenCover,16384,10,dispersed,19,29,106,0,3504,0.045200000000000004,0.0,true
HiddenCover,16384,30,clustered,0,0,14,0,560,0.0287,0.0,true
HiddenCover,16384,30,clustered,0,1,14,0,560,0.0286,0.0,true
HiddenCover,16384,30,clustered,0,2,14,0,560,0.0292,0.0,true
HiddenCover,16384,30,clustered,0,3,14,0,560,0.0288,0.0,true
HiddenCover,16384,30,clustered,0,4,14,0,560,0.0287,0.0,true
HiddenCover,16384,30,clustered,0,5,14,0,560,0.0288,0.0,true
HiddenCover,16384,30,clustered,0,6,14,0,560,0.0288,0.0,true
HiddenCover,16384,30,clustered,0,7,14,0,560,0.0288,0.0,true
HiddenCover,16384,30,clustered,0,8,14,0,560,0.0291,0.0,true
HiddenCover,16384,30,clustered,0,9,14,0,560,0.028900000000000002,0.0,true
HiddenCover,16384,30,clustered,0,10,14,0,560,0.0288,0.0,true
HiddenCover,16384,30,clustered,0,11,14,0,560,0.0288,0.0,true
HiddenCover,16384,30,clustered,0,12,14,0,560,0.0287,0.0,true
HiddenCover,16384,30,clustered,0,13,14,0,560,0.0288,0.0,true
HiddenCover,16384,30,clustered,0,14,14,0,560,0.0291,0.0,true
HiddenCover,16384,30,clustered,0,15,14,0,560,0.0288,0.0,true
HiddenCover,16384,30,clustered,0,16,14,0,560,0.0288,0.0,true
HiddenCover,16384,30,clustered,0,17,14,0,560,0.0288,0.0,true
HiddenCover,16384,30,clustered,0,18,14,0,560,0.028900000000000002,0.0,true
HiddenCover,16384,30,clustered,0,19,14,0,560,0.0292,0.0,true
HiddenCover,16384,30,clustered,0,20,14,0,560,0.0286,0.0,true
HiddenCover,16384,30,clustered,0,21,14,0,560,0.0288,0.0,true
HiddenCover,16384,30,clustered,0,22,14,0,560,0.0287,0.0,true
HiddenCover,16384,30,clustered,0,23,14,0,560,0.0287,0.0,true
HiddenCover,16384,30,clustered,0,24,14,0,560,0.0287,0.0,true
HiddenCover,16384,30,clustered,0,25,14,0,560,0.0291,0.0,true
HiddenCover,16384,30,clustered,0,26,14,0,560,0.0288,0.0,true
HiddenCover,16384,30,clustered,0,27,14,0,560,0.0288,0.0,true
HiddenCover,16384,30,clustered,0,28,14,0,560,0.0288,0.0,true
HiddenCover,16384,30,clustered,0,29,14,0,560,0.0288,0.0,true
HiddenCover,16384,30,clustered,1,0,17,0,656,0.0296,0.0,true
HiddenCover,16384,30,clustered,1,1,17,0,656,0.0296,0.0,true
HiddenCover,16384,30,clustered,1,2,17,0,656,0.0297,0.0,true
HiddenCover,16384,30,clustered,1,3,17,0,656,0.030000000000000002,0.0,true
HiddenCover,16384,30,clustered,1,4,17,0,656,0.0297,0.0,true
HiddenCover,16384,30,clustered,1,5,17,0,656,0.0296,0.0,true
HiddenCover,16384,30,clustered,1,6,17,0,656,0.0298,0.0,true
HiddenCover,16384,30,clustered,1,7,17,0,656,0.0296,0.0,true
HiddenCover,16384,30,clustered,1,8,17,0,656,0.030000000000000002,0.0,true
HiddenCover,16384,30,clustered,1,9,17,0,656,0.0296,0.0,true
HiddenCover,16384,30,clustered,1,10,17,0,656,0.0296,0.0,true
HiddenCover,16384,30,clustered,1,11,17,0,656,0.0297,0.0,true
HiddenCover,16384,30,clustered,1,12,17,0,656,0.0297,0.0,true
HiddenCover,16384,30,clustered,1,13,17,0,656,0.0299,0.0,true
HiddenCover,16384,30,clustered,1,14,17,0,656,0.0297,0.0,true
HiddenCover,16384,30,clustered,1,15,17,0,656,0.0297,0.0,true
HiddenCover,16384,30,clustered,1,16,17,0,656,0.0296,0.0,true
HiddenCover,16384,30,clustered,1,17,17,0,656,0.030000000000000002,0.0,true
HiddenCover,16384,30,clustered,1,18,17,0,656,0.0296,0.0,true
HiddenCover,16384,30,clustered,1,19,17,0,656,0.0296,0.0,true
HiddenCover,16384,30,clustered,1,20,17,0,656,0.0297,0.0,true
HiddenCover,16384,30,clustered,1,21,17,0,656,0.0296,0.0,true
HiddenCover,16384,30,clustered,1,22,17,0,656,0.030000000000000002,0.0,true
HiddenCover,16384,30,clustered,1,23,17,0,656,0.0295,0.0,true
HiddenCover,16384,30,clustered,1,24,17,0,656,0.0297,0.0,true
HiddenCover,16384,30,clustered,1,25,17,0,656,0.0297,0.0,true
HiddenCover,16384,30,clustered,1,26,17,0,656,0.0296,0.0,true
HiddenCover,16384,30,clustered,1,27,17,0,656,0.030000000000000002,0.0,true
HiddenCover,16384,30,clustered,1,28,17,0,656,0.0297,0.0,true
HiddenCover,16384,30,clustered,1,29,17,0,656,0.0297,0.0,true
HiddenCover,16384,30,clustered,2,0,12,0,496,0.0287,0.0,true
HiddenCover,16384,30,clustered,2,1,12,0,496,0.0287,0.0,true
HiddenCover,16384,30,clustered,2,2,12,0,496,0.029,0.0,true
HiddenCover,16384,30,clustered,2,3,12,0,496,0.0287,0.0,true
HiddenCover,16384,30,clustered,2,4,12,0,496,0.0287,0.0,true
HiddenCover,16384,30,clustered,2,5,12,0,496,0.0288,0.0,true
HiddenCover,16384,30,clustered,2,6,12,0,496,0.0287,0.0,true
HiddenCover,16384,30,clustered,2,7,12,0,496,0.0287,0.0,true
HiddenCover,16384,30,clustered,2,8,12,0,496,0.029,0.0,true
HiddenCover,16384,30,clustered,2,9,12,0,496,0.0286,0.0,true
HiddenCover,16384,30,clustered,2,10,12,0,496,0.0287,0.0,true
HiddenCover,16384,30,clustered,2,11,12,0,496,0.0286,0.0,true
HiddenCover,16384,30,clustered,2,12,12,0,496,0.0288,0.0,true
HiddenCover,16384,30,clustered,2,13,12,0,496,0.0287,0.0,true
HiddenCover,16384,30,clustered,2,14,12,0,496,0.0287,0.0,true
HiddenCover,16384,30,clustered,2,15,12,0,496,0.0291,0.0,true
HiddenCover,16384,30,clustered,2,16,12,0,496,0.0287,0.0,true
HiddenCover,16384,30,clustered,2,17,12,0,496,0.0286,0.0,true
HiddenCover,16384,30,clustered,2,18,12,0,496,0.0287,0.0,true
HiddenCover,16384,30,clustered,2,19,12,0,496,0.0287,0.0,true
HiddenCover,16384,30,clustered,2,20,12,0,496,0.0286,0.0,true
HiddenCover,16384,30,clustered,2,21,12,0,496,0.0287,0.0,true
HiddenCover,16384,30,clustered,2,22,12,0,496,0.029,0.0,true
HiddenCover,16384,30,clustered,2,23,12,0,496,0.0287,0.0,true
HiddenCover,16384,30,clustered,2,24,12,0,496,0.0303,0.0,true
HiddenCover,16384,30,clustered,2,25,12,0,496,0.0318,0.0,true
HiddenCover,16384,30,clustered,2,26,12,0,496,0.028900000000000002,0.0,true
HiddenCover,16384,30,clustered,2,27,12,0,496,0.0287,0.0,true
HiddenCover,16384,30,clustered,2,28,12,0,496,0.028900000000000002,0.0,true
HiddenCover,16384,30,clustered,2,29,12,0,496,0.0286,0.0,true
HiddenCover,16384,30,clustered,3,0,12,0,496,0.029,0.0,true
HiddenCover,16384,30,clustered,3,1,12,0,496,0.0288,0.0,true
HiddenCover,16384,30,clustered,3,2,12,0,496,0.0288,0.0,true
HiddenCover,16384,30,clustered,3,3,12,0,496,0.029,0.0,true
HiddenCover,16384,30,clustered,3,4,12,0,496,0.0293,0.0,true
HiddenCover,16384,30,clustered,3,5,12,0,496,0.028900000000000002,0.0,true
HiddenCover,16384,30,clustered,3,6,12,0,496,0.028900000000000002,0.0,true
HiddenCover,16384,30,clustered,3,7,12,0,496,0.028900000000000002,0.0,true
HiddenCover,16384,30,clustered,3,8,12,0,496,0.029,0.0,true
HiddenCover,16384,30,clustered,3,9,12,0,496,0.028900000000000002,0.0,true
HiddenCover,16384,30,clustered,3,10,12,0,496,0.028900000000000002,0.0,true
HiddenCover,16384,30,clustered,3,11,12,0,496,0.0291,0.0,true
HiddenCover,16384,30,clustered,3,12,12,0,496,0.028900000000000002,0.0,true
HiddenCover,16384,30,clustered,3,13,12,0,496,0.028900000000000002,0.0,true
HiddenCover,16384,30,clustered,3,14,12,0,496,0.028900000000000002,0.0,true
HiddenCover,16384,30,clustered,3,15,12,0,496,0.028900000000000002,0.0,true
HiddenCover,16384,30,clustered,3,16,12,0,496,0.029,0.0,true
HiddenCover,16384,30,clustered,3,17,12,0,496,0.0292,0.0,true
HiddenCover,16384,30,clustered,3,18,12,0,496,0.028900000000000002,0.0,true
HiddenCover,16384,30,clustered,3,19,12,0,496,0.0288,0.0,true
HiddenCover,16384,30,clustered,3,20,12,0,496,0.029,0.0,true
HiddenCover,16384,30,clustered,3,21,12,0,496,0.028900000000000002,0.0,true
HiddenCover,16384,30,clustered,3,22,12,0,496,0.0288,0.0,true
HiddenCover,16384,30,clustered,3,23,12,0,496,0.0288,0.0,true
HiddenCover,16384,30,clustered,3,24,12,0,496,0.0292,0.0,true
HiddenCover,16384,30,clustered,3,25,12,0,496,0.029,0.0,true
HiddenCover,16384,30,clustered,3,26,12,0,496,0.028900000000000002,0.0,true
HiddenCover,16384,30,clustered,3,27,12,0,496,0.028900000000000002,0.0,true
HiddenCover,16384,30,clustered,3,28,12,0,496,0.0288,0.0,true
HiddenCover,16384,30,clustered,3,29,12,0,496,0.0288,0.0,true
HiddenCover,16384,30,clustered,4,0,15,0,592,0.0291,0.0,true
HiddenCover,16384,30,clustered,4,1,15,0,592,0.0292,0.0,true
HiddenCover,16384,30,clustered,4,2,15,0,592,0.0292,0.0,true
HiddenCover,16384,30,clustered,4,3,15,0,592,0.0293,0.0,true
HiddenCover,16384,30,clustered,4,4,15,0,592,0.0294,0.0,true
HiddenCover,16384,30,clustered,4,5,15,0,592,0.0293,0.0,true
HiddenCover,16384,30,clustered,4,6,15,0,592,0.0291,0.0,true
HiddenCover,16384,30,clustered,4,7,15,0,592,0.0292,0.0,true
HiddenCover,16384,30,clustered,4,8,15,0,592,0.0292,0.0,true
HiddenCover,16384,30,clustered,4,9,15,0,592,0.0295,0.0,true
HiddenCover,16384,30,clustered,4,10,15,0,592,0.0293,0.0,true
HiddenCover,16384,30,clustered,4,11,15,0,592,0.0292,0.0,true
HiddenCover,16384,30,clustered,4,12,15,0,592,0.0292,0.0,true
HiddenCover,16384,30,clustered,4,13,15,0,592,0.0292,0.0,true
HiddenCover,16384,30,clustered,4,14,15,0,592,0.0293,0.0,true
HiddenCover,16384,30,clustered,4,15,15,0,592,0.0295,0.0,true
HiddenCover,16384,30,clustered,4,16,15,0,592,0.0292,0.0,true
HiddenCover,16384,30,clustered,4,17,15,0,592,0.0291,0.0,true
HiddenCover,16384,30,clustered,4,18,15,0,592,0.029,0.0,true
HiddenCover,16384,30,clustered,4,19,15,0,592,0.0292,0.0,true
HiddenCover,16384,30,clustered,4,20,15,0,592,0.0295,0.0,true
HiddenCover,16384,30,clustered,4,21,15,0,592,0.0291,0.0,true
HiddenCover,16384,30,clustered,4,22,15,0,592,0.0291,0.0,true
HiddenCover,16384,30,clustered,4,23,15,0,592,0.0291,0.0,true
HiddenCover,16384,30,clustered,4,24,15,0,592,0.0292,0.0,true
HiddenCover,16384,30,clustered,4,25,15,0,592,0.0294,0.0,true
HiddenCover,16384,30,clustered,4,26,15,0,592,0.0292,0.0,true
HiddenCover,16384,30,clustered,4,27,15,0,592,0.0291,0.0,true
HiddenCover,16384,30,clustered,4,28,15,0,592,0.0292,0.0,true
HiddenCover,16384,30,clustered,4,29,15,0,592,0.0292,0.0,true
HiddenCover,16384,30,clustered,5,0,16,0,624,0.0288,0.0,true
HiddenCover,16384,30,clustered,5,1,16,0,624,0.029,0.0,true
HiddenCover,16384,30,clustered,5,2,16,0,624,0.028900000000000002,0.0,true
HiddenCover,16384,30,clustered,5,3,16,0,624,0.0293,0.0,true
HiddenCover,16384,30,clustered,5,4,16,0,624,0.0291,0.0,true
HiddenCover,16384,30,clustered,5,5,16,0,624,0.029,0.0,true
HiddenCover,16384,30,clustered,5,6,16,0,624,0.029,0.0,true
HiddenCover,16384,30,clustered,5,7,16,0,624,0.029,0.0,true
HiddenCover,16384,30,clustered,5,8,16,0,624,0.0292,0.0,true
HiddenCover,16384,30,clustered,5,9,16,0,624,0.0288,0.0,true
HiddenCover,16384,30,clustered,5,10,16,0,624,0.028900000000000002,0.0,true
HiddenCover,16384,30,clustered,5,11,16,0,624,0.028900000000000002,0.0,true
HiddenCover,16384,30,clustered,5,12,16,0,624,0.029,0.0,true
HiddenCover,16384,30,clustered,5,13,16,0,624,0.0293,0.0,true
HiddenCover,16384,30,clustered,5,14,16,0,624,0.028900000000000002,0.0,true
HiddenCover,16384,30,clustered,5,15,16,0,624,0.028900000000000002,0.0,true
HiddenCover,16384,30,clustered,5,16,16,0,624,0.0305,0.0,true
HiddenCover,16384,30,clustered,5,17,16,0,624,0.0342,0.0,true
HiddenCover,16384,30,clustered,5,18,16,0,624,0.034100000000000005,0.0,true
HiddenCover,16384,30,clustered,5,19,16,0,624,0.030199999999999998,0.0,true
HiddenCover,16384,30,clustered,5,20,16,0,624,0.0313,0.0,true
HiddenCover,16384,30,clustered,5,21,16,0,624,0.0318,0.0,true
HiddenCover,16384,30,clustered,5,22,16,0,624,0.035500000000000004,0.0,true
HiddenCover,16384,30,clustered,5,23,16,0,624,0.0314,0.0,true
HiddenCover,16384,30,clustered,5,24,16,0,624,0.0441,0.0,true
HiddenCover,16384,30,clustered,5,25,16,0,624,0.0423,0.0,true
HiddenCover,16384,30,clustered,5,26,16,0,624,0.0466,0.0,true
HiddenCover,16384,30,clustered,5,27,16,0,624,0.0467,0.0,true
HiddenCover,16384,30,clustered,5,28,16,0,624,0.043000000000000003,0.0,true
HiddenCover,16384,30,clustered,5,29,16,0,624,0.0401,0.0,true
HiddenCover,16384,30,clustered,6,0,14,0,560,0.0275,0.0,true
HiddenCover,16384,30,clustered,6,1,14,0,560,0.027399999999999997,0.0,true
HiddenCover,16384,30,clustered,6,2,14,0,560,0.027800000000000002,0.0,true
HiddenCover,16384,30,clustered,6,3,14,0,560,0.027399999999999997,0.0,true
HiddenCover,16384,30,clustered,6,4,14,0,560,0.0275,0.0,true
HiddenCover,16384,30,clustered,6,5,14,0,560,0.0276,0.0,true
HiddenCover,16384,30,clustered,6,6,14,0,560,0.027399999999999997,0.0,true
HiddenCover,16384,30,clustered,6,7,14,0,560,0.0275,0.0,true
HiddenCover,16384,30,clustered,6,8,14,0,560,0.0279,0.0,true
HiddenCover,16384,30,clustered,6,9,14,0,560,0.027399999999999997,0.0,true
HiddenCover,16384,30,clustered,6,10,14,0,560,0.0275,0.0,true
HiddenCover,16384,30,clustered,6,11,14,0,560,0.0275,0.0,true
HiddenCover,16384,30,clustered,6,12,14,0,560,0.0276,0.0,true
HiddenCover,16384,30,clustered,6,13,14,0,560,0.0275,0.0,true
HiddenCover,16384,30,clustered,6,14,14,0,560,0.0277,0.0,true
HiddenCover,16384,30,clustered,6,15,14,0,560,0.0275,0.0,true
HiddenCover,16384,30,clustered,6,16,14,0,560,0.0275,0.0,true
HiddenCover,16384,30,clustered,6,17,14,0,560,0.027399999999999997,0.0,true
HiddenCover,16384,30,clustered,6,18,14,0,560,0.0275,0.0,true
HiddenCover,16384,30,clustered,6,19,14,0,560,0.028900000000000002,0.0,true
HiddenCover,16384,30,clustered,6,20,14,0,560,0.0288,0.0,true
HiddenCover,16384,30,clustered,6,21,14,0,560,0.028900000000000002,0.0,true
HiddenCover,16384,30,clustered,6,22,14,0,560,0.028900000000000002,0.0,true
HiddenCover,16384,30,clustered,6,23,14,0,560,0.0296,0.0,true
HiddenCover,16384,30,clustered,6,24,14,0,560,0.027399999999999997,0.0,true
HiddenCover,16384,30,clustered,6,25,14,0,560,0.027800000000000002,0.0,true
HiddenCover,16384,30,clustered,6,26,14,0,560,0.0275,0.0,true
HiddenCover,16384,30,clustered,6,27,14,0,560,0.027399999999999997,0.0,true
HiddenCover,16384,30,clustered,6,28,14,0,560,0.0275,0.0,true
HiddenCover,16384,30,clustered,6,29,14,0,560,0.027399999999999997,0.0,true
HiddenCover,16384,30,clustered,7,0,13,0,528,0.0277,0.0,true
HiddenCover,16384,30,clustered,7,1,13,0,528,0.027399999999999997,0.0,true
HiddenCover,16384,30,clustered,7,2,13,0,528,0.027399999999999997,0.0,true
HiddenCover,16384,30,clustered,7,3,13,0,528,0.0275,0.0,true
HiddenCover,16384,30,clustered,7,4,13,0,528,0.027200000000000002,0.0,true
HiddenCover,16384,30,clustered,7,5,13,0,528,0.027399999999999997,0.0,true
HiddenCover,16384,30,clustered,7,6,13,0,528,0.027800000000000002,0.0,true
HiddenCover,16384,30,clustered,7,7,13,0,528,0.028399999999999998,0.0,true
HiddenCover,16384,30,clustered,7,8,13,0,528,0.0287,0.0,true
HiddenCover,16384,30,clustered,7,9,13,0,528,0.0288,0.0,true
HiddenCover,16384,30,clustered,7,10,13,0,528,0.0298,0.0,true
HiddenCover,16384,30,clustered,7,11,13,0,528,0.027399999999999997,0.0,true
HiddenCover,16384,30,clustered,7,12,13,0,528,0.0277,0.0,true
HiddenCover,16384,30,clustered,7,13,13,0,528,0.027399999999999997,0.0,true
HiddenCover,16384,30,clustered,7,14,13,0,528,0.027299999999999998,0.0,true
HiddenCover,16384,30,clustered,7,15,13,0,528,0.027399999999999997,0.0,true
HiddenCover,16384,30,clustered,7,16,13,0,528,0.027299999999999998,0.0,true
HiddenCover,16384,30,clustered,7,17,13,0,528,0.027399999999999997,0.0,true
HiddenCover,16384,30,clustered,7,18,13,0,528,0.0276,0.0,true
HiddenCover,16384,30,clustered,7,19,13,0,528,0.027399999999999997,0.0,true
HiddenCover,16384,30,clustered,7,20,13,0,528,0.027399999999999997,0.0,true
HiddenCover,16384,30,clustered,7,21,13,0,528,0.027399999999999997,0.0,true
HiddenCover,16384,30,clustered,7,22,13,0,528,0.027399999999999997,0.0,true
HiddenCover,16384,30,clustered,7,23,13,0,528,0.027399999999999997,0.0,true
HiddenCover,16384,30,clustered,7,24,13,0,528,0.0277,0.0,true
HiddenCover,16384,30,clustered,7,25,13,0,528,0.027299999999999998,0.0,true
HiddenCover,16384,30,clustered,7,26,13,0,528,0.027399999999999997,0.0,true
HiddenCover,16384,30,clustered,7,27,13,0,528,0.027200000000000002,0.0,true
HiddenCover,16384,30,clustered,7,28,13,0,528,0.027399999999999997,0.0,true
HiddenCover,16384,30,clustered,7,29,13,0,528,0.027299999999999998,0.0,true
HiddenCover,16384,30,clustered,8,0,14,0,560,0.0275,0.0,true
HiddenCover,16384,30,clustered,8,1,14,0,560,0.027399999999999997,0.0,true
HiddenCover,16384,30,clustered,8,2,14,0,560,0.0275,0.0,true
HiddenCover,16384,30,clustered,8,3,14,0,560,0.0275,0.0,true
HiddenCover,16384,30,clustered,8,4,14,0,560,0.027399999999999997,0.0,true
HiddenCover,16384,30,clustered,8,5,14,0,560,0.027800000000000002,0.0,true
HiddenCover,16384,30,clustered,8,6,14,0,560,0.027299999999999998,0.0,true
HiddenCover,16384,30,clustered,8,7,14,0,560,0.0275,0.0,true
HiddenCover,16384,30,clustered,8,8,14,0,560,0.027399999999999997,0.0,true
HiddenCover,16384,30,clustered,8,9,14,0,560,0.0275,0.0,true
HiddenCover,16384,30,clustered,8,10,14,0,560,0.0279,0.0,true
HiddenCover,16384,30,clustered,8,11,14,0,560,0.0275,0.0,true
HiddenCover,16384,30,clustered,8,12,14,0,560,0.0275,0.0,true
HiddenCover,16384,30,clustered,8,13,14,0,560,0.027399999999999997,0.0,true
HiddenCover,16384,30,clustered,8,14,14,0,560,0.0275,0.0,true
HiddenCover,16384,30,clustered,8,15,14,0,560,0.0275,0.0,true
HiddenCover,16384,30,clustered,8,16,14,0,560,0.027800000000000002,0.0,true
HiddenCover,16384,30,clustered,8,17,14,0,560,0.0275,0.0,true
HiddenCover,16384,30,clustered,8,18,14,0,560,0.027399999999999997,0.0,true
HiddenCover,16384,30,clustered,8,19,14,0,560,0.0275,0.0,true
HiddenCover,16384,30,clustered,8,20,14,0,560,0.0276,0.0,true
HiddenCover,16384,30,clustered,8,21,14,0,560,0.0275,0.0,true
HiddenCover,16384,30,clustered,8,22,14,0,560,0.0277,0.0,true
HiddenCover,16384,30,clustered,8,23,14,0,560,0.0275,0.0,true
HiddenCover,16384,30,clustered,8,24,14,0,560,0.027399999999999997,0.0,true
HiddenCover,16384,30,clustered,8,25,14,0,560,0.027399999999999997,0.0,true
HiddenCover,16384,30,clustered,8,26,14,0,560,0.0275,0.0,true
HiddenCover,16384,30,clustered,8,27,14,0,560,0.027800000000000002,0.0,true
HiddenCover,16384,30,clustered,8,28,14,0,560,0.0275,0.0,true
HiddenCover,16384,30,clustered,8,29,14,0,560,0.0275,0.0,true
HiddenCover,16384,30,clustered,9,0,17,0,656,0.0286,0.0,true
HiddenCover,16384,30,clustered,9,1,17,0,656,0.0283,0.0,true
HiddenCover,16384,30,clustered,9,2,17,0,656,0.0283,0.0,true
HiddenCover,16384,30,clustered,9,3,17,0,656,0.028399999999999998,0.0,true
HiddenCover,16384,30,clustered,9,4,17,0,656,0.0282,0.0,true
HiddenCover,16384,30,clustered,9,5,17,0,656,0.0287,0.0,true
HiddenCover,16384,30,clustered,9,6,17,0,656,0.0283,0.0,true
HiddenCover,16384,30,clustered,9,7,17,0,656,0.0283,0.0,true
HiddenCover,16384,30,clustered,9,8,17,0,656,0.0282,0.0,true
HiddenCover,16384,30,clustered,9,9,17,0,656,0.0281,0.0,true
HiddenCover,16384,30,clustered,9,10,17,0,656,0.0285,0.0,true
HiddenCover,16384,30,clustered,9,11,17,0,656,0.028399999999999998,0.0,true
HiddenCover,16384,30,clustered,9,12,17,0,656,0.0283,0.0,true
HiddenCover,16384,30,clustered,9,13,17,0,656,0.0283,0.0,true
HiddenCover,16384,30,clustered,9,14,17,0,656,0.0286,0.0,true
HiddenCover,16384,30,clustered,9,15,17,0,656,0.0283,0.0,true
HiddenCover,16384,30,clustered,9,16,17,0,656,0.0283,0.0,true
HiddenCover,16384,30,clustered,9,17,17,0,656,0.0283,0.0,true
HiddenCover,16384,30,clustered,9,18,17,0,656,0.0283,0.0,true
HiddenCover,16384,30,clustered,9,19,17,0,656,0.0285,0.0,true
HiddenCover,16384,30,clustered,9,20,17,0,656,0.0283,0.0,true
HiddenCover,16384,30,clustered,9,21,17,0,656,0.028399999999999998,0.0,true
HiddenCover,16384,30,clustered,9,22,17,0,656,0.0283,0.0,true
HiddenCover,16384,30,clustered,9,23,17,0,656,0.0282,0.0,true
HiddenCover,16384,30,clustered,9,24,17,0,656,0.0303,0.0,true
HiddenCover,16384,30,clustered,9,25,17,0,656,0.0282,0.0,true
HiddenCover,16384,30,clustered,9,26,17,0,656,0.0282,0.0,true
HiddenCover,16384,30,clustered,9,27,17,0,656,0.0283,0.0,true
HiddenCover,16384,30,clustered,9,28,17,0,656,0.028399999999999998,0.0,true
HiddenCover,16384,30,clustered,9,29,17,0,656,0.0286,0.0,true
HiddenCover,16384,30,clustered,10,0,14,0,560,0.0279,0.0,true
HiddenCover,16384,30,clustered,10,1,14,0,560,0.027800000000000002,0.0,true
HiddenCover,16384,30,clustered,10,2,14,0,560,0.027800000000000002,0.0,true
HiddenCover,16384,30,clustered,10,3,14,0,560,0.0283,0.0,true
HiddenCover,16384,30,clustered,10,4,14,0,560,0.027800000000000002,0.0,true
HiddenCover,16384,30,clustered,10,5,14,0,560,0.027800000000000002,0.0,true
HiddenCover,16384,30,clustered,10,6,14,0,560,0.0277,0.0,true
HiddenCover,16384,30,clustered,10,7,14,0,560,0.0276,0.0,true
HiddenCover,16384,30,clustered,10,8,14,0,560,0.0279,0.0,true
HiddenCover,16384,30,clustered,10,9,14,0,560,0.028,0.0,true
HiddenCover,16384,30,clustered,10,10,14,0,560,0.027800000000000002,0.0,true
HiddenCover,16384,30,clustered,10,11,14,0,560,0.027800000000000002,0.0,true
HiddenCover,16384,30,clustered,10,12,14,0,560,0.027800000000000002,0.0,true
HiddenCover,16384,30,clustered,10,13,14,0,560,0.0277,0.0,true
HiddenCover,16384,30,clustered,10,14,14,0,560,0.028,0.0,true
HiddenCover,16384,30,clustered,10,15,14,0,560,0.0277,0.0,true
HiddenCover,16384,30,clustered,10,16,14,0,560,0.0277,0.0,true
HiddenCover,16384,30,clustered,10,17,14,0,560,0.0277,0.0,true
HiddenCover,16384,30,clustered,10,18,14,0,560,0.027800000000000002,0.0,true
HiddenCover,16384,30,clustered,10,19,14,0,560,0.0277,0.0,true
HiddenCover,16384,30,clustered,10,20,14,0,560,0.0282,0.0,true
HiddenCover,16384,30,clustered,10,21,14,0,560,0.0277,0.0,true
HiddenCover,16384,30,clustered,10,22,14,0,560,0.027800000000000002,0.0,true
HiddenCover,16384,30,clustered,10,23,14,0,560,0.0277,0.0,true
HiddenCover,16384,30,clustered,10,24,14,0,560,0.027800000000000002,0.0,true
HiddenCover,16384,30,clustered,10,25,14,0,560,0.027800000000000002,0.0,true
HiddenCover,16384,30,clustered,10,26,14,0,560,0.0281,0.0,true
HiddenCover,16384,30,clustered,10,27,14,0,560,0.027800000000000002,0.0,true
HiddenCover,16384,30,clustered,10,28,14,0,560,0.027800000000000002,0.0,true
HiddenCover,16384,30,clustered,10,29,14,0,560,0.027800000000000002,0.0,true
HiddenCover,16384,30,clustered,11,0,16,0,624,0.028,0.0,true
HiddenCover,16384,30,clustered,11,1,16,0,624,0.0279,0.0,true
HiddenCover,16384,30,clustered,11,2,16,0,624,0.0281,0.0,true
HiddenCover,16384,30,clustered,11,3,16,0,624,0.027800000000000002,0.0,true
HiddenCover,16384,30,clustered,11,4,16,0,624,0.0282,0.0,true
HiddenCover,16384,30,clustered,11,5,16,0,624,0.0279,0.0,true
HiddenCover,16384,30,clustered,11,6,16,0,624,0.0279,0.0,true
HiddenCover,16384,30,clustered,11,7,16,0,624,0.0279,0.0,true
HiddenCover,16384,30,clustered,11,8,16,0,624,0.0279,0.0,true
HiddenCover,16384,30,clustered,11,9,16,0,624,0.0282,0.0,true
HiddenCover,16384,30,clustered,11,10,16,0,624,0.028,0.0,true
HiddenCover,16384,30,clustered,11,11,16,0,624,0.028,0.0,true
HiddenCover,16384,30,clustered,11,12,16,0,624,0.027800000000000002,0.0,true
HiddenCover,16384,30,clustered,11,13,16,0,624,0.0281,0.0,true
HiddenCover,16384,30,clustered,11,14,16,0,624,0.0283,0.0,true
HiddenCover,16384,30,clustered,11,15,16,0,624,0.0281,0.0,true
HiddenCover,16384,30,clustered,11,16,16,0,624,0.0282,0.0,true
HiddenCover,16384,30,clustered,11,17,16,0,624,0.0281,0.0,true
HiddenCover,16384,30,clustered,11,18,16,0,624,0.028,0.0,true
HiddenCover,16384,30,clustered,11,19,16,0,624,0.028399999999999998,0.0,true
HiddenCover,16384,30,clustered,11,20,16,0,624,0.0279,0.0,true
HiddenCover,16384,30,clustered,11,21,16,0,624,0.0279,0.0,true
HiddenCover,16384,30,clustered,11,22,16,0,624,0.028,0.0,true
HiddenCover,16384,30,clustered,11,23,16,0,624,0.0279,0.0,true
HiddenCover,16384,30,clustered,11,24,16,0,624,0.0283,0.0,true
HiddenCover,16384,30,clustered,11,25,16,0,624,0.0279,0.0,true
HiddenCover,16384,30,clustered,11,26,16,0,624,0.0279,0.0,true
HiddenCover,16384,30,clustered,11,27,16,0,624,0.0279,0.0,true
HiddenCover,16384,30,clustered,11,28,16,0,624,0.0281,0.0,true
HiddenCover,16384,30,clustered,11,29,16,0,624,0.028,0.0,true
HiddenCover,16384,30,clustered,12,0,14,0,560,0.0282,0.0,true
HiddenCover,16384,30,clustered,12,1,14,0,560,0.0305,0.0,true
HiddenCover,16384,30,clustered,12,2,14,0,560,0.06999999999999999,0.0,true
HiddenCover,16384,30,clustered,12,3,14,0,560,0.0405,0.0,true
HiddenCover,16384,30,clustered,12,4,14,0,560,0.036000000000000004,0.0,true
HiddenCover,16384,30,clustered,12,5,14,0,560,0.0365,0.0,true
HiddenCover,16384,30,clustered,12,6,14,0,560,0.0432,0.0,true
HiddenCover,16384,30,clustered,12,7,14,0,560,0.037200000000000004,0.0,true
HiddenCover,16384,30,clustered,12,8,14,0,560,0.047599999999999996,0.0,true
HiddenCover,16384,30,clustered,12,9,14,0,560,0.0854,0.0,true
HiddenCover,16384,30,clustered,12,10,14,0,560,0.0791,0.0,true
HiddenCover,16384,30,clustered,12,11,14,0,560,0.0803,0.0,true
HiddenCover,16384,30,clustered,12,12,14,0,560,0.0814,0.0,true
HiddenCover,16384,30,clustered,12,13,14,0,560,0.1441,0.0,true
HiddenCover,16384,30,clustered,12,14,14,0,560,0.0836,0.0,true
HiddenCover,16384,30,clustered,12,15,14,0,560,0.24850000000000003,0.0,true
HiddenCover,16384,30,clustered,12,16,14,0,560,0.1786,0.0,true
HiddenCover,16384,30,clustered,12,17,14,0,560,0.083,0.0,true
HiddenCover,16384,30,clustered,12,18,14,0,560,0.08009999999999999,0.0,true
HiddenCover,16384,30,clustered,12,19,14,0,560,0.0773,0.0,true
HiddenCover,16384,30,clustered,12,20,14,0,560,0.07930000000000001,0.0,true
HiddenCover,16384,30,clustered,12,21,14,0,560,0.0775,0.0,true
HiddenCover,16384,30,clustered,12,22,14,0,560,0.0818,0.0,true
HiddenCover,16384,30,clustered,12,23,14,0,560,0.0784,0.0,true
HiddenCover,16384,30,clustered,12,24,14,0,560,0.0673,0.0,true
HiddenCover,16384,30,clustered,12,25,14,0,560,0.066,0.0,true
HiddenCover,16384,30,clustered,12,26,14,0,560,0.0646,0.0,true
HiddenCover,16384,30,clustered,12,27,14,0,560,0.0698,0.0,true
HiddenCover,16384,30,clustered,12,28,14,0,560,0.0639,0.0,true
HiddenCover,16384,30,clustered,12,29,14,0,560,0.0612,0.0,true
HiddenCover,16384,30,clustered,13,0,14,0,560,0.0614,0.0,true
HiddenCover,16384,30,clustered,13,1,14,0,560,0.0608,0.0,true
HiddenCover,16384,30,clustered,13,2,14,0,560,0.06160000000000001,0.0,true
HiddenCover,16384,30,clustered,13,3,14,0,560,0.056799999999999996,0.0,true
HiddenCover,16384,30,clustered,13,4,14,0,560,0.0315,0.0,true
HiddenCover,16384,30,clustered,13,5,14,0,560,0.0306,0.0,true
HiddenCover,16384,30,clustered,13,6,14,0,560,0.0313,0.0,true
HiddenCover,16384,30,clustered,13,7,14,0,560,0.028900000000000002,0.0,true
HiddenCover,16384,30,clustered,13,8,14,0,560,0.029,0.0,true
HiddenCover,16384,30,clustered,13,9,14,0,560,0.0331,0.0,true
HiddenCover,16384,30,clustered,13,10,14,0,560,0.0333,0.0,true
HiddenCover,16384,30,clustered,13,11,14,0,560,0.032799999999999996,0.0,true
HiddenCover,16384,30,clustered,13,12,14,0,560,0.0349,0.0,true
HiddenCover,16384,30,clustered,13,13,14,0,560,0.0329,0.0,true
HiddenCover,16384,30,clustered,13,14,14,0,560,0.0333,0.0,true
HiddenCover,16384,30,clustered,13,15,14,0,560,0.0332,0.0,true
HiddenCover,16384,30,clustered,13,16,14,0,560,0.0318,0.0,true
HiddenCover,16384,30,clustered,13,17,14,0,560,0.031900000000000005,0.0,true
HiddenCover,16384,30,clustered,13,18,14,0,560,0.027800000000000002,0.0,true
HiddenCover,16384,30,clustered,13,19,14,0,560,0.0277,0.0,true
HiddenCover,16384,30,clustered,13,20,14,0,560,0.0293,0.0,true
HiddenCover,16384,30,clustered,13,21,14,0,560,0.030000000000000002,0.0,true
HiddenCover,16384,30,clustered,13,22,14,0,560,0.0303,0.0,true
HiddenCover,16384,30,clustered,13,23,14,0,560,0.055600000000000004,0.0,true
HiddenCover,16384,30,clustered,13,24,14,0,560,0.058100000000000006,0.0,true
HiddenCover,16384,30,clustered,13,25,14,0,560,0.0555,0.0,true
HiddenCover,16384,30,clustered,13,26,14,0,560,0.055,0.0,true
HiddenCover,16384,30,clustered,13,27,14,0,560,0.055,0.0,true
HiddenCover,16384,30,clustered,13,28,14,0,560,0.0554,0.0,true
HiddenCover,16384,30,clustered,13,29,14,0,560,0.0577,0.0,true
HiddenCover,16384,30,clustered,14,0,15,0,592,0.0305,0.0,true
HiddenCover,16384,30,clustered,14,1,15,0,592,0.0318,0.0,true
HiddenCover,16384,30,clustered,14,2,15,0,592,0.033,0.0,true
HiddenCover,16384,30,clustered,14,3,15,0,592,0.0327,0.0,true
HiddenCover,16384,30,clustered,14,4,15,0,592,0.0299,0.0,true
HiddenCover,16384,30,clustered,14,5,15,0,592,0.0324,0.0,true
HiddenCover,16384,30,clustered,14,6,15,0,592,0.0299,0.0,true
HiddenCover,16384,30,clustered,14,7,15,0,592,0.030000000000000002,0.0,true
HiddenCover,16384,30,clustered,14,8,15,0,592,0.0286,0.0,true
HiddenCover,16384,30,clustered,14,9,15,0,592,0.0291,0.0,true
HiddenCover,16384,30,clustered,14,10,15,0,592,0.0291,0.0,true
HiddenCover,16384,30,clustered,14,11,15,0,592,0.032,0.0,true
HiddenCover,16384,30,clustered,14,12,15,0,592,0.027800000000000002,0.0,true
HiddenCover,16384,30,clustered,14,13,15,0,592,0.0281,0.0,true
HiddenCover,16384,30,clustered,14,14,15,0,592,0.0277,0.0,true
HiddenCover,16384,30,clustered,14,15,15,0,592,0.0277,0.0,true
HiddenCover,16384,30,clustered,14,16,15,0,592,0.0276,0.0,true
HiddenCover,16384,30,clustered,14,17,15,0,592,0.0277,0.0,true
HiddenCover,16384,30,clustered,14,18,15,0,592,0.0282,0.0,true
HiddenCover,16384,30,clustered,14,19,15,0,592,0.0277,0.0,true
HiddenCover,16384,30,clustered,14,20,15,0,592,0.0279,0.0,true
HiddenCover,16384,30,clustered,14,21,15,0,592,0.0286,0.0,true
HiddenCover,16384,30,clustered,14,22,15,0,592,0.0291,0.0,true
HiddenCover,16384,30,clustered,14,23,15,0,592,0.0296,0.0,true
HiddenCover,16384,30,clustered,14,24,15,0,592,0.0313,0.0,true
HiddenCover,16384,30,clustered,14,25,15,0,592,0.0292,0.0,true
HiddenCover,16384,30,clustered,14,26,15,0,592,0.0277,0.0,true
HiddenCover,16384,30,clustered,14,27,15,0,592,0.0277,0.0,true
HiddenCover,16384,30,clustered,14,28,15,0,592,0.0276,0.0,true
HiddenCover,16384,30,clustered,14,29,15,0,592,0.0279,0.0,true
HiddenCover,16384,30,clustered,15,0,13,0,528,0.0276,0.0,true
HiddenCover,16384,30,clustered,15,1,13,0,528,0.0275,0.0,true
HiddenCover,16384,30,clustered,15,2,13,0,528,0.0277,0.0,true
HiddenCover,16384,30,clustered,15,3,13,0,528,0.0276,0.0,true
HiddenCover,16384,30,clustered,15,4,13,0,528,0.028,0.0,true
HiddenCover,16384,30,clustered,15,5,13,0,528,0.0277,0.0,true
HiddenCover,16384,30,clustered,15,6,13,0,528,0.0275,0.0,true
HiddenCover,16384,30,clustered,15,7,13,0,528,0.0275,0.0,true
HiddenCover,16384,30,clustered,15,8,13,0,528,0.0276,0.0,true
HiddenCover,16384,30,clustered,15,9,13,0,528,0.0277,0.0,true
HiddenCover,16384,30,clustered,15,10,13,0,528,0.028,0.0,true
HiddenCover,16384,30,clustered,15,11,13,0,528,0.0277,0.0,true
HiddenCover,16384,30,clustered,15,12,13,0,528,0.0277,0.0,true
HiddenCover,16384,30,clustered,15,13,13,0,528,0.0276,0.0,true
HiddenCover,16384,30,clustered,15,14,13,0,528,0.0277,0.0,true
HiddenCover,16384,30,clustered,15,15,13,0,528,0.0275,0.0,true
HiddenCover,16384,30,clustered,15,16,13,0,528,0.0279,0.0,true
HiddenCover,16384,30,clustered,15,17,13,0,528,0.0276,0.0,true
HiddenCover,16384,30,clustered,15,18,13,0,528,0.0275,0.0,true
HiddenCover,16384,30,clustered,15,19,13,0,528,0.0276,0.0,true
HiddenCover,16384,30,clustered,15,20,13,0,528,0.0276,0.0,true
HiddenCover,16384,30,clustered,15,21,13,0,528,0.028,0.0,true
HiddenCover,16384,30,clustered,15,22,13,0,528,0.0279,0.0,true
HiddenCover,16384,30,clustered,15,23,13,0,528,0.0276,0.0,true
HiddenCover,16384,30,clustered,15,24,13,0,528,0.0276,0.0,true
HiddenCover,16384,30,clustered,15,25,13,0,528,0.0276,0.0,true
HiddenCover,16384,30,clustered,15,26,13,0,528,0.0276,0.0,true
HiddenCover,16384,30,clustered,15,27,13,0,528,0.0276,0.0,true
HiddenCover,16384,30,clustered,15,28,13,0,528,0.028,0.0,true
HiddenCover,16384,30,clustered,15,29,13,0,528,0.0276,0.0,true
HiddenCover,16384,30,clustered,16,0,11,0,464,0.0268,0.0,true
HiddenCover,16384,30,clustered,16,1,11,0,464,0.027,0.0,true
HiddenCover,16384,30,clustered,16,2,11,0,464,0.027,0.0,true
HiddenCover,16384,30,clustered,16,3,11,0,464,0.027,0.0,true
HiddenCover,16384,30,clustered,16,4,11,0,464,0.027,0.0,true
HiddenCover,16384,30,clustered,16,5,11,0,464,0.027200000000000002,0.0,true
HiddenCover,16384,30,clustered,16,6,11,0,464,0.027,0.0,true
HiddenCover,16384,30,clustered,16,7,11,0,464,0.0269,0.0,true
HiddenCover,16384,30,clustered,16,8,11,0,464,0.0269,0.0,true
HiddenCover,16384,30,clustered,16,9,11,0,464,0.027,0.0,true
HiddenCover,16384,30,clustered,16,10,11,0,464,0.0268,0.0,true
HiddenCover,16384,30,clustered,16,11,11,0,464,0.0269,0.0,true
HiddenCover,16384,30,clustered,16,12,11,0,464,0.027399999999999997,0.0,true
HiddenCover,16384,30,clustered,16,13,11,0,464,0.0269,0.0,true
HiddenCover,16384,30,clustered,16,14,11,0,464,0.0268,0.0,true
HiddenCover,16384,30,clustered,16,15,11,0,464,0.027,0.0,true
HiddenCover,16384,30,clustered,16,16,11,0,464,0.0269,0.0,true
HiddenCover,16384,30,clustered,16,17,11,0,464,0.027,0.0,true
HiddenCover,16384,30,clustered,16,18,11,0,464,0.027,0.0,true
HiddenCover,16384,30,clustered,16,19,11,0,464,0.027299999999999998,0.0,true
HiddenCover,16384,30,clustered,16,20,11,0,464,0.027,0.0,true
HiddenCover,16384,30,clustered,16,21,11,0,464,0.027,0.0,true
HiddenCover,16384,30,clustered,16,22,11,0,464,0.0268,0.0,true
HiddenCover,16384,30,clustered,16,23,11,0,464,0.0269,0.0,true
HiddenCover,16384,30,clustered,16,24,11,0,464,0.0269,0.0,true
HiddenCover,16384,30,clustered,16,25,11,0,464,0.027,0.0,true
HiddenCover,16384,30,clustered,16,26,11,0,464,0.027299999999999998,0.0,true
HiddenCover,16384,30,clustered,16,27,11,0,464,0.0269,0.0,true
HiddenCover,16384,30,clustered,16,28,11,0,464,0.0269,0.0,true
HiddenCover,16384,30,clustered,16,29,11,0,464,0.027,0.0,true
HiddenCover,16384,30,clustered,17,0,12,0,496,0.027299999999999998,0.0,true
HiddenCover,16384,30,clustered,17,1,12,0,496,0.027399999999999997,0.0,true
HiddenCover,16384,30,clustered,17,2,12,0,496,0.0276,0.0,true
HiddenCover,16384,30,clustered,17,3,12,0,496,0.027800000000000002,0.0,true
HiddenCover,16384,30,clustered,17,4,12,0,496,0.027299999999999998,0.0,true
HiddenCover,16384,30,clustered,17,5,12,0,496,0.027399999999999997,0.0,true
HiddenCover,16384,30,clustered,17,6,12,0,496,0.027299999999999998,0.0,true
HiddenCover,16384,30,clustered,17,7,12,0,496,0.0275,0.0,true
HiddenCover,16384,30,clustered,17,8,12,0,496,0.027399999999999997,0.0,true
HiddenCover,16384,30,clustered,17,9,12,0,496,0.0277,0.0,true
HiddenCover,16384,30,clustered,17,10,12,0,496,0.0275,0.0,true
HiddenCover,16384,30,clustered,17,11,12,0,496,0.027399999999999997,0.0,true
HiddenCover,16384,30,clustered,17,12,12,0,496,0.027399999999999997,0.0,true
HiddenCover,16384,30,clustered,17,13,12,0,496,0.027399999999999997,0.0,true
HiddenCover,16384,30,clustered,17,14,12,0,496,0.0275,0.0,true
HiddenCover,16384,30,clustered,17,15,12,0,496,0.027299999999999998,0.0,true
HiddenCover,16384,30,clustered,17,16,12,0,496,0.027800000000000002,0.0,true
HiddenCover,16384,30,clustered,17,17,12,0,496,0.027299999999999998,0.0,true
HiddenCover,16384,30,clustered,17,18,12,0,496,0.0275,0.0,true
HiddenCover,16384,30,clustered,17,19,12,0,496,0.027399999999999997,0.0,true
HiddenCover,16384,30,clustered,17,20,12,0,496,0.0275,0.0,true
HiddenCover,16384,30,clustered,17,21,12,0,496,0.027299999999999998,0.0,true
HiddenCover,16384,30,clustered,17,22,12,0,496,0.0277,0.0,true
HiddenCover,16384,30,clustered,17,23,12,0,496,0.027399999999999997,0.0,true
HiddenCover,16384,30,clustered,17,24,12,0,496,0.027399999999999997,0.0,true
HiddenCover,16384,30,clustered,17,25,12,0,496,0.027299999999999998,0.0,true
HiddenCover,16384,30,clustered,17,26,12,0,496,0.027399999999999997,0.0,true
HiddenCover,16384,30,clustered,17,27,12,0,496,0.027399999999999997,0.0,true
HiddenCover,16384,30,clustered,17,28,12,0,496,0.027399999999999997,0.0,true
HiddenCover,16384,30,clustered,17,29,12,0,496,0.0277,0.0,true
HiddenCover,16384,30,clustered,18,0,20,0,752,0.0288,0.0,true
HiddenCover,16384,30,clustered,18,1,20,0,752,0.028399999999999998,0.0,true
HiddenCover,16384,30,clustered,18,2,20,0,752,0.0285,0.0,true
HiddenCover,16384,30,clustered,18,3,20,0,752,0.028399999999999998,0.0,true
HiddenCover,16384,30,clustered,18,4,20,0,752,0.028900000000000002,0.0,true
HiddenCover,16384,30,clustered,18,5,20,0,752,0.0283,0.0,true
HiddenCover,16384,30,clustered,18,6,20,0,752,0.028399999999999998,0.0,true
HiddenCover,16384,30,clustered,18,7,20,0,752,0.028399999999999998,0.0,true
HiddenCover,16384,30,clustered,18,8,20,0,752,0.028900000000000002,0.0,true
HiddenCover,16384,30,clustered,18,9,20,0,752,0.028399999999999998,0.0,true
HiddenCover,16384,30,clustered,18,10,20,0,752,0.0285,0.0,true
HiddenCover,16384,30,clustered,18,11,20,0,752,0.028399999999999998,0.0,true
HiddenCover,16384,30,clustered,18,12,20,0,752,0.029,0.0,true
HiddenCover,16384,30,clustered,18,13,20,0,752,0.0285,0.0,true
HiddenCover,16384,30,clustered,18,14,20,0,752,0.0286,0.0,true
HiddenCover,16384,30,clustered,18,15,20,0,752,0.0285,0.0,true
HiddenCover,16384,30,clustered,18,16,20,0,752,0.028399999999999998,0.0,true
HiddenCover,16384,30,clustered,18,17,20,0,752,0.0982,0.0,true
HiddenCover,16384,30,clustered,18,18,20,0,752,0.0526,0.0,true
HiddenCover,16384,30,clustered,18,19,20,0,752,0.035800000000000005,0.0,true
HiddenCover,16384,30,clustered,18,20,20,0,752,0.047599999999999996,0.0,true
HiddenCover,16384,30,clustered,18,21,20,0,752,0.0455,0.0,true
HiddenCover,16384,30,clustered,18,22,20,0,752,0.034100000000000005,0.0,true
HiddenCover,16384,30,clustered,18,23,20,0,752,0.0347,0.0,true
HiddenCover,16384,30,clustered,18,24,20,0,752,0.0347,0.0,true
HiddenCover,16384,30,clustered,18,25,20,0,752,0.0304,0.0,true
HiddenCover,16384,30,clustered,18,26,20,0,752,0.0314,0.0,true
HiddenCover,16384,30,clustered,18,27,20,0,752,0.030000000000000002,0.0,true
HiddenCover,16384,30,clustered,18,28,20,0,752,0.030000000000000002,0.0,true
HiddenCover,16384,30,clustered,18,29,20,0,752,0.0305,0.0,true
HiddenCover,16384,30,clustered,19,0,13,0,528,0.0326,0.0,true
HiddenCover,16384,30,clustered,19,1,13,0,528,0.030800000000000004,0.0,true
HiddenCover,16384,30,clustered,19,2,13,0,528,0.0329,0.0,true
HiddenCover,16384,30,clustered,19,3,13,0,528,0.0326,0.0,true
HiddenCover,16384,30,clustered,19,4,13,0,528,0.043699999999999996,0.0,true
HiddenCover,16384,30,clustered,19,5,13,0,528,0.0393,0.0,true
HiddenCover,16384,30,clustered,19,6,13,0,528,0.038,0.0,true
HiddenCover,16384,30,clustered,19,7,13,0,528,0.0374,0.0,true
HiddenCover,16384,30,clustered,19,8,13,0,528,0.039700000000000006,0.0,true
HiddenCover,16384,30,clustered,19,9,13,0,528,0.0406,0.0,true
HiddenCover,16384,30,clustered,19,10,13,0,528,0.0378,0.0,true
HiddenCover,16384,30,clustered,19,11,13,0,528,0.0388,0.0,true
HiddenCover,16384,30,clustered,19,12,13,0,528,0.0375,0.0,true
HiddenCover,16384,30,clustered,19,13,13,0,528,0.0389,0.0,true
HiddenCover,16384,30,clustered,19,14,13,0,528,0.0392,0.0,true
HiddenCover,16384,30,clustered,19,15,13,0,528,0.0382,0.0,true
HiddenCover,16384,30,clustered,19,16,13,0,528,0.031099999999999996,0.0,true
HiddenCover,16384,30,clustered,19,17,13,0,528,0.032499999999999994,0.0,true
HiddenCover,16384,30,clustered,19,18,13,0,528,0.0327,0.0,true
HiddenCover,16384,30,clustered,19,19,13,0,528,0.0335,0.0,true
HiddenCover,16384,30,clustered,19,20,13,0,528,0.030199999999999998,0.0,true
HiddenCover,16384,30,clustered,19,21,13,0,528,0.0374,0.0,true
HiddenCover,16384,30,clustered,19,22,13,0,528,0.034100000000000005,0.0,true
HiddenCover,16384,30,clustered,19,23,13,0,528,0.0351,0.0,true
HiddenCover,16384,30,clustered,19,24,13,0,528,0.0357,0.0,true
HiddenCover,16384,30,clustered,19,25,13,0,528,0.0332,0.0,true
HiddenCover,16384,30,clustered,19,26,13,0,528,0.0331,0.0,true
HiddenCover,16384,30,clustered,19,27,13,0,528,0.033,0.0,true
HiddenCover,16384,30,clustered,19,28,13,0,528,0.034999999999999996,0.0,true
HiddenCover,16384,30,clustered,19,29,13,0,528,0.035500000000000004,0.0,true
HiddenCover,16384,30,random,0,0,241,0,7824,0.1021,0.0,true
HiddenCover,16384,30,random,0,1,241,0,7824,0.10110000000000001,0.0,true
HiddenCover,16384,30,random,0,2,241,0,7824,0.1023,0.0,true
HiddenCover,16384,30,random,0,3,241,0,7824,0.10160000000000001,0.0,true
HiddenCover,16384,30,random,0,4,241,0,7824,0.1022,0.0,true
HiddenCover,16384,30,random,0,5,241,0,7824,0.1021,0.0,true
HiddenCover,16384,30,random,0,6,241,0,7824,0.1026,0.0,true
HiddenCover,16384,30,random,0,7,241,0,7824,0.104,0.0,true
HiddenCover,16384,30,random,0,8,241,0,7824,0.10189999999999999,0.0,true
HiddenCover,16384,30,random,0,9,241,0,7824,0.1013,0.0,true
HiddenCover,16384,30,random,0,10,241,0,7824,0.1017,0.0,true
HiddenCover,16384,30,random,0,11,241,0,7824,0.1022,0.0,true
HiddenCover,16384,30,random,0,12,241,0,7824,0.1008,0.0,true
HiddenCover,16384,30,random,0,13,241,0,7824,0.1012,0.0,true
HiddenCover,16384,30,random,0,14,241,0,7824,0.10179999999999999,0.0,true
HiddenCover,16384,30,random,0,15,241,0,7824,0.1015,0.0,true
HiddenCover,16384,30,random,0,16,241,0,7824,0.1015,0.0,true
HiddenCover,16384,30,random,0,17,241,0,7824,0.1007,0.0,true
HiddenCover,16384,30,random,0,18,241,0,7824,0.1007,0.0,true
HiddenCover,16384,30,random,0,19,241,0,7824,0.10179999999999999,0.0,true
HiddenCover,16384,30,random,0,20,241,0,7824,0.1015,0.0,true
HiddenCover,16384,30,random,0,21,241,0,7824,0.1014,0.0,true
HiddenCover,16384,30,random,0,22,241,0,7824,0.1012,0.0,true
HiddenCover,16384,30,random,0,23,241,0,7824,0.1046,0.0,true
HiddenCover,16384,30,random,0,24,241,0,7824,0.10110000000000001,0.0,true
HiddenCover,16384,30,random,0,25,241,0,7824,0.101,0.0,true
HiddenCover,16384,30,random,0,26,241,0,7824,0.1009,0.0,true
HiddenCover,16384,30,random,0,27,241,0,7824,0.1,0.0,true
HiddenCover,16384,30,random,0,28,241,0,7824,0.1012,0.0,true
HiddenCover,16384,30,random,0,29,241,0,7824,0.10179999999999999,0.0,true
HiddenCover,16384,30,random,1,0,252,0,8176,0.10490000000000001,0.0,true
HiddenCover,16384,30,random,1,1,252,0,8176,0.10579999999999999,0.0,true
HiddenCover,16384,30,random,1,2,252,0,8176,0.10500000000000001,0.0,true
HiddenCover,16384,30,random,1,3,252,0,8176,0.1036,0.0,true
HiddenCover,16384,30,random,1,4,252,0,8176,0.10569999999999999,0.0,true
HiddenCover,16384,30,random,1,5,252,0,8176,0.1043,0.0,true
HiddenCover,16384,30,random,1,6,252,0,8176,0.1021,0.0,true
HiddenCover,16384,30,random,1,7,252,0,8176,0.0727,0.0,true
HiddenCover,16384,30,random,1,8,252,0,8176,0.07229999999999999,0.0,true
HiddenCover,16384,30,random,1,9,252,0,8176,0.0719,0.0,true
HiddenCover,16384,30,random,1,10,252,0,8176,0.0725,0.0,true
HiddenCover,16384,30,random,1,11,252,0,8176,0.1584,0.0,true
HiddenCover,16384,30,random,1,12,252,0,8176,0.159,0.0,true
HiddenCover,16384,30,random,1,13,252,0,8176,0.0819,0.0,true
HiddenCover,16384,30,random,1,14,252,0,8176,0.1342,0.0,true
HiddenCover,16384,30,random,1,15,252,0,8176,0.1283,0.0,true
HiddenCover,16384,30,random,1,16,252,0,8176,0.12129999999999999,0.0,true
HiddenCover,16384,30,random,1,17,252,0,8176,0.1301,0.0,true
HiddenCover,16384,30,random,1,18,252,0,8176,0.1164,0.0,true
HiddenCover,16384,30,random,1,19,252,0,8176,0.10890000000000001,0.0,true
HiddenCover,16384,30,random,1,20,252,0,8176,0.108,0.0,true
HiddenCover,16384,30,random,1,21,252,0,8176,0.0812,0.0,true
HiddenCover,16384,30,random,1,22,252,0,8176,0.07229999999999999,0.0,true
HiddenCover,16384,30,random,1,23,252,0,8176,0.0725,0.0,true
HiddenCover,16384,30,random,1,24,252,0,8176,0.0737,0.0,true
HiddenCover,16384,30,random,1,25,252,0,8176,0.0722,0.0,true
HiddenCover,16384,30,random,1,26,252,0,8176,0.0736,0.0,true
HiddenCover,16384,30,random,1,27,252,0,8176,0.0792,0.0,true
HiddenCover,16384,30,random,1,28,252,0,8176,0.0849,0.0,true
HiddenCover,16384,30,random,1,29,252,0,8176,0.091,0.0,true
HiddenCover,16384,30,random,2,0,255,0,8272,0.07279999999999999,0.0,true
HiddenCover,16384,30,random,2,1,255,0,8272,0.0782,0.0,true
HiddenCover,16384,30,random,2,2,255,0,8272,0.0733,0.0,true
HiddenCover,16384,30,random,2,3,255,0,8272,0.0736,0.0,true
HiddenCover,16384,30,random,2,4,255,0,8272,0.07339999999999999,0.0,true
HiddenCover,16384,30,random,2,5,255,0,8272,0.08940000000000001,0.0,true
HiddenCover,16384,30,random,2,6,255,0,8272,0.09040000000000001,0.0,true
HiddenCover,16384,30,random,2,7,255,0,8272,0.0759,0.0,true
HiddenCover,16384,30,random,2,8,255,0,8272,0.0892,0.0,true
HiddenCover,16384,30,random,2,9,255,0,8272,0.0773,0.0,true
HiddenCover,16384,30,random,2,10,255,0,8272,0.07339999999999999,0.0,true
HiddenCover,16384,30,random,2,11,255,0,8272,0.0747,0.0,true
HiddenCover,16384,30,random,2,12,255,0,8272,0.0961,0.0,true
HiddenCover,16384,30,random,2,13,255,0,8272,0.0735,0.0,true
HiddenCover,16384,30,random,2,14,255,0,8272,0.0841,0.0,true
HiddenCover,16384,30,random,2,15,255,0,8272,0.0741,0.0,true
HiddenCover,16384,30,random,2,16,255,0,8272,0.0761,0.0,true
HiddenCover,16384,30,random,2,17,255,0,8272,0.0691,0.0,true
HiddenCover,16384,30,random,2,18,255,0,8272,0.06999999999999999,0.0,true
HiddenCover,16384,30,random,2,19,255,0,8272,0.0773,0.0,true
HiddenCover,16384,30,random,2,20,255,0,8272,0.0776,0.0,true
HiddenCover,16384,30,random,2,21,255,0,8272,0.0719,0.0,true
HiddenCover,16384,30,random,2,22,255,0,8272,0.0751,0.0,true
HiddenCover,16384,30,random,2,23,255,0,8272,0.07339999999999999,0.0,true
HiddenCover,16384,30,random,2,24,255,0,8272,0.07160000000000001,0.0,true
HiddenCover,16384,30,random,2,25,255,0,8272,0.0748,0.0,true
HiddenCover,16384,30,random,2,26,255,0,8272,0.0708,0.0,true
HiddenCover,16384,30,random,2,27,255,0,8272,0.06949999999999999,0.0,true
HiddenCover,16384,30,random,2,28,255,0,8272,0.074,0.0,true
HiddenCover,16384,30,random,2,29,255,0,8272,0.0824,0.0,true
HiddenCover,16384,30,random,3,0,250,0,8112,0.0687,0.0,true
HiddenCover,16384,30,random,3,1,250,0,8112,0.06889999999999999,0.0,true
HiddenCover,16384,30,random,3,2,250,0,8112,0.0789,0.0,true
HiddenCover,16384,30,random,3,3,250,0,8112,0.07239999999999999,0.0,true
HiddenCover,16384,30,random,3,4,250,0,8112,0.0704,0.0,true
HiddenCover,16384,30,random,3,5,250,0,8112,0.0687,0.0,true
HiddenCover,16384,30,random,3,6,250,0,8112,0.0692,0.0,true
HiddenCover,16384,30,random,3,7,250,0,8112,0.0688,0.0,true
HiddenCover,16384,30,random,3,8,250,0,8112,0.0779,0.0,true
HiddenCover,16384,30,random,3,9,250,0,8112,0.0714,0.0,true
HiddenCover,16384,30,random,3,10,250,0,8112,0.0703,0.0,true
HiddenCover,16384,30,random,3,11,250,0,8112,0.0745,0.0,true
HiddenCover,16384,30,random,3,12,250,0,8112,0.0708,0.0,true
HiddenCover,16384,30,random,3,13,250,0,8112,0.0686,0.0,true
HiddenCover,16384,30,random,3,14,250,0,8112,0.0684,0.0,true
HiddenCover,16384,30,random,3,15,250,0,8112,0.06889999999999999,0.0,true
HiddenCover,16384,30,random,3,16,250,0,8112,0.06849999999999999,0.0,true
HiddenCover,16384,30,random,3,17,250,0,8112,0.0686,0.0,true
HiddenCover,16384,30,random,3,18,250,0,8112,0.06889999999999999,0.0,true
HiddenCover,16384,30,random,3,19,250,0,8112,0.06830000000000001,0.0,true
HiddenCover,16384,30,random,3,20,250,0,8112,0.0691,0.0,true
HiddenCover,16384,30,random,3,21,250,0,8112,0.06849999999999999,0.0,true
HiddenCover,16384,30,random,3,22,250,0,8112,0.06820000000000001,0.0,true
HiddenCover,16384,30,random,3,23,250,0,8112,0.0692,0.0,true
HiddenCover,16384,30,random,3,24,250,0,8112,0.07490000000000001,0.0,true
HiddenCover,16384,30,random,3,25,250,0,8112,0.0722,0.0,true
HiddenCover,16384,30,random,3,26,250,0,8112,0.06820000000000001,0.0,true
HiddenCover,16384,30,random,3,27,250,0,8112,0.0684,0.0,true
HiddenCover,16384,30,random,3,28,250,0,8112,0.0684,0.0,true
HiddenCover,16384,30,random,3,29,250,0,8112,0.06830000000000001,0.0,true
HiddenCover,16384,30,random,4,0,247,0,8016,0.0917,0.0,true
HiddenCover,16384,30,random,4,1,247,0,8016,0.07150000000000001,0.0,true
HiddenCover,16384,30,random,4,2,247,0,8016,0.0712,0.0,true
HiddenCover,16384,30,random,4,3,247,0,8016,0.0722,0.0,true
HiddenCover,16384,30,random,4,4,247,0,8016,0.0721,0.0,true
HiddenCover,16384,30,random,4,5,247,0,8016,0.07239999999999999,0.0,true
HiddenCover,16384,30,random,4,6,247,0,8016,0.0742,0.0,true
HiddenCover,16384,30,random,4,7,247,0,8016,0.0742,0.0,true
HiddenCover,16384,30,random,4,8,247,0,8016,0.0777,0.0,true
HiddenCover,16384,30,random,4,9,247,0,8016,0.0736,0.0,true
HiddenCover,16384,30,random,4,10,247,0,8016,0.0741,0.0,true
HiddenCover,16384,30,random,4,11,247,0,8016,0.0735,0.0,true
HiddenCover,16384,30,random,4,12,247,0,8016,0.07669999999999999,0.0,true
HiddenCover,16384,30,random,4,13,247,0,8016,0.0722,0.0,true
HiddenCover,16384,30,random,4,14,247,0,8016,0.0717,0.0,true
HiddenCover,16384,30,random,4,15,247,0,8016,0.0721,0.0,true
HiddenCover,16384,30,random,4,16,247,0,8016,0.07160000000000001,0.0,true
HiddenCover,16384,30,random,4,17,247,0,8016,0.0719,0.0,true
HiddenCover,16384,30,random,4,18,247,0,8016,0.07200000000000001,0.0,true
HiddenCover,16384,30,random,4,19,247,0,8016,0.07239999999999999,0.0,true
HiddenCover,16384,30,random,4,20,247,0,8016,0.0718,0.0,true
HiddenCover,16384,30,random,4,21,247,0,8016,0.0718,0.0,true
HiddenCover,16384,30,random,4,22,247,0,8016,0.0719,0.0,true
HiddenCover,16384,30,random,4,23,247,0,8016,0.0717,0.0,true
HiddenCover,16384,30,random,4,24,247,0,8016,0.0722,0.0,true
HiddenCover,16384,30,random,4,25,247,0,8016,0.0721,0.0,true
HiddenCover,16384,30,random,4,26,247,0,8016,0.0721,0.0,true
HiddenCover,16384,30,random,4,27,247,0,8016,0.0719,0.0,true
HiddenCover,16384,30,random,4,28,247,0,8016,0.0717,0.0,true
HiddenCover,16384,30,random,4,29,247,0,8016,0.0721,0.0,true
HiddenCover,16384,30,random,5,0,248,0,8048,0.068,0.0,true
HiddenCover,16384,30,random,5,1,248,0,8048,0.06770000000000001,0.0,true
HiddenCover,16384,30,random,5,2,248,0,8048,0.06830000000000001,0.0,true
HiddenCover,16384,30,random,5,3,248,0,8048,0.06770000000000001,0.0,true
HiddenCover,16384,30,random,5,4,248,0,8048,0.0679,0.0,true
HiddenCover,16384,30,random,5,5,248,0,8048,0.06810000000000001,0.0,true
HiddenCover,16384,30,random,5,6,248,0,8048,0.0679,0.0,true
HiddenCover,16384,30,random,5,7,248,0,8048,0.0684,0.0,true
HiddenCover,16384,30,random,5,8,248,0,8048,0.068,0.0,true
HiddenCover,16384,30,random,5,9,248,0,8048,0.068,0.0,true
HiddenCover,16384,30,random,5,10,248,0,8048,0.06770000000000001,0.0,true
HiddenCover,16384,30,random,5,11,248,0,8048,0.068,0.0,true
HiddenCover,16384,30,random,5,12,248,0,8048,0.0679,0.0,true
HiddenCover,16384,30,random,5,13,248,0,8048,0.06810000000000001,0.0,true
HiddenCover,16384,30,random,5,14,248,0,8048,0.06810000000000001,0.0,true
HiddenCover,16384,30,random,5,15,248,0,8048,0.06820000000000001,0.0,true
HiddenCover,16384,30,random,5,16,248,0,8048,0.0678,0.0,true
HiddenCover,16384,30,random,5,17,248,0,8048,0.06830000000000001,0.0,true
HiddenCover,16384,30,random,5,18,248,0,8048,0.07050000000000001,0.0,true
HiddenCover,16384,30,random,5,19,248,0,8048,0.068,0.0,true
HiddenCover,16384,30,random,5,20,248,0,8048,0.06830000000000001,0.0,true
HiddenCover,16384,30,random,5,21,248,0,8048,0.06770000000000001,0.0,true
HiddenCover,16384,30,random,5,22,248,0,8048,0.06810000000000001,0.0,true
HiddenCover,16384,30,random,5,23,248,0,8048,0.0678,0.0,true
HiddenCover,16384,30,random,5,24,248,0,8048,0.06810000000000001,0.0,true
HiddenCover,16384,30,random,5,25,248,0,8048,0.0684,0.0,true
HiddenCover,16384,30,random,5,26,248,0,8048,0.06810000000000001,0.0,true
HiddenCover,16384,30,random,5,27,248,0,8048,0.0678,0.0,true
HiddenCover,16384,30,random,5,28,248,0,8048,0.06810000000000001,0.0,true
HiddenCover,16384,30,random,5,29,248,0,8048,0.0709,0.0,true
HiddenCover,16384,30,random,6,0,235,0,7632,0.066,0.0,true
HiddenCover,16384,30,random,6,1,235,0,7632,0.0663,0.0,true
HiddenCover,16384,30,random,6,2,235,0,7632,0.0657,0.0,true
HiddenCover,16384,30,random,6,3,235,0,7632,0.0667,0.0,true
HiddenCover,16384,30,random,6,4,235,0,7632,0.06609999999999999,0.0,true
HiddenCover,16384,30,random,6,5,235,0,7632,0.06889999999999999,0.0,true
HiddenCover,16384,30,random,6,6,235,0,7632,0.06949999999999999,0.0,true
HiddenCover,16384,30,random,6,7,235,0,7632,0.0697,0.0,true
HiddenCover,16384,30,random,6,8,235,0,7632,0.0663,0.0,true
HiddenCover,16384,30,random,6,9,235,0,7632,0.06609999999999999,0.0,true
HiddenCover,16384,30,random,6,10,235,0,7632,0.0659,0.0,true
HiddenCover,16384,30,random,6,11,235,0,7632,0.0657,0.0,true
HiddenCover,16384,30,random,6,12,235,0,7632,0.06609999999999999,0.0,true
HiddenCover,16384,30,random,6,13,235,0,7632,0.066,0.0,true
HiddenCover,16384,30,random,6,14,235,0,7632,0.0658,0.0,true
HiddenCover,16384,30,random,6,15,235,0,7632,0.0657,0.0,true
HiddenCover,16384,30,random,6,16,235,0,7632,0.0664,0.0,true
HiddenCover,16384,30,random,6,17,235,0,7632,0.066,0.0,true
HiddenCover,16384,30,random,6,18,235,0,7632,0.066,0.0,true
HiddenCover,16384,30,random,6,19,235,0,7632,0.0663,0.0,true
HiddenCover,16384,30,random,6,20,235,0,7632,0.0671,0.0,true
HiddenCover,16384,30,random,6,21,235,0,7632,0.0693,0.0,true
HiddenCover,16384,30,random,6,22,235,0,7632,0.0684,0.0,true
HiddenCover,16384,30,random,6,23,235,0,7632,0.066,0.0,true
HiddenCover,16384,30,random,6,24,235,0,7632,0.06559999999999999,0.0,true
HiddenCover,16384,30,random,6,25,235,0,7632,0.06609999999999999,0.0,true
HiddenCover,16384,30,random,6,26,235,0,7632,0.06609999999999999,0.0,true
HiddenCover,16384,30,random,6,27,235,0,7632,0.0659,0.0,true
HiddenCover,16384,30,random,6,28,235,0,7632,0.0657,0.0,true
HiddenCover,16384,30,random,6,29,235,0,7632,0.0657,0.0,true
HiddenCover,16384,30,random,7,0,250,0,8112,0.06820000000000001,0.0,true
HiddenCover,16384,30,random,7,1,250,0,8112,0.06820000000000001,0.0,true
HiddenCover,16384,30,random,7,2,250,0,8112,0.0893,0.0,true
HiddenCover,16384,30,random,7,3,250,0,8112,0.098,0.0,true
HiddenCover,16384,30,random,7,4,250,0,8112,0.09459999999999999,0.0,true
HiddenCover,16384,30,random,7,5,250,0,8112,0.1353,0.0,true
HiddenCover,16384,30,random,7,6,250,0,8112,0.1394,0.0,true
HiddenCover,16384,30,random,7,7,250,0,8112,0.1263,0.0,true
HiddenCover,16384,30,random,7,8,250,0,8112,0.13190000000000002,0.0,true
HiddenCover,16384,30,random,7,9,250,0,8112,0.1265,0.0,true
HiddenCover,16384,30,random,7,10,250,0,8112,0.1185,0.0,true
HiddenCover,16384,30,random,7,11,250,0,8112,0.1396,0.0,true
HiddenCover,16384,30,random,7,12,250,0,8112,0.1036,0.0,true
HiddenCover,16384,30,random,7,13,250,0,8112,0.0969,0.0,true
HiddenCover,16384,30,random,7,14,250,0,8112,0.09519999999999999,0.0,true
HiddenCover,16384,30,random,7,15,250,0,8112,0.0895,0.0,true
HiddenCover,16384,30,random,7,16,250,0,8112,0.1014,0.0,true
HiddenCover,16384,30,random,7,17,250,0,8112,0.0953,0.0,true
HiddenCover,16384,30,random,7,18,250,0,8112,0.0982,0.0,true
HiddenCover,16384,30,random,7,19,250,0,8112,0.0911,0.0,true
HiddenCover,16384,30,random,7,20,250,0,8112,0.0955,0.0,true
HiddenCover,16384,30,random,7,21,250,0,8112,0.0892,0.0,true
HiddenCover,16384,30,random,7,22,250,0,8112,0.0878,0.0,true
HiddenCover,16384,30,random,7,23,250,0,8112,0.10629999999999999,0.0,true
HiddenCover,16384,30,random,7,24,250,0,8112,0.0965,0.0,true
HiddenCover,16384,30,random,7,25,250,0,8112,0.09179999999999999,0.0,true
HiddenCover,16384,30,random,7,26,250,0,8112,0.0925,0.0,true
HiddenCover,16384,30,random,7,27,250,0,8112,0.0872,0.0,true
HiddenCover,16384,30,random,7,28,250,0,8112,0.0919,0.0,true
HiddenCover,16384,30,random,7,29,250,0,8112,0.09390000000000001,0.0,true
HiddenCover,16384,30,random,8,0,246,0,7984,0.07619999999999999,0.0,true
HiddenCover,16384,30,random,8,1,246,0,7984,0.07239999999999999,0.0,true
HiddenCover,16384,30,random,8,2,246,0,7984,0.0746,0.0,true
HiddenCover,16384,30,random,8,3,246,0,7984,0.0725,0.0,true
HiddenCover,16384,30,random,8,4,246,0,7984,0.07550000000000001,0.0,true
HiddenCover,16384,30,random,8,5,246,0,7984,0.07339999999999999,0.0,true
HiddenCover,16384,30,random,8,6,246,0,7984,0.0753,0.0,true
HiddenCover,16384,30,random,8,7,246,0,7984,0.0751,0.0,true
HiddenCover,16384,30,random,8,8,246,0,7984,0.0785,0.0,true
HiddenCover,16384,30,random,8,9,246,0,7984,0.0876,0.0,true
HiddenCover,16384,30,random,8,10,246,0,7984,0.0829,0.0,true
HiddenCover,16384,30,random,8,11,246,0,7984,0.07289999999999999,0.0,true
HiddenCover,16384,30,random,8,12,246,0,7984,0.0726,0.0,true
HiddenCover,16384,30,random,8,13,246,0,7984,0.06820000000000001,0.0,true
HiddenCover,16384,30,random,8,14,246,0,7984,0.06820000000000001,0.0,true
HiddenCover,16384,30,random,8,15,246,0,7984,0.06830000000000001,0.0,true
HiddenCover,16384,30,random,8,16,246,0,7984,0.06820000000000001,0.0,true
HiddenCover,16384,30,random,8,17,246,0,7984,0.0684,0.0,true
HiddenCover,16384,30,random,8,18,246,0,7984,0.06810000000000001,0.0,true
HiddenCover,16384,30,random,8,19,246,0,7984,0.06830000000000001,0.0,true
HiddenCover,16384,30,random,8,20,246,0,7984,0.06830000000000001,0.0,true
HiddenCover,16384,30,random,8,21,246,0,7984,0.06849999999999999,0.0,true
HiddenCover,16384,30,random,8,22,246,0,7984,0.06810000000000001,0.0,true
HiddenCover,16384,30,random,8,23,246,0,7984,0.06830000000000001,0.0,true
HiddenCover,16384,30,random,8,24,246,0,7984,0.06820000000000001,0.0,true
HiddenCover,16384,30,random,8,25,246,0,7984,0.068,0.0,true
HiddenCover,16384,30,random,8,26,246,0,7984,0.0679,0.0,true
HiddenCover,16384,30,random,8,27,246,0,7984,0.06810000000000001,0.0,true
HiddenCover,16384,30,random,8,28,246,0,7984,0.0679,0.0,true
HiddenCover,16384,30,random,8,29,246,0,7984,0.06830000000000001,0.0,true
HiddenCover,16384,30,random,9,0,246,0,7984,0.06770000000000001,0.0,true
HiddenCover,16384,30,random,9,1,246,0,7984,0.0686,0.0,true
HiddenCover,16384,30,random,9,2,246,0,7984,0.068,0.0,true
HiddenCover,16384,30,random,9,3,246,0,7984,0.1168,0.0,true
HiddenCover,16384,30,random,9,4,246,0,7984,0.06820000000000001,0.0,true
HiddenCover,16384,30,random,9,5,246,0,7984,0.068,0.0,true
HiddenCover,16384,30,random,9,6,246,0,7984,0.068,0.0,true
HiddenCover,16384,30,random,9,7,246,0,7984,0.0679,0.0,true
HiddenCover,16384,30,random,9,8,246,0,7984,0.068,0.0,true
HiddenCover,16384,30,random,9,9,246,0,7984,0.06830000000000001,0.0,true
HiddenCover,16384,30,random,9,10,246,0,7984,0.06830000000000001,0.0,true
HiddenCover,16384,30,random,9,11,246,0,7984,0.06810000000000001,0.0,true
HiddenCover,16384,30,random,9,12,246,0,7984,0.06810000000000001,0.0,true
HiddenCover,16384,30,random,9,13,246,0,7984,0.068,0.0,true
HiddenCover,16384,30,random,9,14,246,0,7984,0.0678,0.0,true
HiddenCover,16384,30,random,9,15,246,0,7984,0.06820000000000001,0.0,true
HiddenCover,16384,30,random,9,16,246,0,7984,0.06820000000000001,0.0,true
HiddenCover,16384,30,random,9,17,246,0,7984,0.0885,0.0,true
HiddenCover,16384,30,random,9,18,246,0,7984,0.0919,0.0,true
HiddenCover,16384,30,random,9,19,246,0,7984,0.0932,0.0,true
HiddenCover,16384,30,random,9,20,246,0,7984,0.10160000000000001,0.0,true
HiddenCover,16384,30,random,9,21,246,0,7984,0.112,0.0,true
HiddenCover,16384,30,random,9,22,246,0,7984,0.0733,0.0,true
HiddenCover,16384,30,random,9,23,246,0,7984,0.06810000000000001,0.0,true
HiddenCover,16384,30,random,9,24,246,0,7984,0.06830000000000001,0.0,true
HiddenCover,16384,30,random,9,25,246,0,7984,0.0699,0.0,true
HiddenCover,16384,30,random,9,26,246,0,7984,0.06770000000000001,0.0,true
HiddenCover,16384,30,random,9,27,246,0,7984,0.06770000000000001,0.0,true
HiddenCover,16384,30,random,9,28,246,0,7984,0.0678,0.0,true
HiddenCover,16384,30,random,9,29,246,0,7984,0.06830000000000001,0.0,true
HiddenCover,16384,30,random,10,0,251,0,8144,0.06849999999999999,0.0,true
HiddenCover,16384,30,random,10,1,251,0,8144,0.0687,0.0,true
HiddenCover,16384,30,random,10,2,251,0,8144,0.0687,0.0,true
HiddenCover,16384,30,random,10,3,251,0,8144,0.06849999999999999,0.0,true
HiddenCover,16384,30,random,10,4,251,0,8144,0.06849999999999999,0.0,true
HiddenCover,16384,30,random,10,5,251,0,8144,0.0693,0.0,true
HiddenCover,16384,30,random,10,6,251,0,8144,0.0687,0.0,true
HiddenCover,16384,30,random,10,7,251,0,8144,0.06899999999999999,0.0,true
HiddenCover,16384,30,random,10,8,251,0,8144,0.068,0.0,true
HiddenCover,16384,30,random,10,9,251,0,8144,0.0687,0.0,true
HiddenCover,16384,30,random,10,10,251,0,8144,0.06889999999999999,0.0,true
HiddenCover,16384,30,random,10,11,251,0,8144,0.06889999999999999,0.0,true
HiddenCover,16384,30,random,10,12,251,0,8144,0.0688,0.0,true
HiddenCover,16384,30,random,10,13,251,0,8144,0.0688,0.0,true
HiddenCover,16384,30,random,10,14,251,0,8144,0.0687,0.0,true
HiddenCover,16384,30,random,10,15,251,0,8144,0.0731,0.0,true
HiddenCover,16384,30,random,10,16,251,0,8144,0.0691,0.0,true
HiddenCover,16384,30,random,10,17,251,0,8144,0.0687,0.0,true
HiddenCover,16384,30,random,10,18,251,0,8144,0.0688,0.0,true
HiddenCover,16384,30,random,10,19,251,0,8144,0.06889999999999999,0.0,true
HiddenCover,16384,30,random,10,20,251,0,8144,0.0713,0.0,true
HiddenCover,16384,30,random,10,21,251,0,8144,0.07229999999999999,0.0,true
HiddenCover,16384,30,random,10,22,251,0,8144,0.0706,0.0,true
HiddenCover,16384,30,random,10,23,251,0,8144,0.06949999999999999,0.0,true
HiddenCover,16384,30,random,10,24,251,0,8144,0.0718,0.0,true
HiddenCover,16384,30,random,10,25,251,0,8144,0.0696,0.0,true
HiddenCover,16384,30,random,10,26,251,0,8144,0.0686,0.0,true
HiddenCover,16384,30,random,10,27,251,0,8144,0.06849999999999999,0.0,true
HiddenCover,16384,30,random,10,28,251,0,8144,0.06889999999999999,0.0,true
HiddenCover,16384,30,random,10,29,251,0,8144,0.06849999999999999,0.0,true
HiddenCover,16384,30,random,11,0,246,0,7984,0.06830000000000001,0.0,true
HiddenCover,16384,30,random,11,1,246,0,7984,0.06849999999999999,0.0,true
HiddenCover,16384,30,random,11,2,246,0,7984,0.06770000000000001,0.0,true
HiddenCover,16384,30,random,11,3,246,0,7984,0.06810000000000001,0.0,true
HiddenCover,16384,30,random,11,4,246,0,7984,0.0686,0.0,true
HiddenCover,16384,30,random,11,5,246,0,7984,0.06820000000000001,0.0,true
HiddenCover,16384,30,random,11,6,246,0,7984,0.06849999999999999,0.0,true
HiddenCover,16384,30,random,11,7,246,0,7984,0.06820000000000001,0.0,true
HiddenCover,16384,30,random,11,8,246,0,7984,0.0684,0.0,true
HiddenCover,16384,30,random,11,9,246,0,7984,0.0686,0.0,true
HiddenCover,16384,30,random,11,10,246,0,7984,0.06849999999999999,0.0,true
HiddenCover,16384,30,random,11,11,246,0,7984,0.0684,0.0,true
HiddenCover,16384,30,random,11,12,246,0,7984,0.06820000000000001,0.0,true
HiddenCover,16384,30,random,11,13,246,0,7984,0.06830000000000001,0.0,true
HiddenCover,16384,30,random,11,14,246,0,7984,0.0684,0.0,true
HiddenCover,16384,30,random,11,15,246,0,7984,0.0687,0.0,true
HiddenCover,16384,30,random,11,16,246,0,7984,0.0684,0.0,true
HiddenCover,16384,30,random,11,17,246,0,7984,0.0684,0.0,true
HiddenCover,16384,30,random,11,18,246,0,7984,0.06849999999999999,0.0,true
HiddenCover,16384,30,random,11,19,246,0,7984,0.06830000000000001,0.0,true
HiddenCover,16384,30,random,11,20,246,0,7984,0.0687,0.0,true
HiddenCover,16384,30,random,11,21,246,0,7984,0.068,0.0,true
HiddenCover,16384,30,random,11,22,246,0,7984,0.0688,0.0,true
HiddenCover,16384,30,random,11,23,246,0,7984,0.068,0.0,true
HiddenCover,16384,30,random,11,24,246,0,7984,0.0686,0.0,true
HiddenCover,16384,30,random,11,25,246,0,7984,0.06849999999999999,0.0,true
HiddenCover,16384,30,random,11,26,246,0,7984,0.0684,0.0,true
HiddenCover,16384,30,random,11,27,246,0,7984,0.06849999999999999,0.0,true
HiddenCover,16384,30,random,11,28,246,0,7984,0.0688,0.0,true
HiddenCover,16384,30,random,11,29,246,0,7984,0.06849999999999999,0.0,true
HiddenCover,16384,30,random,12,0,239,0,7760,0.0668,0.0,true
HiddenCover,16384,30,random,12,1,239,0,7760,0.0665,0.0,true
HiddenCover,16384,30,random,12,2,239,0,7760,0.0667,0.0,true
HiddenCover,16384,30,random,12,3,239,0,7760,0.0667,0.0,true
HiddenCover,16384,30,random,12,4,239,0,7760,0.0664,0.0,true
HiddenCover,16384,30,random,12,5,239,0,7760,0.0664,0.0,true
HiddenCover,16384,30,random,12,6,239,0,7760,0.0666,0.0,true
HiddenCover,16384,30,random,12,7,239,0,7760,0.0665,0.0,true
HiddenCover,16384,30,random,12,8,239,0,7760,0.0664,0.0,true
HiddenCover,16384,30,random,12,9,239,0,7760,0.0663,0.0,true
HiddenCover,16384,30,random,12,10,239,0,7760,0.067,0.0,true
HiddenCover,16384,30,random,12,11,239,0,7760,0.0666,0.0,true
HiddenCover,16384,30,random,12,12,239,0,7760,0.0668,0.0,true
HiddenCover,16384,30,random,12,13,239,0,7760,0.0667,0.0,true
HiddenCover,16384,30,random,12,14,239,0,7760,0.0664,0.0,true
HiddenCover,16384,30,random,12,15,239,0,7760,0.0665,0.0,true
HiddenCover,16384,30,random,12,16,239,0,7760,0.0665,0.0,true
HiddenCover,16384,30,random,12,17,239,0,7760,0.0667,0.0,true
HiddenCover,16384,30,random,12,18,239,0,7760,0.0738,0.0,true
HiddenCover,16384,30,random,12,19,239,0,7760,0.0671,0.0,true
HiddenCover,16384,30,random,12,20,239,0,7760,0.0663,0.0,true
HiddenCover,16384,30,random,12,21,239,0,7760,0.0664,0.0,true
HiddenCover,16384,30,random,12,22,239,0,7760,0.0662,0.0,true
HiddenCover,16384,30,random,12,23,239,0,7760,0.0664,0.0,true
HiddenCover,16384,30,random,12,24,239,0,7760,0.0671,0.0,true
HiddenCover,16384,30,random,12,25,239,0,7760,0.0659,0.0,true
HiddenCover,16384,30,random,12,26,239,0,7760,0.0664,0.0,true
HiddenCover,16384,30,random,12,27,239,0,7760,0.0662,0.0,true
HiddenCover,16384,30,random,12,28,239,0,7760,0.0663,0.0,true
HiddenCover,16384,30,random,12,29,239,0,7760,0.0666,0.0,true
HiddenCover,16384,30,random,13,0,247,0,8016,0.1113,0.0,true
HiddenCover,16384,30,random,13,1,247,0,8016,0.1143,0.0,true
HiddenCover,16384,30,random,13,2,247,0,8016,0.08839999999999999,0.0,true
HiddenCover,16384,30,random,13,3,247,0,8016,0.0761,0.0,true
HiddenCover,16384,30,random,13,4,247,0,8016,0.0842,0.0,true
HiddenCover,16384,30,random,13,5,247,0,8016,0.0782,0.0,true
HiddenCover,16384,30,random,13,6,247,0,8016,0.073,0.0,true
HiddenCover,16384,30,random,13,7,247,0,8016,0.0717,0.0,true
HiddenCover,16384,30,random,13,8,247,0,8016,0.0708,0.0,true
HiddenCover,16384,30,random,13,9,247,0,8016,0.0731,0.0,true
HiddenCover,16384,30,random,13,10,247,0,8016,0.06889999999999999,0.0,true
HiddenCover,16384,30,random,13,11,247,0,8016,0.0732,0.0,true
HiddenCover,16384,30,random,13,12,247,0,8016,0.079,0.0,true
HiddenCover,16384,30,random,13,13,247,0,8016,0.08339999999999999,0.0,true
HiddenCover,16384,30,random,13,14,247,0,8016,0.0882,0.0,true
HiddenCover,16384,30,random,13,15,247,0,8016,0.0727,0.0,true
HiddenCover,16384,30,random,13,16,247,0,8016,0.0764,0.0,true
HiddenCover,16384,30,random,13,17,247,0,8016,0.06849999999999999,0.0,true
HiddenCover,16384,30,random,13,18,247,0,8016,0.07100000000000001,0.0,true
HiddenCover,16384,30,random,13,19,247,0,8016,0.0718,0.0,true
HiddenCover,16384,30,random,13,20,247,0,8016,0.0714,0.0,true
HiddenCover,16384,30,random,13,21,247,0,8016,0.07050000000000001,0.0,true
HiddenCover,16384,30,random,13,22,247,0,8016,0.06849999999999999,0.0,true
HiddenCover,16384,30,random,13,23,247,0,8016,0.06820000000000001,0.0,true
HiddenCover,16384,30,random,13,24,247,0,8016,0.0688,0.0,true
HiddenCover,16384,30,random,13,25,247,0,8016,0.07440000000000001,0.0,true
HiddenCover,16384,30,random,13,26,247,0,8016,0.08,0.0,true
HiddenCover,16384,30,random,13,27,247,0,8016,0.08,0.0,true
HiddenCover,16384,30,random,13,28,247,0,8016,0.0732,0.0,true
HiddenCover,16384,30,random,13,29,247,0,8016,0.0738,0.0,true
HiddenCover,16384,30,random,14,0,251,0,8144,0.07050000000000001,0.0,true
HiddenCover,16384,30,random,14,1,251,0,8144,0.0721,0.0,true
HiddenCover,16384,30,random,14,2,251,0,8144,0.0718,0.0,true
HiddenCover,16384,30,random,14,3,251,0,8144,0.0686,0.0,true
HiddenCover,16384,30,random,14,4,251,0,8144,0.06849999999999999,0.0,true
HiddenCover,16384,30,random,14,5,251,0,8144,0.0686,0.0,true
HiddenCover,16384,30,random,14,6,251,0,8144,0.0684,0.0,true
HiddenCover,16384,30,random,14,7,251,0,8144,0.0686,0.0,true
HiddenCover,16384,30,random,14,8,251,0,8144,0.06889999999999999,0.0,true
HiddenCover,16384,30,random,14,9,251,0,8144,0.06830000000000001,0.0,true
HiddenCover,16384,30,random,14,10,251,0,8144,0.0684,0.0,true
HiddenCover,16384,30,random,14,11,251,0,8144,0.0687,0.0,true
HiddenCover,16384,30,random,14,12,251,0,8144,0.06830000000000001,0.0,true
HiddenCover,16384,30,random,14,13,251,0,8144,0.0687,0.0,true
HiddenCover,16384,30,random,14,14,251,0,8144,0.0687,0.0,true
HiddenCover,16384,30,random,14,15,251,0,8144,0.0742,0.0,true
HiddenCover,16384,30,random,14,16,251,0,8144,0.0687,0.0,true
HiddenCover,16384,30,random,14,17,251,0,8144,0.0686,0.0,true
HiddenCover,16384,30,random,14,18,251,0,8144,0.06889999999999999,0.0,true
HiddenCover,16384,30,random,14,19,251,0,8144,0.06849999999999999,0.0,true
HiddenCover,16384,30,random,14,20,251,0,8144,0.0687,0.0,true
HiddenCover,16384,30,random,14,21,251,0,8144,0.06830000000000001,0.0,true
HiddenCover,16384,30,random,14,22,251,0,8144,0.0686,0.0,true
HiddenCover,16384,30,random,14,23,251,0,8144,0.06830000000000001,0.0,true
HiddenCover,16384,30,random,14,24,251,0,8144,0.0684,0.0,true
HiddenCover,16384,30,random,14,25,251,0,8144,0.06899999999999999,0.0,true
HiddenCover,16384,30,random,14,26,251,0,8144,0.0684,0.0,true
HiddenCover,16384,30,random,14,27,251,0,8144,0.0688,0.0,true
HiddenCover,16384,30,random,14,28,251,0,8144,0.0684,0.0,true
HiddenCover,16384,30,random,14,29,251,0,8144,0.07160000000000001,0.0,true
HiddenCover,16384,30,random,15,0,243,0,7888,0.0675,0.0,true
HiddenCover,16384,30,random,15,1,243,0,7888,0.0675,0.0,true
HiddenCover,16384,30,random,15,2,243,0,7888,0.0679,0.0,true
HiddenCover,16384,30,random,15,3,243,0,7888,0.06770000000000001,0.0,true
HiddenCover,16384,30,random,15,4,243,0,7888,0.06770000000000001,0.0,true
HiddenCover,16384,30,random,15,5,243,0,7888,0.0698,0.0,true
HiddenCover,16384,30,random,15,6,243,0,7888,0.1993,0.0,true
HiddenCover,16384,30,random,15,7,243,0,7888,0.0732,0.0,true
HiddenCover,16384,30,random,15,8,243,0,7888,0.0746,0.0,true
HiddenCover,16384,30,random,15,9,243,0,7888,0.07150000000000001,0.0,true
HiddenCover,16384,30,random,15,10,243,0,7888,0.0792,0.0,true
HiddenCover,16384,30,random,15,11,243,0,7888,0.0719,0.0,true
HiddenCover,16384,30,random,15,12,243,0,7888,0.0679,0.0,true
HiddenCover,16384,30,random,15,13,243,0,7888,0.0674,0.0,true
HiddenCover,16384,30,random,15,14,243,0,7888,0.0672,0.0,true
HiddenCover,16384,30,random,15,15,243,0,7888,0.0674,0.0,true
HiddenCover,16384,30,random,15,16,243,0,7888,0.06770000000000001,0.0,true
HiddenCover,16384,30,random,15,17,243,0,7888,0.06770000000000001,0.0,true
HiddenCover,16384,30,random,15,18,243,0,7888,0.0698,0.0,true
HiddenCover,16384,30,random,15,19,243,0,7888,0.0674,0.0,true
HiddenCover,16384,30,random,15,20,243,0,7888,0.0675,0.0,true
HiddenCover,16384,30,random,15,21,243,0,7888,0.0671,0.0,true
HiddenCover,16384,30,random,15,22,243,0,7888,0.06760000000000001,0.0,true
HiddenCover,16384,30,random,15,23,243,0,7888,0.0674,0.0,true
HiddenCover,16384,30,random,15,24,243,0,7888,0.06760000000000001,0.0,true
HiddenCover,16384,30,random,15,25,243,0,7888,0.06760000000000001,0.0,true
HiddenCover,16384,30,random,15,26,243,0,7888,0.06760000000000001,0.0,true
HiddenCover,16384,30,random,15,27,243,0,7888,0.0674,0.0,true
HiddenCover,16384,30,random,15,28,243,0,7888,0.06760000000000001,0.0,true
HiddenCover,16384,30,random,15,29,243,0,7888,0.0675,0.0,true
HiddenCover,16384,30,random,16,0,234,0,7600,0.066,0.0,true
HiddenCover,16384,30,random,16,1,234,0,7600,0.0662,0.0,true
HiddenCover,16384,30,random,16,2,234,0,7600,0.0665,0.0,true
HiddenCover,16384,30,random,16,3,234,0,7600,0.0665,0.0,true
HiddenCover,16384,30,random,16,4,234,0,7600,0.0659,0.0,true
HiddenCover,16384,30,random,16,5,234,0,7600,0.0667,0.0,true
HiddenCover,16384,30,random,16,6,234,0,7600,0.0662,0.0,true
HiddenCover,16384,30,random,16,7,234,0,7600,0.0666,0.0,true
HiddenCover,16384,30,random,16,8,234,0,7600,0.0662,0.0,true
HiddenCover,16384,30,random,16,9,234,0,7600,0.0664,0.0,true
HiddenCover,16384,30,random,16,10,234,0,7600,0.0667,0.0,true
HiddenCover,16384,30,random,16,11,234,0,7600,0.06609999999999999,0.0,true
HiddenCover,16384,30,random,16,12,234,0,7600,0.0662,0.0,true
HiddenCover,16384,30,random,16,13,234,0,7600,0.06609999999999999,0.0,true
HiddenCover,16384,30,random,16,14,234,0,7600,0.0663,0.0,true
HiddenCover,16384,30,random,16,15,234,0,7600,0.06609999999999999,0.0,true
HiddenCover,16384,30,random,16,16,234,0,7600,0.0673,0.0,true
HiddenCover,16384,30,random,16,17,234,0,7600,0.0669,0.0,true
HiddenCover,16384,30,random,16,18,234,0,7600,0.0658,0.0,true
HiddenCover,16384,30,random,16,19,234,0,7600,0.0658,0.0,true
HiddenCover,16384,30,random,16,20,234,0,7600,0.06559999999999999,0.0,true
HiddenCover,16384,30,random,16,21,234,0,7600,0.0657,0.0,true
HiddenCover,16384,30,random,16,22,234,0,7600,0.0658,0.0,true
HiddenCover,16384,30,random,16,23,234,0,7600,0.0657,0.0,true
HiddenCover,16384,30,random,16,24,234,0,7600,0.06609999999999999,0.0,true
HiddenCover,16384,30,random,16,25,234,0,7600,0.0657,0.0,true
HiddenCover,16384,30,random,16,26,234,0,7600,0.066,0.0,true
HiddenCover,16384,30,random,16,27,234,0,7600,0.06609999999999999,0.0,true
HiddenCover,16384,30,random,16,28,234,0,7600,0.0658,0.0,true
HiddenCover,16384,30,random,16,29,234,0,7600,0.0655,0.0,true
HiddenCover,16384,30,random,17,0,257,0,8336,0.0692,0.0,true
HiddenCover,16384,30,random,17,1,257,0,8336,0.0691,0.0,true
HiddenCover,16384,30,random,17,2,257,0,8336,0.0692,0.0,true
HiddenCover,16384,30,random,17,3,257,0,8336,0.0692,0.0,true
HiddenCover,16384,30,random,17,4,257,0,8336,0.0691,0.0,true
HiddenCover,16384,30,random,17,5,257,0,8336,0.0691,0.0,true
HiddenCover,16384,30,random,17,6,257,0,8336,0.06949999999999999,0.0,true
HiddenCover,16384,30,random,17,7,257,0,8336,0.074,0.0,true
HiddenCover,16384,30,random,17,8,257,0,8336,0.06949999999999999,0.0,true
HiddenCover,16384,30,random,17,9,257,0,8336,0.0691,0.0,true
HiddenCover,16384,30,random,17,10,257,0,8336,0.0696,0.0,true
HiddenCover,16384,30,random,17,11,257,0,8336,0.0691,0.0,true
HiddenCover,16384,30,random,17,12,257,0,8336,0.0693,0.0,true
HiddenCover,16384,30,random,17,13,257,0,8336,0.06949999999999999,0.0,true
HiddenCover,16384,30,random,17,14,257,0,8336,0.0692,0.0,true
HiddenCover,16384,30,random,17,15,257,0,8336,0.06899999999999999,0.0,true
HiddenCover,16384,30,random,17,16,257,0,8336,0.0694,0.0,true
HiddenCover,16384,30,random,17,17,257,0,8336,0.06899999999999999,0.0,true
HiddenCover,16384,30,random,17,18,257,0,8336,0.0694,0.0,true
HiddenCover,16384,30,random,17,19,257,0,8336,0.0709,0.0,true
HiddenCover,16384,30,random,17,20,257,0,8336,0.0691,0.0,true
HiddenCover,16384,30,random,17,21,257,0,8336,0.0708,0.0,true
HiddenCover,16384,30,random,17,22,257,0,8336,0.0696,0.0,true
HiddenCover,16384,30,random,17,23,257,0,8336,0.0694,0.0,true
HiddenCover,16384,30,random,17,24,257,0,8336,0.06949999999999999,0.0,true
HiddenCover,16384,30,random,17,25,257,0,8336,0.06899999999999999,0.0,true
HiddenCover,16384,30,random,17,26,257,0,8336,0.0697,0.0,true
HiddenCover,16384,30,random,17,27,257,0,8336,0.0693,0.0,true
HiddenCover,16384,30,random,17,28,257,0,8336,0.0693,0.0,true
HiddenCover,16384,30,random,17,29,257,0,8336,0.0693,0.0,true
HiddenCover,16384,30,random,18,0,239,0,7760,0.0665,0.0,true
HiddenCover,16384,30,random,18,1,239,0,7760,0.0664,0.0,true
HiddenCover,16384,30,random,18,2,239,0,7760,0.0664,0.0,true
HiddenCover,16384,30,random,18,3,239,0,7760,0.0664,0.0,true
HiddenCover,16384,30,random,18,4,239,0,7760,0.0666,0.0,true
HiddenCover,16384,30,random,18,5,239,0,7760,0.0664,0.0,true
HiddenCover,16384,30,random,18,6,239,0,7760,0.0666,0.0,true
HiddenCover,16384,30,random,18,7,239,0,7760,0.0664,0.0,true
HiddenCover,16384,30,random,18,8,239,0,7760,0.0667,0.0,true
HiddenCover,16384,30,random,18,9,239,0,7760,0.0666,0.0,true
HiddenCover,16384,30,random,18,10,239,0,7760,0.067,0.0,true
HiddenCover,16384,30,random,18,11,239,0,7760,0.0667,0.0,true
HiddenCover,16384,30,random,18,12,239,0,7760,0.06770000000000001,0.0,true
HiddenCover,16384,30,random,18,13,239,0,7760,0.0671,0.0,true
HiddenCover,16384,30,random,18,14,239,0,7760,0.0669,0.0,true
HiddenCover,16384,30,random,18,15,239,0,7760,0.0673,0.0,true
HiddenCover,16384,30,random,18,16,239,0,7760,0.0671,0.0,true
HiddenCover,16384,30,random,18,17,239,0,7760,0.067,0.0,true
HiddenCover,16384,30,random,18,18,239,0,7760,0.067,0.0,true
HiddenCover,16384,30,random,18,19,239,0,7760,0.0671,0.0,true
HiddenCover,16384,30,random,18,20,239,0,7760,0.0667,0.0,true
HiddenCover,16384,30,random,18,21,239,0,7760,0.0674,0.0,true
HiddenCover,16384,30,random,18,22,239,0,7760,0.0671,0.0,true
HiddenCover,16384,30,random,18,23,239,0,7760,0.0666,0.0,true
HiddenCover,16384,30,random,18,24,239,0,7760,0.06760000000000001,0.0,true
HiddenCover,16384,30,random,18,25,239,0,7760,0.0669,0.0,true
HiddenCover,16384,30,random,18,26,239,0,7760,0.067,0.0,true
HiddenCover,16384,30,random,18,27,239,0,7760,0.07279999999999999,0.0,true
HiddenCover,16384,30,random,18,28,239,0,7760,0.0698,0.0,true
HiddenCover,16384,30,random,18,29,239,0,7760,0.07050000000000001,0.0,true
HiddenCover,16384,30,random,19,0,248,0,8048,0.0753,0.0,true
HiddenCover,16384,30,random,19,1,248,0,8048,0.0746,0.0,true
HiddenCover,16384,30,random,19,2,248,0,8048,0.0753,0.0,true
HiddenCover,16384,30,random,19,3,248,0,8048,0.0789,0.0,true
HiddenCover,16384,30,random,19,4,248,0,8048,0.0717,0.0,true
HiddenCover,16384,30,random,19,5,248,0,8048,0.07540000000000001,0.0,true
HiddenCover,16384,30,random,19,6,248,0,8048,0.07160000000000001,0.0,true
HiddenCover,16384,30,random,19,7,248,0,8048,0.0718,0.0,true
HiddenCover,16384,30,random,19,8,248,0,8048,0.0731,0.0,true
HiddenCover,16384,30,random,19,9,248,0,8048,0.0718,0.0,true
HiddenCover,16384,30,random,19,10,248,0,8048,0.073,0.0,true
HiddenCover,16384,30,random,19,11,248,0,8048,0.0792,0.0,true
HiddenCover,16384,30,random,19,12,248,0,8048,0.0837,0.0,true
HiddenCover,16384,30,random,19,13,248,0,8048,0.09069999999999999,0.0,true
HiddenCover,16384,30,random,19,14,248,0,8048,0.09079999999999999,0.0,true
HiddenCover,16384,30,random,19,15,248,0,8048,0.11069999999999999,0.0,true
HiddenCover,16384,30,random,19,16,248,0,8048,0.0871,0.0,true
HiddenCover,16384,30,random,19,17,248,0,8048,0.0893,0.0,true
HiddenCover,16384,30,random,19,18,248,0,8048,0.0727,0.0,true
HiddenCover,16384,30,random,19,19,248,0,8048,0.0761,0.0,true
HiddenCover,16384,30,random,19,20,248,0,8048,0.07239999999999999,0.0,true
HiddenCover,16384,30,random,19,21,248,0,8048,0.07160000000000001,0.0,true
HiddenCover,16384,30,random,19,22,248,0,8048,0.0718,0.0,true
HiddenCover,16384,30,random,19,23,248,0,8048,0.0833,0.0,true
HiddenCover,16384,30,random,19,24,248,0,8048,0.08339999999999999,0.0,true
HiddenCover,16384,30,random,19,25,248,0,8048,0.0748,0.0,true
HiddenCover,16384,30,random,19,26,248,0,8048,0.0743,0.0,true
HiddenCover,16384,30,random,19,27,248,0,8048,0.07550000000000001,0.0,true
HiddenCover,16384,30,random,19,28,248,0,8048,0.0766,0.0,true
HiddenCover,16384,30,random,19,29,248,0,8048,0.0807,0.0,true
HiddenCover,16384,30,dispersed,0,0,272,0,8816,0.0764,0.0,true
HiddenCover,16384,30,dispersed,0,1,272,0,8816,0.07619999999999999,0.0,true
HiddenCover,16384,30,dispersed,0,2,272,0,8816,0.0761,0.0,true
HiddenCover,16384,30,dispersed,0,3,272,0,8816,0.0759,0.0,true
HiddenCover,16384,30,dispersed,0,4,272,0,8816,0.07619999999999999,0.0,true
HiddenCover,16384,30,dispersed,0,5,272,0,8816,0.0759,0.0,true
HiddenCover,16384,30,dispersed,0,6,272,0,8816,0.0761,0.0,true
HiddenCover,16384,30,dispersed,0,7,272,0,8816,0.0758,0.0,true
HiddenCover,16384,30,dispersed,0,8,272,0,8816,0.07550000000000001,0.0,true
HiddenCover,16384,30,dispersed,0,9,272,0,8816,0.0764,0.0,true
HiddenCover,16384,30,dispersed,0,10,272,0,8816,0.0759,0.0,true
HiddenCover,16384,30,dispersed,0,11,272,0,8816,0.094,0.0,true
HiddenCover,16384,30,dispersed,0,12,272,0,8816,0.0779,0.0,true
HiddenCover,16384,30,dispersed,0,13,272,0,8816,0.0761,0.0,true
HiddenCover,16384,30,dispersed,0,14,272,0,8816,0.0766,0.0,true
HiddenCover,16384,30,dispersed,0,15,272,0,8816,0.07619999999999999,0.0,true
HiddenCover,16384,30,dispersed,0,16,272,0,8816,0.0766,0.0,true
HiddenCover,16384,30,dispersed,0,17,272,0,8816,0.076,0.0,true
HiddenCover,16384,30,dispersed,0,18,272,0,8816,0.0759,0.0,true
HiddenCover,16384,30,dispersed,0,19,272,0,8816,0.07619999999999999,0.0,true
HiddenCover,16384,30,dispersed,0,20,272,0,8816,0.07619999999999999,0.0,true
HiddenCover,16384,30,dispersed,0,21,272,0,8816,0.0765,0.0,true
HiddenCover,16384,30,dispersed,0,22,272,0,8816,0.076,0.0,true
HiddenCover,16384,30,dispersed,0,23,272,0,8816,0.07619999999999999,0.0,true
HiddenCover,16384,30,dispersed,0,24,272,0,8816,0.1664,0.0,true
HiddenCover,16384,30,dispersed,0,25,272,0,8816,0.13190000000000002,0.0,true
HiddenCover,16384,30,dispersed,0,26,272,0,8816,0.09469999999999999,0.0,true
HiddenCover,16384,30,dispersed,0,27,272,0,8816,0.1124,0.0,true
HiddenCover,16384,30,dispersed,0,28,272,0,8816,0.1111,0.0,true
HiddenCover,16384,30,dispersed,0,29,272,0,8816,0.0988,0.0,true
HiddenCover,16384,30,dispersed,1,0,272,0,8816,0.11230000000000001,0.0,true
HiddenCover,16384,30,dispersed,1,1,272,0,8816,0.1012,0.0,true
HiddenCover,16384,30,dispersed,1,2,272,0,8816,0.1219,0.0,true
HiddenCover,16384,30,dispersed,1,3,272,0,8816,0.1078,0.0,true
HiddenCover,16384,30,dispersed,1,4,272,0,8816,0.10959999999999999,0.0,true
HiddenCover,16384,30,dispersed,1,5,272,0,8816,0.12229999999999999,0.0,true
HiddenCover,16384,30,dispersed,1,6,272,0,8816,0.1205,0.0,true
HiddenCover,16384,30,dispersed,1,7,272,0,8816,0.1235,0.0,true
HiddenCover,16384,30,dispersed,1,8,272,0,8816,0.1086,0.0,true
HiddenCover,16384,30,dispersed,1,9,272,0,8816,0.1053,0.0,true
HiddenCover,16384,30,dispersed,1,10,272,0,8816,0.1095,0.0,true
HiddenCover,16384,30,dispersed,1,11,272,0,8816,0.10500000000000001,0.0,true
HiddenCover,16384,30,dispersed,1,12,272,0,8816,0.1014,0.0,true
HiddenCover,16384,30,dispersed,1,13,272,0,8816,0.10160000000000001,0.0,true
HiddenCover,16384,30,dispersed,1,14,272,0,8816,0.10110000000000001,0.0,true
HiddenCover,16384,30,dispersed,1,15,272,0,8816,0.1052,0.0,true
HiddenCover,16384,30,dispersed,1,16,272,0,8816,0.10060000000000001,0.0,true
HiddenCover,16384,30,dispersed,1,17,272,0,8816,0.1009,0.0,true
HiddenCover,16384,30,dispersed,1,18,272,0,8816,0.1012,0.0,true
HiddenCover,16384,30,dispersed,1,19,272,0,8816,0.10110000000000001,0.0,true
HiddenCover,16384,30,dispersed,1,20,272,0,8816,0.1067,0.0,true
HiddenCover,16384,30,dispersed,1,21,272,0,8816,0.0765,0.0,true
HiddenCover,16384,30,dispersed,1,22,272,0,8816,0.078,0.0,true
HiddenCover,16384,30,dispersed,1,23,272,0,8816,0.0859,0.0,true
HiddenCover,16384,30,dispersed,1,24,272,0,8816,0.0759,0.0,true
HiddenCover,16384,30,dispersed,1,25,272,0,8816,0.0758,0.0,true
HiddenCover,16384,30,dispersed,1,26,272,0,8816,0.0945,0.0,true
HiddenCover,16384,30,dispersed,1,27,272,0,8816,0.0945,0.0,true
HiddenCover,16384,30,dispersed,1,28,272,0,8816,0.0942,0.0,true
HiddenCover,16384,30,dispersed,1,29,272,0,8816,0.09469999999999999,0.0,true
HiddenCover,16384,30,dispersed,2,0,272,0,8816,0.0766,0.0,true
HiddenCover,16384,30,dispersed,2,1,272,0,8816,0.07629999999999999,0.0,true
HiddenCover,16384,30,dispersed,2,2,272,0,8816,0.07629999999999999,0.0,true
HiddenCover,16384,30,dispersed,2,3,272,0,8816,0.0758,0.0,true
HiddenCover,16384,30,dispersed,2,4,272,0,8816,0.07629999999999999,0.0,true
HiddenCover,16384,30,dispersed,2,5,272,0,8816,0.0766,0.0,true
HiddenCover,16384,30,dispersed,2,6,272,0,8816,0.0764,0.0,true
HiddenCover,16384,30,dispersed,2,7,272,0,8816,0.0761,0.0,true
HiddenCover,16384,30,dispersed,2,8,272,0,8816,0.0764,0.0,true
HiddenCover,16384,30,dispersed,2,9,272,0,8816,0.07629999999999999,0.0,true
HiddenCover,16384,30,dispersed,2,10,272,0,8816,0.076,0.0,true
HiddenCover,16384,30,dispersed,2,11,272,0,8816,0.0761,0.0,true
HiddenCover,16384,30,dispersed,2,12,272,0,8816,0.07629999999999999,0.0,true
HiddenCover,16384,30,dispersed,2,13,272,0,8816,0.07619999999999999,0.0,true
HiddenCover,16384,30,dispersed,2,14,272,0,8816,0.0759,0.0,true
HiddenCover,16384,30,dispersed,2,15,272,0,8816,0.0768,0.0,true
HiddenCover,16384,30,dispersed,2,16,272,0,8816,0.076,0.0,true
HiddenCover,16384,30,dispersed,2,17,272,0,8816,0.0761,0.0,true
HiddenCover,16384,30,dispersed,2,18,272,0,8816,0.07629999999999999,0.0,true
HiddenCover,16384,30,dispersed,2,19,272,0,8816,0.0765,0.0,true
HiddenCover,16384,30,dispersed,2,20,272,0,8816,0.07629999999999999,0.0,true
HiddenCover,16384,30,dispersed,2,21,272,0,8816,0.0761,0.0,true
HiddenCover,16384,30,dispersed,2,22,272,0,8816,0.0759,0.0,true
HiddenCover,16384,30,dispersed,2,23,272,0,8816,0.0757,0.0,true
HiddenCover,16384,30,dispersed,2,24,272,0,8816,0.0761,0.0,true
HiddenCover,16384,30,dispersed,2,25,272,0,8816,0.0765,0.0,true
HiddenCover,16384,30,dispersed,2,26,272,0,8816,0.07619999999999999,0.0,true
HiddenCover,16384,30,dispersed,2,27,272,0,8816,0.07629999999999999,0.0,true
HiddenCover,16384,30,dispersed,2,28,272,0,8816,0.0764,0.0,true
HiddenCover,16384,30,dispersed,2,29,272,0,8816,0.07619999999999999,0.0,true
HiddenCover,16384,30,dispersed,3,0,272,0,8816,0.0761,0.0,true
HiddenCover,16384,30,dispersed,3,1,272,0,8816,0.07619999999999999,0.0,true
HiddenCover,16384,30,dispersed,3,2,272,0,8816,0.07619999999999999,0.0,true
HiddenCover,16384,30,dispersed,3,3,272,0,8816,0.076,0.0,true
HiddenCover,16384,30,dispersed,3,4,272,0,8816,0.0781,0.0,true
HiddenCover,16384,30,dispersed,3,5,272,0,8816,0.0764,0.0,true
HiddenCover,16384,30,dispersed,3,6,272,0,8816,0.076,0.0,true
HiddenCover,16384,30,dispersed,3,7,272,0,8816,0.076,0.0,true
HiddenCover,16384,30,dispersed,3,8,272,0,8816,0.07629999999999999,0.0,true
HiddenCover,16384,30,dispersed,3,9,272,0,8816,0.0765,0.0,true
HiddenCover,16384,30,dispersed,3,10,272,0,8816,0.0764,0.0,true
HiddenCover,16384,30,dispersed,3,11,272,0,8816,0.076,0.0,true
HiddenCover,16384,30,dispersed,3,12,272,0,8816,0.076,0.0,true
HiddenCover,16384,30,dispersed,3,13,272,0,8816,0.0764,0.0,true
HiddenCover,16384,30,dispersed,3,14,272,0,8816,0.0761,0.0,true
HiddenCover,16384,30,dispersed,3,15,272,0,8816,0.0761,0.0,true
HiddenCover,16384,30,dispersed,3,16,272,0,8816,0.0758,0.0,true
HiddenCover,16384,30,dispersed,3,17,272,0,8816,0.07629999999999999,0.0,true
HiddenCover,16384,30,dispersed,3,18,272,0,8816,0.07619999999999999,0.0,true
HiddenCover,16384,30,dispersed,3,19,272,0,8816,0.07619999999999999,0.0,true
HiddenCover,16384,30,dispersed,3,20,272,0,8816,0.0761,0.0,true
HiddenCover,16384,30,dispersed,3,21,272,0,8816,0.0759,0.0,true
HiddenCover,16384,30,dispersed,3,22,272,0,8816,0.0761,0.0,true
HiddenCover,16384,30,dispersed,3,23,272,0,8816,0.07619999999999999,0.0,true
HiddenCover,16384,30,dispersed,3,24,272,0,8816,0.0756,0.0,true
HiddenCover,16384,30,dispersed,3,25,272,0,8816,0.0758,0.0,true
HiddenCover,16384,30,dispersed,3,26,272,0,8816,0.07550000000000001,0.0,true
HiddenCover,16384,30,dispersed,3,27,272,0,8816,0.076,0.0,true
HiddenCover,16384,30,dispersed,3,28,272,0,8816,0.07629999999999999,0.0,true
HiddenCover,16384,30,dispersed,3,29,272,0,8816,0.07629999999999999,0.0,true
HiddenCover,16384,30,dispersed,4,0,272,0,8816,0.24020000000000002,0.0,true
HiddenCover,16384,30,dispersed,4,1,272,0,8816,0.23479999999999998,0.0,true
HiddenCover,16384,30,dispersed,4,2,272,0,8816,0.24879999999999997,0.0,true
HiddenCover,16384,30,dispersed,4,3,272,0,8816,0.194,0.0,true
HiddenCover,16384,30,dispersed,4,4,272,0,8816,0.1428,0.0,true
HiddenCover,16384,30,dispersed,4,5,272,0,8816,0.1254,0.0,true
HiddenCover,16384,30,dispersed,4,6,272,0,8816,0.1236,0.0,true
HiddenCover,16384,30,dispersed,4,7,272,0,8816,0.12029999999999999,0.0,true
HiddenCover,16384,30,dispersed,4,8,272,0,8816,0.10500000000000001,0.0,true
HiddenCover,16384,30,dispersed,4,9,272,0,8816,0.0837,0.0,true
HiddenCover,16384,30,dispersed,4,10,272,0,8816,0.0853,0.0,true
HiddenCover,16384,30,dispersed,4,11,272,0,8816,0.0857,0.0,true
HiddenCover,16384,30,dispersed,4,12,272,0,8816,0.0821,0.0,true
HiddenCover,16384,30,dispersed,4,13,272,0,8816,0.08059999999999999,0.0,true
HiddenCover,16384,30,dispersed,4,14,272,0,8816,0.07629999999999999,0.0,true
HiddenCover,16384,30,dispersed,4,15,272,0,8816,0.0765,0.0,true
HiddenCover,16384,30,dispersed,4,16,272,0,8816,0.0828,0.0,true
HiddenCover,16384,30,dispersed,4,17,272,0,8816,0.076,0.0,true
HiddenCover,16384,30,dispersed,4,18,272,0,8816,0.076,0.0,true
HiddenCover,16384,30,dispersed,4,19,272,0,8816,0.0769,0.0,true
HiddenCover,16384,30,dispersed,4,20,272,0,8816,0.0776,0.0,true
HiddenCover,16384,30,dispersed,4,21,272,0,8816,0.0775,0.0,true
HiddenCover,16384,30,dispersed,4,22,272,0,8816,0.0779,0.0,true
HiddenCover,16384,30,dispersed,4,23,272,0,8816,0.08059999999999999,0.0,true
HiddenCover,16384,30,dispersed,4,24,272,0,8816,0.0819,0.0,true
HiddenCover,16384,30,dispersed,4,25,272,0,8816,0.0799,0.0,true
HiddenCover,16384,30,dispersed,4,26,272,0,8816,0.07629999999999999,0.0,true
HiddenCover,16384,30,dispersed,4,27,272,0,8816,0.0777,0.0,true
HiddenCover,16384,30,dispersed,4,28,272,0,8816,0.0757,0.0,true
HiddenCover,16384,30,dispersed,4,29,272,0,8816,0.0797,0.0,true
HiddenCover,16384,30,dispersed,5,0,272,0,8816,0.07540000000000001,0.0,true
HiddenCover,16384,30,dispersed,5,1,272,0,8816,0.0753,0.0,true
HiddenCover,16384,30,dispersed,5,2,272,0,8816,0.0756,0.0,true
HiddenCover,16384,30,dispersed,5,3,272,0,8816,0.0758,0.0,true
HiddenCover,16384,30,dispersed,5,4,272,0,8816,0.0764,0.0,true
HiddenCover,16384,30,dispersed,5,5,272,0,8816,0.0759,0.0,true
HiddenCover,16384,30,dispersed,5,6,272,0,8816,0.0886,0.0,true
HiddenCover,16384,30,dispersed,5,7,272,0,8816,0.1066,0.0,true
HiddenCover,16384,30,dispersed,5,8,272,0,8816,0.10450000000000001,0.0,true
HiddenCover,16384,30,dispersed,5,9,272,0,8816,0.0772,0.0,true
HiddenCover,16384,30,dispersed,5,10,272,0,8816,0.07619999999999999,0.0,true
HiddenCover,16384,30,dispersed,5,11,272,0,8816,0.0772,0.0,true
HiddenCover,16384,30,dispersed,5,12,272,0,8816,0.0844,0.0,true
HiddenCover,16384,30,dispersed,5,13,272,0,8816,0.0875,0.0,true
HiddenCover,16384,30,dispersed,5,14,272,0,8816,0.0876,0.0,true
HiddenCover,16384,30,dispersed,5,15,272,0,8816,0.08729999999999999,0.0,true
HiddenCover,16384,30,dispersed,5,16,272,0,8816,0.0868,0.0,true
HiddenCover,16384,30,dispersed,5,17,272,0,8816,0.08670000000000001,0.0,true
HiddenCover,16384,30,dispersed,5,18,272,0,8816,0.0809,0.0,true
HiddenCover,16384,30,dispersed,5,19,272,0,8816,0.0766,0.0,true
HiddenCover,16384,30,dispersed,5,20,272,0,8816,0.0765,0.0,true
HiddenCover,16384,30,dispersed,5,21,272,0,8816,0.0761,0.0,true
HiddenCover,16384,30,dispersed,5,22,272,0,8816,0.0779,0.0,true
HiddenCover,16384,30,dispersed,5,23,272,0,8816,0.0759,0.0,true
HiddenCover,16384,30,dispersed,5,24,272,0,8816,0.0764,0.0,true
HiddenCover,16384,30,dispersed,5,25,272,0,8816,0.0764,0.0,true
HiddenCover,16384,30,dispersed,5,26,272,0,8816,0.0756,0.0,true
HiddenCover,16384,30,dispersed,5,27,272,0,8816,0.0761,0.0,true
HiddenCover,16384,30,dispersed,5,28,272,0,8816,0.0759,0.0,true
HiddenCover,16384,30,dispersed,5,29,272,0,8816,0.07669999999999999,0.0,true
HiddenCover,16384,30,dispersed,6,0,272,0,8816,0.0757,0.0,true
HiddenCover,16384,30,dispersed,6,1,272,0,8816,0.07629999999999999,0.0,true
HiddenCover,16384,30,dispersed,6,2,272,0,8816,0.0764,0.0,true
HiddenCover,16384,30,dispersed,6,3,272,0,8816,0.0758,0.0,true
HiddenCover,16384,30,dispersed,6,4,272,0,8816,0.07619999999999999,0.0,true
HiddenCover,16384,30,dispersed,6,5,272,0,8816,0.076,0.0,true
HiddenCover,16384,30,dispersed,6,6,272,0,8816,0.0761,0.0,true
HiddenCover,16384,30,dispersed,6,7,272,0,8816,0.0774,0.0,true
HiddenCover,16384,30,dispersed,6,8,272,0,8816,0.0757,0.0,true
HiddenCover,16384,30,dispersed,6,9,272,0,8816,0.0757,0.0,true
HiddenCover,16384,30,dispersed,6,10,272,0,8816,0.07629999999999999,0.0,true
HiddenCover,16384,30,dispersed,6,11,272,0,8816,0.07550000000000001,0.0,true
HiddenCover,16384,30,dispersed,6,12,272,0,8816,0.0768,0.0,true
HiddenCover,16384,30,dispersed,6,13,272,0,8816,0.076,0.0,true
HiddenCover,16384,30,dispersed,6,14,272,0,8816,0.0759,0.0,true
HiddenCover,16384,30,dispersed,6,15,272,0,8816,0.0756,0.0,true
HiddenCover,16384,30,dispersed,6,16,272,0,8816,0.08009999999999999,0.0,true
HiddenCover,16384,30,dispersed,6,17,272,0,8816,0.0759,0.0,true
HiddenCover,16384,30,dispersed,6,18,272,0,8816,0.0757,0.0,true
HiddenCover,16384,30,dispersed,6,19,272,0,8816,0.0757,0.0,true
HiddenCover,16384,30,dispersed,6,20,272,0,8816,0.0757,0.0,true
HiddenCover,16384,30,dispersed,6,21,272,0,8816,0.1044,0.0,true
HiddenCover,16384,30,dispersed,6,22,272,0,8816,0.0758,0.0,true
HiddenCover,16384,30,dispersed,6,23,272,0,8816,0.0757,0.0,true
HiddenCover,16384,30,dispersed,6,24,272,0,8816,0.0758,0.0,true
HiddenCover,16384,30,dispersed,6,25,272,0,8816,0.0757,0.0,true
HiddenCover,16384,30,dispersed,6,26,272,0,8816,0.0758,0.0,true
HiddenCover,16384,30,dispersed,6,27,272,0,8816,0.0765,0.0,true
HiddenCover,16384,30,dispersed,6,28,272,0,8816,0.07550000000000001,0.0,true
HiddenCover,16384,30,dispersed,6,29,272,0,8816,0.0759,0.0,true
HiddenCover,16384,30,dispersed,7,0,272,0,8816,0.0776,0.0,true
HiddenCover,16384,30,dispersed,7,1,272,0,8816,0.07669999999999999,0.0,true
HiddenCover,16384,30,dispersed,7,2,272,0,8816,0.0765,0.0,true
HiddenCover,16384,30,dispersed,7,3,272,0,8816,0.0761,0.0,true
HiddenCover,16384,30,dispersed,7,4,272,0,8816,0.0764,0.0,true
HiddenCover,16384,30,dispersed,7,5,272,0,8816,0.0765,0.0,true
HiddenCover,16384,30,dispersed,7,6,272,0,8816,0.0764,0.0,true
HiddenCover,16384,30,dispersed,7,7,272,0,8816,0.07619999999999999,0.0,true
HiddenCover,16384,30,dispersed,7,8,272,0,8816,0.0765,0.0,true
HiddenCover,16384,30,dispersed,7,9,272,0,8816,0.0764,0.0,true
HiddenCover,16384,30,dispersed,7,10,272,0,8816,0.0761,0.0,true
HiddenCover,16384,30,dispersed,7,11,272,0,8816,0.0758,0.0,true
HiddenCover,16384,30,dispersed,7,12,272,0,8816,0.07619999999999999,0.0,true
HiddenCover,16384,30,dispersed,7,13,272,0,8816,0.0761,0.0,true
HiddenCover,16384,30,dispersed,7,14,272,0,8816,0.07619999999999999,0.0,true
HiddenCover,16384,30,dispersed,7,15,272,0,8816,0.0764,0.0,true
HiddenCover,16384,30,dispersed,7,16,272,0,8816,0.07619999999999999,0.0,true
HiddenCover,16384,30,dispersed,7,17,272,0,8816,0.0758,0.0,true
HiddenCover,16384,30,dispersed,7,18,272,0,8816,0.076,0.0,true
HiddenCover,16384,30,dispersed,7,19,272,0,8816,0.0757,0.0,true
HiddenCover,16384,30,dispersed,7,20,272,0,8816,0.0764,0.0,true
HiddenCover,16384,30,dispersed,7,21,272,0,8816,0.0764,0.0,true
HiddenCover,16384,30,dispersed,7,22,272,0,8816,0.0759,0.0,true
HiddenCover,16384,30,dispersed,7,23,272,0,8816,0.0757,0.0,true
HiddenCover,16384,30,dispersed,7,24,272,0,8816,0.07540000000000001,0.0,true
HiddenCover,16384,30,dispersed,7,25,272,0,8816,0.07629999999999999,0.0,true
HiddenCover,16384,30,dispersed,7,26,272,0,8816,0.0761,0.0,true
HiddenCover,16384,30,dispersed,7,27,272,0,8816,0.0759,0.0,true
HiddenCover,16384,30,dispersed,7,28,272,0,8816,0.0759,0.0,true
HiddenCover,16384,30,dispersed,7,29,272,0,8816,0.0759,0.0,true
HiddenCover,16384,30,dispersed,8,0,272,0,8816,0.0761,0.0,true
HiddenCover,16384,30,dispersed,8,1,272,0,8816,0.0759,0.0,true
HiddenCover,16384,30,dispersed,8,2,272,0,8816,0.07619999999999999,0.0,true
HiddenCover,16384,30,dispersed,8,3,272,0,8816,0.0761,0.0,true
HiddenCover,16384,30,dispersed,8,4,272,0,8816,0.0758,0.0,true
HiddenCover,16384,30,dispersed,8,5,272,0,8816,0.0761,0.0,true
HiddenCover,16384,30,dispersed,8,6,272,0,8816,0.07619999999999999,0.0,true
HiddenCover,16384,30,dispersed,8,7,272,0,8816,0.0759,0.0,true
HiddenCover,16384,30,dispersed,8,8,272,0,8816,0.07629999999999999,0.0,true
HiddenCover,16384,30,dispersed,8,9,272,0,8816,0.076,0.0,true
HiddenCover,16384,30,dispersed,8,10,272,0,8816,0.0758,0.0,true
HiddenCover,16384,30,dispersed,8,11,272,0,8816,0.0761,0.0,true
HiddenCover,16384,30,dispersed,8,12,272,0,8816,0.076,0.0,true
HiddenCover,16384,30,dispersed,8,13,272,0,8816,0.07619999999999999,0.0,true
HiddenCover,16384,30,dispersed,8,14,272,0,8816,0.07619999999999999,0.0,true
HiddenCover,16384,30,dispersed,8,15,272,0,8816,0.0757,0.0,true
HiddenCover,16384,30,dispersed,8,16,272,0,8816,0.07619999999999999,0.0,true
HiddenCover,16384,30,dispersed,8,17,272,0,8816,0.0759,0.0,true
HiddenCover,16384,30,dispersed,8,18,272,0,8816,0.07619999999999999,0.0,true
HiddenCover,16384,30,dispersed,8,19,272,0,8816,0.0759,0.0,true
HiddenCover,16384,30,dispersed,8,20,272,0,8816,0.076,0.0,true
HiddenCover,16384,30,dispersed,8,21,272,0,8816,0.0757,0.0,true
HiddenCover,16384,30,dispersed,8,22,272,0,8816,0.0761,0.0,true
HiddenCover,16384,30,dispersed,8,23,272,0,8816,0.0766,0.0,true
HiddenCover,16384,30,dispersed,8,24,272,0,8816,0.0757,0.0,true
HiddenCover,16384,30,dispersed,8,25,272,0,8816,0.07940000000000001,0.0,true
HiddenCover,16384,30,dispersed,8,26,272,0,8816,0.0759,0.0,true
HiddenCover,16384,30,dispersed,8,27,272,0,8816,0.07629999999999999,0.0,true
HiddenCover,16384,30,dispersed,8,28,272,0,8816,0.0764,0.0,true
HiddenCover,16384,30,dispersed,8,29,272,0,8816,0.076,0.0,true
HiddenCover,16384,30,dispersed,9,0,272,0,8816,0.076,0.0,true
HiddenCover,16384,30,dispersed,9,1,272,0,8816,0.07629999999999999,0.0,true
HiddenCover,16384,30,dispersed,9,2,272,0,8816,0.07619999999999999,0.0,true
HiddenCover,16384,30,dispersed,9,3,272,0,8816,0.0757,0.0,true
HiddenCover,16384,30,dispersed,9,4,272,0,8816,0.0761,0.0,true
HiddenCover,16384,30,dispersed,9,5,272,0,8816,0.0761,0.0,true
HiddenCover,16384,30,dispersed,9,6,272,0,8816,0.0764,0.0,true
HiddenCover,16384,30,dispersed,9,7,272,0,8816,0.07619999999999999,0.0,true
HiddenCover,16384,30,dispersed,9,8,272,0,8816,0.11270000000000001,0.0,true
HiddenCover,16384,30,dispersed,9,9,272,0,8816,0.106,0.0,true
HiddenCover,16384,30,dispersed,9,10,272,0,8816,0.1315,0.0,true
HiddenCover,16384,30,dispersed,9,11,272,0,8816,0.235,0.0,true
HiddenCover,16384,30,dispersed,9,12,272,0,8816,0.16440000000000002,0.0,true
HiddenCover,16384,30,dispersed,9,13,272,0,8816,0.1179,0.0,true
HiddenCover,16384,30,dispersed,9,14,272,0,8816,0.1121,0.0,true
HiddenCover,16384,30,dispersed,9,15,272,0,8816,0.1121,0.0,true
HiddenCover,16384,30,dispersed,9,16,272,0,8816,0.1052,0.0,true
HiddenCover,16384,30,dispersed,9,17,272,0,8816,0.1042,0.0,true
HiddenCover,16384,30,dispersed,9,18,272,0,8816,0.1034,0.0,true
HiddenCover,16384,30,dispersed,9,19,272,0,8816,0.11699999999999999,0.0,true
HiddenCover,16384,30,dispersed,9,20,272,0,8816,0.1091,0.0,true
HiddenCover,16384,30,dispersed,9,21,272,0,8816,0.1054,0.0,true
HiddenCover,16384,30,dispersed,9,22,272,0,8816,0.1032,0.0,true
HiddenCover,16384,30,dispersed,9,23,272,0,8816,0.1032,0.0,true
HiddenCover,16384,30,dispersed,9,24,272,0,8816,0.10629999999999999,0.0,true
HiddenCover,16384,30,dispersed,9,25,272,0,8816,0.12210000000000001,0.0,true
HiddenCover,16384,30,dispersed,9,26,272,0,8816,0.1114,0.0,true
HiddenCover,16384,30,dispersed,9,27,272,0,8816,0.0795,0.0,true
HiddenCover,16384,30,dispersed,9,28,272,0,8816,0.07619999999999999,0.0,true
HiddenCover,16384,30,dispersed,9,29,272,0,8816,0.0764,0.0,true
HiddenCover,16384,30,dispersed,10,0,272,0,8816,0.0808,0.0,true
HiddenCover,16384,30,dispersed,10,1,272,0,8816,0.0756,0.0,true
HiddenCover,16384,30,dispersed,10,2,272,0,8816,0.126,0.0,true
HiddenCover,16384,30,dispersed,10,3,272,0,8816,0.1064,0.0,true
HiddenCover,16384,30,dispersed,10,4,272,0,8816,0.1055,0.0,true
HiddenCover,16384,30,dispersed,10,5,272,0,8816,0.103,0.0,true
HiddenCover,16384,30,dispersed,10,6,272,0,8816,0.112,0.0,true
HiddenCover,16384,30,dispersed,10,7,272,0,8816,0.08009999999999999,0.0,true
HiddenCover,16384,30,dispersed,10,8,272,0,8816,0.0795,0.0,true
HiddenCover,16384,30,dispersed,10,9,272,0,8816,0.0797,0.0,true
HiddenCover,16384,30,dispersed,10,10,272,0,8816,0.07940000000000001,0.0,true
HiddenCover,16384,30,dispersed,10,11,272,0,8816,0.07930000000000001,0.0,true
HiddenCover,16384,30,dispersed,10,12,272,0,8816,0.0792,0.0,true
HiddenCover,16384,30,dispersed,10,13,272,0,8816,0.07940000000000001,0.0,true
HiddenCover,16384,30,dispersed,10,14,272,0,8816,0.0797,0.0,true
HiddenCover,16384,30,dispersed,10,15,272,0,8816,0.07930000000000001,0.0,true
HiddenCover,16384,30,dispersed,10,16,272,0,8816,0.0791,0.0,true
HiddenCover,16384,30,dispersed,10,17,272,0,8816,0.0789,0.0,true
HiddenCover,16384,30,dispersed,10,18,272,0,8816,0.07930000000000001,0.0,true
HiddenCover,16384,30,dispersed,10,19,272,0,8816,0.07959999999999999,0.0,true
HiddenCover,16384,30,dispersed,10,20,272,0,8816,0.0798,0.0,true
HiddenCover,16384,30,dispersed,10,21,272,0,8816,0.07930000000000001,0.0,true
HiddenCover,16384,30,dispersed,10,22,272,0,8816,0.0789,0.0,true
HiddenCover,16384,30,dispersed,10,23,272,0,8816,0.079,0.0,true
HiddenCover,16384,30,dispersed,10,24,272,0,8816,0.07930000000000001,0.0,true
HiddenCover,16384,30,dispersed,10,25,272,0,8816,0.07959999999999999,0.0,true
HiddenCover,16384,30,dispersed,10,26,272,0,8816,0.07940000000000001,0.0,true
HiddenCover,16384,30,dispersed,10,27,272,0,8816,0.0792,0.0,true
HiddenCover,16384,30,dispersed,10,28,272,0,8816,0.07880000000000001,0.0,true
HiddenCover,16384,30,dispersed,10,29,272,0,8816,0.0792,0.0,true
HiddenCover,16384,30,dispersed,11,0,272,0,8816,0.08009999999999999,0.0,true
HiddenCover,16384,30,dispersed,11,1,272,0,8816,0.08,0.0,true
HiddenCover,16384,30,dispersed,11,2,272,0,8816,0.08009999999999999,0.0,true
HiddenCover,16384,30,dispersed,11,3,272,0,8816,0.0799,0.0,true
HiddenCover,16384,30,dispersed,11,4,272,0,8816,0.0802,0.0,true
HiddenCover,16384,30,dispersed,11,5,272,0,8816,0.0809,0.0,true
HiddenCover,16384,30,dispersed,11,6,272,0,8816,0.08,0.0,true
HiddenCover,16384,30,dispersed,11,7,272,0,8816,0.08,0.0,true
HiddenCover,16384,30,dispersed,11,8,272,0,8816,0.08059999999999999,0.0,true
HiddenCover,16384,30,dispersed,11,9,272,0,8816,0.0802,0.0,true
HiddenCover,16384,30,dispersed,11,10,272,0,8816,0.0797,0.0,true
HiddenCover,16384,30,dispersed,11,11,272,0,8816,0.08009999999999999,0.0,true
HiddenCover,16384,30,dispersed,11,12,272,0,8816,0.0803,0.0,true
HiddenCover,16384,30,dispersed,11,13,272,0,8816,0.0805,0.0,true
HiddenCover,16384,30,dispersed,11,14,272,0,8816,0.0805,0.0,true
HiddenCover,16384,30,dispersed,11,15,272,0,8816,0.0803,0.0,true
HiddenCover,16384,30,dispersed,11,16,272,0,8816,0.0798,0.0,true
HiddenCover,16384,30,dispersed,11,17,272,0,8816,0.0799,0.0,true
HiddenCover,16384,30,dispersed,11,18,272,0,8816,0.0805,0.0,true
HiddenCover,16384,30,dispersed,11,19,272,0,8816,0.0803,0.0,true
HiddenCover,16384,30,dispersed,11,20,272,0,8816,0.08009999999999999,0.0,true
HiddenCover,16384,30,dispersed,11,21,272,0,8816,0.0802,0.0,true
HiddenCover,16384,30,dispersed,11,22,272,0,8816,0.0802,0.0,true
HiddenCover,16384,30,dispersed,11,23,272,0,8816,0.0805,0.0,true
HiddenCover,16384,30,dispersed,11,24,272,0,8816,0.0804,0.0,true
HiddenCover,16384,30,dispersed,11,25,272,0,8816,0.08009999999999999,0.0,true
HiddenCover,16384,30,dispersed,11,26,272,0,8816,0.08,0.0,true
HiddenCover,16384,30,dispersed,11,27,272,0,8816,0.08,0.0,true
HiddenCover,16384,30,dispersed,11,28,272,0,8816,0.0809,0.0,true
HiddenCover,16384,30,dispersed,11,29,272,0,8816,0.0803,0.0,true
HiddenCover,16384,30,dispersed,12,0,272,0,8816,0.07959999999999999,0.0,true
HiddenCover,16384,30,dispersed,12,1,272,0,8816,0.0798,0.0,true
HiddenCover,16384,30,dispersed,12,2,272,0,8816,0.07940000000000001,0.0,true
HiddenCover,16384,30,dispersed,12,3,272,0,8816,0.0795,0.0,true
HiddenCover,16384,30,dispersed,12,4,272,0,8816,0.07940000000000001,0.0,true
HiddenCover,16384,30,dispersed,12,5,272,0,8816,0.0792,0.0,true
HiddenCover,16384,30,dispersed,12,6,272,0,8816,0.0797,0.0,true
HiddenCover,16384,30,dispersed,12,7,272,0,8816,0.07930000000000001,0.0,true
HiddenCover,16384,30,dispersed,12,8,272,0,8816,0.0791,0.0,true
HiddenCover,16384,30,dispersed,12,9,272,0,8816,0.0789,0.0,true
HiddenCover,16384,30,dispersed,12,10,272,0,8816,0.0795,0.0,true
HiddenCover,16384,30,dispersed,12,11,272,0,8816,0.07940000000000001,0.0,true
HiddenCover,16384,30,dispersed,12,12,272,0,8816,0.079,0.0,true
HiddenCover,16384,30,dispersed,12,13,272,0,8816,0.07959999999999999,0.0,true
HiddenCover,16384,30,dispersed,12,14,272,0,8816,0.0789,0.0,true
HiddenCover,16384,30,dispersed,12,15,272,0,8816,0.07930000000000001,0.0,true
HiddenCover,16384,30,dispersed,12,16,272,0,8816,0.08,0.0,true
HiddenCover,16384,30,dispersed,12,17,272,0,8816,0.0792,0.0,true
HiddenCover,16384,30,dispersed,12,18,272,0,8816,0.07930000000000001,0.0,true
HiddenCover,16384,30,dispersed,12,19,272,0,8816,0.07940000000000001,0.0,true
HiddenCover,16384,30,dispersed,12,20,272,0,8816,0.0791,0.0,true
HiddenCover,16384,30,dispersed,12,21,272,0,8816,0.0798,0.0,true
HiddenCover,16384,30,dispersed,12,22,272,0,8816,0.07959999999999999,0.0,true
HiddenCover,16384,30,dispersed,12,23,272,0,8816,0.0795,0.0,true
HiddenCover,16384,30,dispersed,12,24,272,0,8816,0.07930000000000001,0.0,true
HiddenCover,16384,30,dispersed,12,25,272,0,8816,0.0797,0.0,true
HiddenCover,16384,30,dispersed,12,26,272,0,8816,0.0792,0.0,true
HiddenCover,16384,30,dispersed,12,27,272,0,8816,0.0791,0.0,true
HiddenCover,16384,30,dispersed,12,28,272,0,8816,0.0792,0.0,true
HiddenCover,16384,30,dispersed,12,29,272,0,8816,0.07959999999999999,0.0,true
HiddenCover,16384,30,dispersed,13,0,272,0,8816,0.07930000000000001,0.0,true
HiddenCover,16384,30,dispersed,13,1,272,0,8816,0.07940000000000001,0.0,true
HiddenCover,16384,30,dispersed,13,2,272,0,8816,0.0792,0.0,true
HiddenCover,16384,30,dispersed,13,3,272,0,8816,0.0791,0.0,true
HiddenCover,16384,30,dispersed,13,4,272,0,8816,0.0792,0.0,true
HiddenCover,16384,30,dispersed,13,5,272,0,8816,0.0792,0.0,true
HiddenCover,16384,30,dispersed,13,6,272,0,8816,0.079,0.0,true
HiddenCover,16384,30,dispersed,13,7,272,0,8816,0.0792,0.0,true
HiddenCover,16384,30,dispersed,13,8,272,0,8816,0.07930000000000001,0.0,true
HiddenCover,16384,30,dispersed,13,9,272,0,8816,0.07930000000000001,0.0,true
HiddenCover,16384,30,dispersed,13,10,272,0,8816,0.07930000000000001,0.0,true
HiddenCover,16384,30,dispersed,13,11,272,0,8816,0.07930000000000001,0.0,true
HiddenCover,16384,30,dispersed,13,12,272,0,8816,0.07930000000000001,0.0,true
HiddenCover,16384,30,dispersed,13,13,272,0,8816,0.07930000000000001,0.0,true
HiddenCover,16384,30,dispersed,13,14,272,0,8816,0.0795,0.0,true
HiddenCover,16384,30,dispersed,13,15,272,0,8816,0.07930000000000001,0.0,true
HiddenCover,16384,30,dispersed,13,16,272,0,8816,0.079,0.0,true
HiddenCover,16384,30,dispersed,13,17,272,0,8816,0.07930000000000001,0.0,true
HiddenCover,16384,30,dispersed,13,18,272,0,8816,0.0791,0.0,true
HiddenCover,16384,30,dispersed,13,19,272,0,8816,0.0789,0.0,true
HiddenCover,16384,30,dispersed,13,20,272,0,8816,0.0792,0.0,true
HiddenCover,16384,30,dispersed,13,21,272,0,8816,0.07930000000000001,0.0,true
HiddenCover,16384,30,dispersed,13,22,272,0,8816,0.0797,0.0,true
HiddenCover,16384,30,dispersed,13,23,272,0,8816,0.0791,0.0,true
HiddenCover,16384,30,dispersed,13,24,272,0,8816,0.0799,0.0,true
HiddenCover,16384,30,dispersed,13,25,272,0,8816,0.079,0.0,true
HiddenCover,16384,30,dispersed,13,26,272,0,8816,0.07930000000000001,0.0,true
HiddenCover,16384,30,dispersed,13,27,272,0,8816,0.07940000000000001,0.0,true
HiddenCover,16384,30,dispersed,13,28,272,0,8816,0.07959999999999999,0.0,true
HiddenCover,16384,30,dispersed,13,29,272,0,8816,0.0795,0.0,true
HiddenCover,16384,30,dispersed,14,0,272,0,8816,0.0803,0.0,true
HiddenCover,16384,30,dispersed,14,1,272,0,8816,0.0798,0.0,true
HiddenCover,16384,30,dispersed,14,2,272,0,8816,0.0799,0.0,true
HiddenCover,16384,30,dispersed,14,3,272,0,8816,0.08,0.0,true
HiddenCover,16384,30,dispersed,14,4,272,0,8816,0.07940000000000001,0.0,true
HiddenCover,16384,30,dispersed,14,5,272,0,8816,0.08,0.0,true
HiddenCover,16384,30,dispersed,14,6,272,0,8816,0.08,0.0,true
HiddenCover,16384,30,dispersed,14,7,272,0,8816,0.07959999999999999,0.0,true
HiddenCover,16384,30,dispersed,14,8,272,0,8816,0.08009999999999999,0.0,true
HiddenCover,16384,30,dispersed,14,9,272,0,8816,0.07930000000000001,0.0,true
HiddenCover,16384,30,dispersed,14,10,272,0,8816,0.0797,0.0,true
HiddenCover,16384,30,dispersed,14,11,272,0,8816,0.0797,0.0,true
HiddenCover,16384,30,dispersed,14,12,272,0,8816,0.0799,0.0,true
HiddenCover,16384,30,dispersed,14,13,272,0,8816,0.07930000000000001,0.0,true
HiddenCover,16384,30,dispersed,14,14,272,0,8816,0.07930000000000001,0.0,true
HiddenCover,16384,30,dispersed,14,15,272,0,8816,0.0797,0.0,true
HiddenCover,16384,30,dispersed,14,16,272,0,8816,0.0797,0.0,true
HiddenCover,16384,30,dispersed,14,17,272,0,8816,0.1052,0.0,true
HiddenCover,16384,30,dispersed,14,18,272,0,8816,0.13540000000000002,0.0,true
HiddenCover,16384,30,dispersed,14,19,272,0,8816,0.15259999999999999,0.0,true
HiddenCover,16384,30,dispersed,14,20,272,0,8816,0.1282,0.0,true
HiddenCover,16384,30,dispersed,14,21,272,0,8816,0.1103,0.0,true
HiddenCover,16384,30,dispersed,14,22,272,0,8816,0.1594,0.0,true
HiddenCover,16384,30,dispersed,14,23,272,0,8816,0.10900000000000001,0.0,true
HiddenCover,16384,30,dispersed,14,24,272,0,8816,0.10840000000000001,0.0,true
HiddenCover,16384,30,dispersed,14,25,272,0,8816,0.10890000000000001,0.0,true
HiddenCover,16384,30,dispersed,14,26,272,0,8816,0.11900000000000001,0.0,true
HiddenCover,16384,30,dispersed,14,27,272,0,8816,0.1061,0.0,true
HiddenCover,16384,30,dispersed,14,28,272,0,8816,0.1159,0.0,true
HiddenCover,16384,30,dispersed,14,29,272,0,8816,0.1031,0.0,true
HiddenCover,16384,30,dispersed,15,0,272,0,8816,0.077,0.0,true
HiddenCover,16384,30,dispersed,15,1,272,0,8816,0.0768,0.0,true
HiddenCover,16384,30,dispersed,15,2,272,0,8816,0.07619999999999999,0.0,true
HiddenCover,16384,30,dispersed,15,3,272,0,8816,0.0979,0.0,true
HiddenCover,16384,30,dispersed,15,4,272,0,8816,0.08670000000000001,0.0,true
HiddenCover,16384,30,dispersed,15,5,272,0,8816,0.0776,0.0,true
HiddenCover,16384,30,dispersed,15,6,272,0,8816,0.0765,0.0,true
HiddenCover,16384,30,dispersed,15,7,272,0,8816,0.0765,0.0,true
HiddenCover,16384,30,dispersed,15,8,272,0,8816,0.07629999999999999,0.0,true
HiddenCover,16384,30,dispersed,15,9,272,0,8816,0.07880000000000001,0.0,true
HiddenCover,16384,30,dispersed,15,10,272,0,8816,0.07619999999999999,0.0,true
HiddenCover,16384,30,dispersed,15,11,272,0,8816,0.0761,0.0,true
HiddenCover,16384,30,dispersed,15,12,272,0,8816,0.0761,0.0,true
HiddenCover,16384,30,dispersed,15,13,272,0,8816,0.0808,0.0,true
HiddenCover,16384,30,dispersed,15,14,272,0,8816,0.0824,0.0,true
HiddenCover,16384,30,dispersed,15,15,272,0,8816,0.0777,0.0,true
HiddenCover,16384,30,dispersed,15,16,272,0,8816,0.0819,0.0,true
HiddenCover,16384,30,dispersed,15,17,272,0,8816,0.07629999999999999,0.0,true
HiddenCover,16384,30,dispersed,15,18,272,0,8816,0.0836,0.0,true
HiddenCover,16384,30,dispersed,15,19,272,0,8816,0.0761,0.0,true
HiddenCover,16384,30,dispersed,15,20,272,0,8816,0.0758,0.0,true
HiddenCover,16384,30,dispersed,15,21,272,0,8816,0.0759,0.0,true
HiddenCover,16384,30,dispersed,15,22,272,0,8816,0.0756,0.0,true
HiddenCover,16384,30,dispersed,15,23,272,0,8816,0.0759,0.0,true
HiddenCover,16384,30,dispersed,15,24,272,0,8816,0.0761,0.0,true
HiddenCover,16384,30,dispersed,15,25,272,0,8816,0.0761,0.0,true
HiddenCover,16384,30,dispersed,15,26,272,0,8816,0.0759,0.0,true
HiddenCover,16384,30,dispersed,15,27,272,0,8816,0.076,0.0,true
HiddenCover,16384,30,dispersed,15,28,272,0,8816,0.07629999999999999,0.0,true
HiddenCover,16384,30,dispersed,15,29,272,0,8816,0.0759,0.0,true
HiddenCover,16384,30,dispersed,16,0,272,0,8816,0.076,0.0,true
HiddenCover,16384,30,dispersed,16,1,272,0,8816,0.0799,0.0,true
HiddenCover,16384,30,dispersed,16,2,272,0,8816,0.0756,0.0,true
HiddenCover,16384,30,dispersed,16,3,272,0,8816,0.0764,0.0,true
HiddenCover,16384,30,dispersed,16,4,272,0,8816,0.0759,0.0,true
HiddenCover,16384,30,dispersed,16,5,272,0,8816,0.0761,0.0,true
HiddenCover,16384,30,dispersed,16,6,272,0,8816,0.0756,0.0,true
HiddenCover,16384,30,dispersed,16,7,272,0,8816,0.0756,0.0,true
HiddenCover,16384,30,dispersed,16,8,272,0,8816,0.076,0.0,true
HiddenCover,16384,30,dispersed,16,9,272,0,8816,0.0757,0.0,true
HiddenCover,16384,30,dispersed,16,10,272,0,8816,0.0761,0.0,true
HiddenCover,16384,30,dispersed,16,11,272,0,8816,0.0756,0.0,true
HiddenCover,16384,30,dispersed,16,12,272,0,8816,0.0757,0.0,true
HiddenCover,16384,30,dispersed,16,13,272,0,8816,0.07619999999999999,0.0,true
HiddenCover,16384,30,dispersed,16,14,272,0,8816,0.0758,0.0,true
HiddenCover,16384,30,dispersed,16,15,272,0,8816,0.07550000000000001,0.0,true
HiddenCover,16384,30,dispersed,16,16,272,0,8816,0.0799,0.0,true
HiddenCover,16384,30,dispersed,16,17,272,0,8816,0.0778,0.0,true
HiddenCover,16384,30,dispersed,16,18,272,0,8816,0.0798,0.0,true
HiddenCover,16384,30,dispersed,16,19,272,0,8816,0.07959999999999999,0.0,true
HiddenCover,16384,30,dispersed,16,20,272,0,8816,0.0764,0.0,true
HiddenCover,16384,30,dispersed,16,21,272,0,8816,0.0765,0.0,true
HiddenCover,16384,30,dispersed,16,22,272,0,8816,0.0764,0.0,true
HiddenCover,16384,30,dispersed,16,23,272,0,8816,0.07669999999999999,0.0,true
HiddenCover,16384,30,dispersed,16,24,272,0,8816,0.0766,0.0,true
HiddenCover,16384,30,dispersed,16,25,272,0,8816,0.07669999999999999,0.0,true
HiddenCover,16384,30,dispersed,16,26,272,0,8816,0.0778,0.0,true
HiddenCover,16384,30,dispersed,16,27,272,0,8816,0.0731,0.0,true
HiddenCover,16384,30,dispersed,16,28,272,0,8816,0.0733,0.0,true
HiddenCover,16384,30,dispersed,16,29,272,0,8816,0.0731,0.0,true
HiddenCover,16384,30,dispersed,17,0,272,0,8816,0.0727,0.0,true
HiddenCover,16384,30,dispersed,17,1,272,0,8816,0.0743,0.0,true
HiddenCover,16384,30,dispersed,17,2,272,0,8816,0.0721,0.0,true
HiddenCover,16384,30,dispersed,17,3,272,0,8816,0.0727,0.0,true
HiddenCover,16384,30,dispersed,17,4,272,0,8816,0.07279999999999999,0.0,true
HiddenCover,16384,30,dispersed,17,5,272,0,8816,0.07289999999999999,0.0,true
HiddenCover,16384,30,dispersed,17,6,272,0,8816,0.0727,0.0,true
HiddenCover,16384,30,dispersed,17,7,272,0,8816,0.07279999999999999,0.0,true
HiddenCover,16384,30,dispersed,17,8,272,0,8816,0.0727,0.0,true
HiddenCover,16384,30,dispersed,17,9,272,0,8816,0.0726,0.0,true
HiddenCover,16384,30,dispersed,17,10,272,0,8816,0.07289999999999999,0.0,true
HiddenCover,16384,30,dispersed,17,11,272,0,8816,0.0732,0.0,true
HiddenCover,16384,30,dispersed,17,12,272,0,8816,0.073,0.0,true
HiddenCover,16384,30,dispersed,17,13,272,0,8816,0.07279999999999999,0.0,true
HiddenCover,16384,30,dispersed,17,14,272,0,8816,0.07200000000000001,0.0,true
HiddenCover,16384,30,dispersed,17,15,272,0,8816,0.0725,0.0,true
HiddenCover,16384,30,dispersed,17,16,272,0,8816,0.07339999999999999,0.0,true
HiddenCover,16384,30,dispersed,17,17,272,0,8816,0.0726,0.0,true
HiddenCover,16384,30,dispersed,17,18,272,0,8816,0.0725,0.0,true
HiddenCover,16384,30,dispersed,17,19,272,0,8816,0.0756,0.0,true
HiddenCover,16384,30,dispersed,17,20,272,0,8816,0.0791,0.0,true
HiddenCover,16384,30,dispersed,17,21,272,0,8816,0.0765,0.0,true
HiddenCover,16384,30,dispersed,17,22,272,0,8816,0.0725,0.0,true
HiddenCover,16384,30,dispersed,17,23,272,0,8816,0.07279999999999999,0.0,true
HiddenCover,16384,30,dispersed,17,24,272,0,8816,0.0726,0.0,true
HiddenCover,16384,30,dispersed,17,25,272,0,8816,0.07239999999999999,0.0,true
HiddenCover,16384,30,dispersed,17,26,272,0,8816,0.07289999999999999,0.0,true
HiddenCover,16384,30,dispersed,17,27,272,0,8816,0.0725,0.0,true
HiddenCover,16384,30,dispersed,17,28,272,0,8816,0.0726,0.0,true
HiddenCover,16384,30,dispersed,17,29,272,0,8816,0.0726,0.0,true
HiddenCover,16384,30,dispersed,18,0,272,0,8816,0.0722,0.0,true
HiddenCover,16384,30,dispersed,18,1,272,0,8816,0.07239999999999999,0.0,true
HiddenCover,16384,30,dispersed,18,2,272,0,8816,0.0725,0.0,true
HiddenCover,16384,30,dispersed,18,3,272,0,8816,0.0725,0.0,true
HiddenCover,16384,30,dispersed,18,4,272,0,8816,0.07289999999999999,0.0,true
HiddenCover,16384,30,dispersed,18,5,272,0,8816,0.0726,0.0,true
HiddenCover,16384,30,dispersed,18,6,272,0,8816,0.07229999999999999,0.0,true
HiddenCover,16384,30,dispersed,18,7,272,0,8816,0.07239999999999999,0.0,true
HiddenCover,16384,30,dispersed,18,8,272,0,8816,0.0726,0.0,true
HiddenCover,16384,30,dispersed,18,9,272,0,8816,0.0727,0.0,true
HiddenCover,16384,30,dispersed,18,10,272,0,8816,0.07239999999999999,0.0,true
HiddenCover,16384,30,dispersed,18,11,272,0,8816,0.0722,0.0,true
HiddenCover,16384,30,dispersed,18,12,272,0,8816,0.0722,0.0,true
HiddenCover,16384,30,dispersed,18,13,272,0,8816,0.0721,0.0,true
HiddenCover,16384,30,dispersed,18,14,272,0,8816,0.0726,0.0,true
HiddenCover,16384,30,dispersed,18,15,272,0,8816,0.07239999999999999,0.0,true
HiddenCover,16384,30,dispersed,18,16,272,0,8816,0.0725,0.0,true
HiddenCover,16384,30,dispersed,18,17,272,0,8816,0.0726,0.0,true
HiddenCover,16384,30,dispersed,18,18,272,0,8816,0.07229999999999999,0.0,true
HiddenCover,16384,30,dispersed,18,19,272,0,8816,0.0721,0.0,true
HiddenCover,16384,30,dispersed,18,20,272,0,8816,0.07229999999999999,0.0,true
HiddenCover,16384,30,dispersed,18,21,272,0,8816,0.0725,0.0,true
HiddenCover,16384,30,dispersed,18,22,272,0,8816,0.07229999999999999,0.0,true
HiddenCover,16384,30,dispersed,18,23,272,0,8816,0.07239999999999999,0.0,true
HiddenCover,16384,30,dispersed,18,24,272,0,8816,0.0727,0.0,true
HiddenCover,16384,30,dispersed,18,25,272,0,8816,0.07239999999999999,0.0,true
HiddenCover,16384,30,dispersed,18,26,272,0,8816,0.0722,0.0,true
HiddenCover,16384,30,dispersed,18,27,272,0,8816,0.07200000000000001,0.0,true
HiddenCover,16384,30,dispersed,18,28,272,0,8816,0.07239999999999999,0.0,true
HiddenCover,16384,30,dispersed,18,29,272,0,8816,0.0727,0.0,true
HiddenCover,16384,30,dispersed,19,0,272,0,8816,0.0761,0.0,true
HiddenCover,16384,30,dispersed,19,1,272,0,8816,0.07550000000000001,0.0,true
HiddenCover,16384,30,dispersed,19,2,272,0,8816,0.0737,0.0,true
HiddenCover,16384,30,dispersed,19,3,272,0,8816,0.07239999999999999,0.0,true
HiddenCover,16384,30,dispersed,19,4,272,0,8816,0.0722,0.0,true
HiddenCover,16384,30,dispersed,19,5,272,0,8816,0.0722,0.0,true
HiddenCover,16384,30,dispersed,19,6,272,0,8816,0.0722,0.0,true
HiddenCover,16384,30,dispersed,19,7,272,0,8816,0.0725,0.0,true
HiddenCover,16384,30,dispersed,19,8,272,0,8816,0.0727,0.0,true
HiddenCover,16384,30,dispersed,19,9,272,0,8816,0.0719,0.0,true
HiddenCover,16384,30,dispersed,19,10,272,0,8816,0.0722,0.0,true
HiddenCover,16384,30,dispersed,19,11,272,0,8816,0.0719,0.0,true
HiddenCover,16384,30,dispersed,19,12,272,0,8816,0.0727,0.0,true
HiddenCover,16384,30,dispersed,19,13,272,0,8816,0.0719,0.0,true
HiddenCover,16384,30,dispersed,19,14,272,0,8816,0.0719,0.0,true
HiddenCover,16384,30,dispersed,19,15,272,0,8816,0.07239999999999999,0.0,true
HiddenCover,16384,30,dispersed,19,16,272,0,8816,0.07200000000000001,0.0,true
HiddenCover,16384,30,dispersed,19,17,272,0,8816,0.07239999999999999,0.0,true
HiddenCover,16384,30,dispersed,19,18,272,0,8816,0.0722,0.0,true
HiddenCover,16384,30,dispersed,19,19,272,0,8816,0.07200000000000001,0.0,true
HiddenCover,16384,30,dispersed,19,20,272,0,8816,0.07229999999999999,0.0,true
HiddenCover,16384,30,dispersed,19,21,272,0,8816,0.0721,0.0,true
HiddenCover,16384,30,dispersed,19,22,272,0,8816,0.0726,0.0,true
HiddenCover,16384,30,dispersed,19,23,272,0,8816,0.0719,0.0,true
HiddenCover,16384,30,dispersed,19,24,272,0,8816,0.0717,0.0,true
HiddenCover,16384,30,dispersed,19,25,272,0,8816,0.07200000000000001,0.0,true
HiddenCover,16384,30,dispersed,19,26,272,0,8816,0.0719,0.0,true
HiddenCover,16384,30,dispersed,19,27,272,0,8816,0.07239999999999999,0.0,true
HiddenCover,16384,30,dispersed,19,28,272,0,8816,0.07229999999999999,0.0,true
HiddenCover,16384,30,dispersed,19,29,272,0,8816,0.07229999999999999,0.0,true
HiddenCover,16384,100,clustered,0,0,12,0,496,0.027299999999999998,0.0,true
HiddenCover,16384,100,clustered,0,1,12,0,496,0.027399999999999997,0.0,true
HiddenCover,16384,100,clustered,0,2,12,0,496,0.0277,0.0,true
HiddenCover,16384,100,clustered,0,3,12,0,496,0.027299999999999998,0.0,true
HiddenCover,16384,100,clustered,0,4,12,0,496,0.027299999999999998,0.0,true
HiddenCover,16384,100,clustered,0,5,12,0,496,0.027200000000000002,0.0,true
HiddenCover,16384,100,clustered,0,6,12,0,496,0.027299999999999998,0.0,true
HiddenCover,16384,100,clustered,0,7,12,0,496,0.027299999999999998,0.0,true
HiddenCover,16384,100,clustered,0,8,12,0,496,0.027299999999999998,0.0,true
HiddenCover,16384,100,clustered,0,9,12,0,496,0.027800000000000002,0.0,true
HiddenCover,16384,100,clustered,0,10,12,0,496,0.0275,0.0,true
HiddenCover,16384,100,clustered,0,11,12,0,496,0.027299999999999998,0.0,true
HiddenCover,16384,100,clustered,0,12,12,0,496,0.027299999999999998,0.0,true
HiddenCover,16384,100,clustered,0,13,12,0,496,0.027200000000000002,0.0,true
HiddenCover,16384,100,clustered,0,14,12,0,496,0.027200000000000002,0.0,true
HiddenCover,16384,100,clustered,0,15,12,0,496,0.0275,0.0,true
HiddenCover,16384,100,clustered,0,16,12,0,496,0.027299999999999998,0.0,true
HiddenCover,16384,100,clustered,0,17,12,0,496,0.029,0.0,true
HiddenCover,16384,100,clustered,0,18,12,0,496,0.0704,0.0,true
HiddenCover,16384,100,clustered,0,19,12,0,496,0.09849999999999999,0.0,true
HiddenCover,16384,100,clustered,0,20,12,0,496,0.0562,0.0,true
HiddenCover,16384,100,clustered,0,21,12,0,496,0.0607,0.0,true
HiddenCover,16384,100,clustered,0,22,12,0,496,0.0484,0.0,true
HiddenCover,16384,100,clustered,0,23,12,0,496,0.0399,0.0,true
HiddenCover,16384,100,clustered,0,24,12,0,496,0.0667,0.0,true
HiddenCover,16384,100,clustered,0,25,12,0,496,0.043300000000000005,0.0,true
HiddenCover,16384,100,clustered,0,26,12,0,496,0.0994,0.0,true
HiddenCover,16384,100,clustered,0,27,12,0,496,0.0617,0.0,true
HiddenCover,16384,100,clustered,0,28,12,0,496,0.0401,0.0,true
HiddenCover,16384,100,clustered,0,29,12,0,496,0.0407,0.0,true
HiddenCover,16384,100,clustered,1,0,16,0,624,0.0402,0.0,true
HiddenCover,16384,100,clustered,1,1,16,0,624,0.0357,0.0,true
HiddenCover,16384,100,clustered,1,2,16,0,624,0.036699999999999997,0.0,true
HiddenCover,16384,100,clustered,1,3,16,0,624,0.0697,0.0,true
HiddenCover,16384,100,clustered,1,4,16,0,624,0.056,0.0,true
HiddenCover,16384,100,clustered,1,5,16,0,624,0.051,0.0,true
HiddenCover,16384,100,clustered,1,6,16,0,624,0.0964,0.0,true
HiddenCover,16384,100,clustered,1,7,16,0,624,0.0331,0.0,true
HiddenCover,16384,100,clustered,1,8,16,0,624,0.0301,0.0,true
HiddenCover,16384,100,clustered,1,9,16,0,624,0.0294,0.0,true
HiddenCover,16384,100,clustered,1,10,16,0,624,0.0295,0.0,true
HiddenCover,16384,100,clustered,1,11,16,0,624,0.030199999999999998,0.0,true
HiddenCover,16384,100,clustered,1,12,16,0,624,0.0296,0.0,true
HiddenCover,16384,100,clustered,1,13,16,0,624,0.0295,0.0,true
HiddenCover,16384,100,clustered,1,14,16,0,624,0.0294,0.0,true
HiddenCover,16384,100,clustered,1,15,16,0,624,0.0294,0.0,true
HiddenCover,16384,100,clustered,1,16,16,0,624,0.0299,0.0,true
HiddenCover,16384,100,clustered,1,17,16,0,624,0.0295,0.0,true
HiddenCover,16384,100,clustered,1,18,16,0,624,0.0296,0.0,true
HiddenCover,16384,100,clustered,1,19,16,0,624,0.0295,0.0,true
HiddenCover,16384,100,clustered,1,20,16,0,624,0.0295,0.0,true
HiddenCover,16384,100,clustered,1,21,16,0,624,0.030000000000000002,0.0,true
HiddenCover,16384,100,clustered,1,22,16,0,624,0.0295,0.0,true
HiddenCover,16384,100,clustered,1,23,16,0,624,0.0295,0.0,true
HiddenCover,16384,100,clustered,1,24,16,0,624,0.0295,0.0,true
HiddenCover,16384,100,clustered,1,25,16,0,624,0.0295,0.0,true
HiddenCover,16384,100,clustered,1,26,16,0,624,0.0301,0.0,true
HiddenCover,16384,100,clustered,1,27,16,0,624,0.0298,0.0,true
HiddenCover,16384,100,clustered,1,28,16,0,624,0.0297,0.0,true
HiddenCover,16384,100,clustered,1,29,16,0,624,0.0312,0.0,true
HiddenCover,16384,100,clustered,2,0,13,0,528,0.0312,0.0,true
HiddenCover,16384,100,clustered,2,1,13,0,528,0.0327,0.0,true
HiddenCover,16384,100,clustered,2,2,13,0,528,0.0291,0.0,true
HiddenCover,16384,100,clustered,2,3,13,0,528,0.0307,0.0,true
HiddenCover,16384,100,clustered,2,4,13,0,528,0.0292,0.0,true
HiddenCover,16384,100,clustered,2,5,13,0,528,0.0275,0.0,true
HiddenCover,16384,100,clustered,2,6,13,0,528,0.0275,0.0,true
HiddenCover,16384,100,clustered,2,7,13,0,528,0.027800000000000002,0.0,true
HiddenCover,16384,100,clustered,2,8,13,0,528,0.0275,0.0,true
HiddenCover,16384,100,clustered,2,9,13,0,528,0.027399999999999997,0.0,true
HiddenCover,16384,100,clustered,2,10,13,0,528,0.027399999999999997,0.0,true
HiddenCover,16384,100,clustered,2,11,13,0,528,0.027299999999999998,0.0,true
HiddenCover,16384,100,clustered,2,12,13,0,528,0.0275,0.0,true
HiddenCover,16384,100,clustered,2,13,13,0,528,0.027800000000000002,0.0,true
HiddenCover,16384,100,clustered,2,14,13,0,528,0.0283,0.0,true
HiddenCover,16384,100,clustered,2,15,13,0,528,0.0288,0.0,true
HiddenCover,16384,100,clustered,2,16,13,0,528,0.0303,0.0,true
HiddenCover,16384,100,clustered,2,17,13,0,528,0.030800000000000004,0.0,true
HiddenCover,16384,100,clustered,2,18,13,0,528,0.0316,0.0,true
HiddenCover,16384,100,clustered,2,19,13,0,528,0.0307,0.0,true
HiddenCover,16384,100,clustered,2,20,13,0,528,0.0291,0.0,true
HiddenCover,16384,100,clustered,2,21,13,0,528,0.029,0.0,true
HiddenCover,16384,100,clustered,2,22,13,0,528,0.0303,0.0,true
HiddenCover,16384,100,clustered,2,23,13,0,528,0.0288,0.0,true
HiddenCover,16384,100,clustered,2,24,13,0,528,0.0288,0.0,true
HiddenCover,16384,100,clustered,2,25,13,0,528,0.0292,0.0,true
HiddenCover,16384,100,clustered,2,26,13,0,528,0.028900000000000002,0.0,true
HiddenCover,16384,100,clustered,2,27,13,0,528,0.0316,0.0,true
HiddenCover,16384,100,clustered,2,28,13,0,528,0.029,0.0,true
HiddenCover,16384,100,clustered,2,29,13,0,528,0.0294,0.0,true
HiddenCover,16384,100,clustered,3,0,16,0,624,0.028399999999999998,0.0,true
HiddenCover,16384,100,clustered,3,1,16,0,624,0.0282,0.0,true
HiddenCover,16384,100,clustered,3,2,16,0,624,0.0282,0.0,true
HiddenCover,16384,100,clustered,3,3,16,0,624,0.0282,0.0,true
HiddenCover,16384,100,clustered,3,4,16,0,624,0.028399999999999998,0.0,true
HiddenCover,16384,100,clustered,3,5,16,0,624,0.0295,0.0,true
HiddenCover,16384,100,clustered,3,6,16,0,624,0.0296,0.0,true
HiddenCover,16384,100,clustered,3,7,16,0,624,0.0295,0.0,true
HiddenCover,16384,100,clustered,3,8,16,0,624,0.030800000000000004,0.0,true
HiddenCover,16384,100,clustered,3,9,16,0,624,0.0286,0.0,true
HiddenCover,16384,100,clustered,3,10,16,0,624,0.0283,0.0,true
HiddenCover,16384,100,clustered,3,11,16,0,624,0.0282,0.0,true
HiddenCover,16384,100,clustered,3,12,16,0,624,0.0283,0.0,true
HiddenCover,16384,100,clustered,3,13,16,0,624,0.0281,0.0,true
HiddenCover,16384,100,clustered,3,14,16,0,624,0.028900000000000002,0.0,true
HiddenCover,16384,100,clustered,3,15,16,0,624,0.0282,0.0,true
HiddenCover,16384,100,clustered,3,16,16,0,624,0.0282,0.0,true
HiddenCover,16384,100,clustered,3,17,16,0,624,0.0281,0.0,true
HiddenCover,16384,100,clustered,3,18,16,0,624,0.028399999999999998,0.0,true
HiddenCover,16384,100,clustered,3,19,16,0,624,0.0281,0.0,true
HiddenCover,16384,100,clustered,3,20,16,0,624,0.0282,0.0,true
HiddenCover,16384,100,clustered,3,21,16,0,624,0.0282,0.0,true
HiddenCover,16384,100,clustered,3,22,16,0,624,0.0283,0.0,true
HiddenCover,16384,100,clustered,3,23,16,0,624,0.028399999999999998,0.0,true
HiddenCover,16384,100,clustered,3,24,16,0,624,0.0282,0.0,true
HiddenCover,16384,100,clustered,3,25,16,0,624,0.0281,0.0,true
HiddenCover,16384,100,clustered,3,26,16,0,624,0.0281,0.0,true
HiddenCover,16384,100,clustered,3,27,16,0,624,0.029,0.0,true
HiddenCover,16384,100,clustered,3,28,16,0,624,0.0286,0.0,true
HiddenCover,16384,100,clustered,3,29,16,0,624,0.0282,0.0,true
HiddenCover,16384,100,clustered,4,0,12,0,496,0.0275,0.0,true
HiddenCover,16384,100,clustered,4,1,12,0,496,0.0275,0.0,true
HiddenCover,16384,100,clustered,4,2,12,0,496,0.0275,0.0,true
HiddenCover,16384,100,clustered,4,3,12,0,496,0.0276,0.0,true
HiddenCover,16384,100,clustered,4,4,12,0,496,0.0279,0.0,true
HiddenCover,16384,100,clustered,4,5,12,0,496,0.0275,0.0,true
HiddenCover,16384,100,clustered,4,6,12,0,496,0.0277,0.0,true
HiddenCover,16384,100,clustered,4,7,12,0,496,0.0276,0.0,true
HiddenCover,16384,100,clustered,4,8,12,0,496,0.0275,0.0,true
HiddenCover,16384,100,clustered,4,9,12,0,496,0.0276,0.0,true
HiddenCover,16384,100,clustered,4,10,12,0,496,0.0275,0.0,true
HiddenCover,16384,100,clustered,4,11,12,0,496,0.027800000000000002,0.0,true
HiddenCover,16384,100,clustered,4,12,12,0,496,0.0275,0.0,true
HiddenCover,16384,100,clustered,4,13,12,0,496,0.0275,0.0,true
HiddenCover,16384,100,clustered,4,14,12,0,496,0.0276,0.0,true
HiddenCover,16384,100,clustered,4,15,12,0,496,0.0275,0.0,true
HiddenCover,16384,100,clustered,4,16,12,0,496,0.0275,0.0,true
HiddenCover,16384,100,clustered,4,17,12,0,496,0.027800000000000002,0.0,true
HiddenCover,16384,100,clustered,4,18,12,0,496,0.027399999999999997,0.0,true
HiddenCover,16384,100,clustered,4,19,12,0,496,0.027399999999999997,0.0,true
HiddenCover,16384,100,clustered,4,20,12,0,496,0.027399999999999997,0.0,true
HiddenCover,16384,100,clustered,4,21,12,0,496,0.0275,0.0,true
HiddenCover,16384,100,clustered,4,22,12,0,496,0.0275,0.0,true
HiddenCover,16384,100,clustered,4,23,12,0,496,0.028399999999999998,0.0,true
HiddenCover,16384,100,clustered,4,24,12,0,496,0.0291,0.0,true
HiddenCover,16384,100,clustered,4,25,12,0,496,0.028900000000000002,0.0,true
HiddenCover,16384,100,clustered,4,26,12,0,496,0.028900000000000002,0.0,true
HiddenCover,16384,100,clustered,4,27,12,0,496,0.029,0.0,true
HiddenCover,16384,100,clustered,4,28,12,0,496,0.027399999999999997,0.0,true
HiddenCover,16384,100,clustered,4,29,12,0,496,0.0275,0.0,true
HiddenCover,16384,100,clustered,5,0,10,0,432,0.027,0.0,true
HiddenCover,16384,100,clustered,5,1,10,0,432,0.027299999999999998,0.0,true
HiddenCover,16384,100,clustered,5,2,10,0,432,0.0269,0.0,true
HiddenCover,16384,100,clustered,5,3,10,0,432,0.027,0.0,true
HiddenCover,16384,100,clustered,5,4,10,0,432,0.0268,0.0,true
HiddenCover,16384,100,clustered,5,5,10,0,432,0.0269,0.0,true
HiddenCover,16384,100,clustered,5,6,10,0,432,0.0269,0.0,true
HiddenCover,16384,100,clustered,5,7,10,0,432,0.0269,0.0,true
HiddenCover,16384,100,clustered,5,8,10,0,432,0.027,0.0,true
HiddenCover,16384,100,clustered,5,9,10,0,432,0.027299999999999998,0.0,true
HiddenCover,16384,100,clustered,5,10,10,0,432,0.0269,0.0,true
HiddenCover,16384,100,clustered,5,11,10,0,432,0.027,0.0,true
HiddenCover,16384,100,clustered,5,12,10,0,432,0.0269,0.0,true
HiddenCover,16384,100,clustered,5,13,10,0,432,0.0269,0.0,true
HiddenCover,16384,100,clustered,5,14,10,0,432,0.0269,0.0,true
HiddenCover,16384,100,clustered,5,15,10,0,432,0.0269,0.0,true
HiddenCover,16384,100,clustered,5,16,10,0,432,0.027,0.0,true
HiddenCover,16384,100,clustered,5,17,10,0,432,0.027299999999999998,0.0,true
HiddenCover,16384,100,clustered,5,18,10,0,432,0.027,0.0,true
HiddenCover,16384,100,clustered,5,19,10,0,432,0.0269,0.0,true
HiddenCover,16384,100,clustered,5,20,10,0,432,0.0269,0.0,true
HiddenCover,16384,100,clustered,5,21,10,0,432,0.0268,0.0,true
HiddenCover,16384,100,clustered,5,22,10,0,432,0.027,0.0,true
HiddenCover,16384,100,clustered,5,23,10,0,432,0.0269,0.0,true
HiddenCover,16384,100,clustered,5,24,10,0,432,0.027299999999999998,0.0,true
HiddenCover,16384,100,clustered,5,25,10,0,432,0.027,0.0,true
HiddenCover,16384,100,clustered,5,26,10,0,432,0.0269,0.0,true
HiddenCover,16384,100,clustered,5,27,10,0,432,0.0269,0.0,true
HiddenCover,16384,100,clustered,5,28,10,0,432,0.0268,0.0,true
HiddenCover,16384,100,clustered,5,29,10,0,432,0.0268,0.0,true
HiddenCover,16384,100,clustered,6,0,16,0,624,0.0282,0.0,true
HiddenCover,16384,100,clustered,6,1,16,0,624,0.028,0.0,true
HiddenCover,16384,100,clustered,6,2,16,0,624,0.028,0.0,true
HiddenCover,16384,100,clustered,6,3,16,0,624,0.028,0.0,true
HiddenCover,16384,100,clustered,6,4,16,0,624,0.0285,0.0,true
HiddenCover,16384,100,clustered,6,5,16,0,624,0.028,0.0,true
HiddenCover,16384,100,clustered,6,6,16,0,624,0.028,0.0,true
HiddenCover,16384,100,clustered,6,7,16,0,624,0.0281,0.0,true
HiddenCover,16384,100,clustered,6,8,16,0,624,0.028,0.0,true
HiddenCover,16384,100,clustered,6,9,16,0,624,0.0283,0.0,true
HiddenCover,16384,100,clustered,6,10,16,0,624,0.0281,0.0,true
HiddenCover,16384,100,clustered,6,11,16,0,624,0.0281,0.0,true
HiddenCover,16384,100,clustered,6,12,16,0,624,0.0281,0.0,true
HiddenCover,16384,100,clustered,6,13,16,0,624,0.0281,0.0,true
HiddenCover,16384,100,clustered,6,14,16,0,624,0.0285,0.0,true
HiddenCover,16384,100,clustered,6,15,16,0,624,0.028,0.0,true
HiddenCover,16384,100,clustered,6,16,16,0,624,0.027800000000000002,0.0,true
HiddenCover,16384,100,clustered,6,17,16,0,624,0.0279,0.0,true
HiddenCover,16384,100,clustered,6,18,16,0,624,0.028,0.0,true
HiddenCover,16384,100,clustered,6,19,16,0,624,0.0283,0.0,true
HiddenCover,16384,100,clustered,6,20,16,0,624,0.028,0.0,true
HiddenCover,16384,100,clustered,6,21,16,0,624,0.0281,0.0,true
HiddenCover,16384,100,clustered,6,22,16,0,624,0.0281,0.0,true
HiddenCover,16384,100,clustered,6,23,16,0,624,0.0281,0.0,true
HiddenCover,16384,100,clustered,6,24,16,0,624,0.0283,0.0,true
HiddenCover,16384,100,clustered,6,25,16,0,624,0.0279,0.0,true
HiddenCover,16384,100,clustered,6,26,16,0,624,0.0281,0.0,true
HiddenCover,16384,100,clustered,6,27,16,0,624,0.028,0.0,true
HiddenCover,16384,100,clustered,6,28,16,0,624,0.0281,0.0,true
HiddenCover,16384,100,clustered,6,29,16,0,624,0.0282,0.0,true
HiddenCover,16384,100,clustered,7,0,18,0,688,0.0279,0.0,true
HiddenCover,16384,100,clustered,7,1,18,0,688,0.028399999999999998,0.0,true
HiddenCover,16384,100,clustered,7,2,18,0,688,0.028,0.0,true
HiddenCover,16384,100,clustered,7,3,18,0,688,0.0281,0.0,true
HiddenCover,16384,100,clustered,7,4,18,0,688,0.028,0.0,true
HiddenCover,16384,100,clustered,7,5,18,0,688,0.0283,0.0,true
HiddenCover,16384,100,clustered,7,6,18,0,688,0.028,0.0,true
HiddenCover,16384,100,clustered,7,7,18,0,688,0.0282,0.0,true
HiddenCover,16384,100,clustered,7,8,18,0,688,0.0282,0.0,true
HiddenCover,16384,100,clustered,7,9,18,0,688,0.028,0.0,true
HiddenCover,16384,100,clustered,7,10,18,0,688,0.0283,0.0,true
HiddenCover,16384,100,clustered,7,11,18,0,688,0.028,0.0,true
HiddenCover,16384,100,clustered,7,12,18,0,688,0.028,0.0,true
HiddenCover,16384,100,clustered,7,13,18,0,688,0.0279,0.0,true
HiddenCover,16384,100,clustered,7,14,18,0,688,0.028399999999999998,0.0,true
HiddenCover,16384,100,clustered,7,15,18,0,688,0.0279,0.0,true
HiddenCover,16384,100,clustered,7,16,18,0,688,0.0281,0.0,true
HiddenCover,16384,100,clustered,7,17,18,0,688,0.028,0.0,true
HiddenCover,16384,100,clustered,7,18,18,0,688,0.0281,0.0,true
HiddenCover,16384,100,clustered,7,19,18,0,688,0.0283,0.0,true
HiddenCover,16384,100,clustered,7,20,18,0,688,0.0279,0.0,true
HiddenCover,16384,100,clustered,7,21,18,0,688,0.028,0.0,true
HiddenCover,16384,100,clustered,7,22,18,0,688,0.0279,0.0,true
HiddenCover,16384,100,clustered,7,23,18,0,688,0.028399999999999998,0.0,true
HiddenCover,16384,100,clustered,7,24,18,0,688,0.028,0.0,true
HiddenCover,16384,100,clustered,7,25,18,0,688,0.0292,0.0,true
HiddenCover,16384,100,clustered,7,26,18,0,688,0.0279,0.0,true
HiddenCover,16384,100,clustered,7,27,18,0,688,0.028,0.0,true
HiddenCover,16384,100,clustered,7,28,18,0,688,0.028399999999999998,0.0,true
HiddenCover,16384,100,clustered,7,29,18,0,688,0.028,0.0,true
HiddenCover,16384,100,clustered,8,0,14,0,560,0.0279,0.0,true
HiddenCover,16384,100,clustered,8,1,14,0,560,0.027800000000000002,0.0,true
HiddenCover,16384,100,clustered,8,2,14,0,560,0.0282,0.0,true
HiddenCover,16384,100,clustered,8,3,14,0,560,0.027800000000000002,0.0,true
HiddenCover,16384,100,clustered,8,4,14,0,560,0.027800000000000002,0.0,true
HiddenCover,16384,100,clustered,8,5,14,0,560,0.0277,0.0,true
HiddenCover,16384,100,clustered,8,6,14,0,560,0.0277,0.0,true
HiddenCover,16384,100,clustered,8,7,14,0,560,0.0281,0.0,true
HiddenCover,16384,100,clustered,8,8,14,0,560,0.027800000000000002,0.0,true
HiddenCover,16384,100,clustered,8,9,14,0,560,0.027800000000000002,0.0,true
HiddenCover,16384,100,clustered,8,10,14,0,560,0.027800000000000002,0.0,true
HiddenCover,16384,100,clustered,8,11,14,0,560,0.027800000000000002,0.0,true
HiddenCover,16384,100,clustered,8,12,14,0,560,0.0279,0.0,true
HiddenCover,16384,100,clustered,8,13,14,0,560,0.0281,0.0,true
HiddenCover,16384,100,clustered,8,14,14,0,560,0.027800000000000002,0.0,true
HiddenCover,16384,100,clustered,8,15,14,0,560,0.027800000000000002,0.0,true
HiddenCover,16384,100,clustered,8,16,14,0,560,0.027800000000000002,0.0,true
HiddenCover,16384,100,clustered,8,17,14,0,560,0.0277,0.0,true
HiddenCover,16384,100,clustered,8,18,14,0,560,0.027800000000000002,0.0,true
HiddenCover,16384,100,clustered,8,19,14,0,560,0.0281,0.0,true
HiddenCover,16384,100,clustered,8,20,14,0,560,0.027800000000000002,0.0,true
HiddenCover,16384,100,clustered,8,21,14,0,560,0.027800000000000002,0.0,true
HiddenCover,16384,100,clustered,8,22,14,0,560,0.0279,0.0,true
HiddenCover,16384,100,clustered,8,23,14,0,560,0.027800000000000002,0.0,true
HiddenCover,16384,100,clustered,8,24,14,0,560,0.0281,0.0,true
HiddenCover,16384,100,clustered,8,25,14,0,560,0.0277,0.0,true
HiddenCover,16384,100,clustered,8,26,14,0,560,0.027800000000000002,0.0,true
HiddenCover,16384,100,clustered,8,27,14,0,560,0.0279,0.0,true
HiddenCover,16384,100,clustered,8,28,14,0,560,0.027800000000000002,0.0,true
HiddenCover,16384,100,clustered,8,29,14,0,560,0.0277,0.0,true
HiddenCover,16384,100,clustered,9,0,15,0,592,0.0275,0.0,true
HiddenCover,16384,100,clustered,9,1,15,0,592,0.027800000000000002,0.0,true
HiddenCover,16384,100,clustered,9,2,15,0,592,0.0277,0.0,true
HiddenCover,16384,100,clustered,9,3,15,0,592,0.0277,0.0,true
HiddenCover,16384,100,clustered,9,4,15,0,592,0.028,0.0,true
HiddenCover,16384,100,clustered,9,5,15,0,592,0.0277,0.0,true
HiddenCover,16384,100,clustered,9,6,15,0,592,0.0276,0.0,true
HiddenCover,16384,100,clustered,9,7,15,0,592,0.0276,0.0,true
HiddenCover,16384,100,clustered,9,8,15,0,592,0.0276,0.0,true
HiddenCover,16384,100,clustered,9,9,15,0,592,0.0279,0.0,true
HiddenCover,16384,100,clustered,9,10,15,0,592,0.0275,0.0,true
HiddenCover,16384,100,clustered,9,11,15,0,592,0.0276,0.0,true
HiddenCover,16384,100,clustered,9,12,15,0,592,0.0275,0.0,true
HiddenCover,16384,100,clustered,9,13,15,0,592,0.0277,0.0,true
HiddenCover,16384,100,clustered,9,14,15,0,592,0.0279,0.0,true
HiddenCover,16384,100,clustered,9,15,15,0,592,0.0276,0.0,true
HiddenCover,16384,100,clustered,9,16,15,0,592,0.0277,0.0,true
HiddenCover,16384,100,clustered,9,17,15,0,592,0.0275,0.0,true
HiddenCover,16384,100,clustered,9,18,15,0,592,0.0277,0.0,true
HiddenCover,16384,100,clustered,9,19,15,0,592,0.0276,0.0,true
HiddenCover,16384,100,clustered,9,20,15,0,592,0.0279,0.0,true
HiddenCover,16384,100,clustered,9,21,15,0,592,0.0277,0.0,true
HiddenCover,16384,100,clustered,9,22,15,0,592,0.0277,0.0,true
HiddenCover,16384,100,clustered,9,23,15,0,592,0.0277,0.0,true
HiddenCover,16384,100,clustered,9,24,15,0,592,0.0276,0.0,true
HiddenCover,16384,100,clustered,9,25,15,0,592,0.0279,0.0,true
HiddenCover,16384,100,clustered,9,26,15,0,592,0.027800000000000002,0.0,true
HiddenCover,16384,100,clustered,9,27,15,0,592,0.0276,0.0,true
HiddenCover,16384,100,clustered,9,28,15,0,592,0.0276,0.0,true
HiddenCover,16384,100,clustered,9,29,15,0,592,0.0276,0.0,true
HiddenCover,16384,100,clustered,10,0,11,0,464,0.027200000000000002,0.0,true
HiddenCover,16384,100,clustered,10,1,11,0,464,0.027800000000000002,0.0,true
HiddenCover,16384,100,clustered,10,2,11,0,464,0.027200000000000002,0.0,true
HiddenCover,16384,100,clustered,10,3,11,0,464,0.027399999999999997,0.0,true
HiddenCover,16384,100,clustered,10,4,11,0,464,0.027299999999999998,0.0,true
HiddenCover,16384,100,clustered,10,5,11,0,464,0.027200000000000002,0.0,true
HiddenCover,16384,100,clustered,10,6,11,0,464,0.028900000000000002,0.0,true
HiddenCover,16384,100,clustered,10,7,11,0,464,0.0287,0.0,true
HiddenCover,16384,100,clustered,10,8,11,0,464,0.029,0.0,true
HiddenCover,16384,100,clustered,10,9,11,0,464,0.0301,0.0,true
HiddenCover,16384,100,clustered,10,10,11,0,464,0.0286,0.0,true
HiddenCover,16384,100,clustered,10,11,11,0,464,0.0287,0.0,true
HiddenCover,16384,100,clustered,10,12,11,0,464,0.027200000000000002,0.0,true
HiddenCover,16384,100,clustered,10,13,11,0,464,0.027200000000000002,0.0,true
HiddenCover,16384,100,clustered,10,14,11,0,464,0.028,0.0,true
HiddenCover,16384,100,clustered,10,15,11,0,464,0.0288,0.0,true
HiddenCover,16384,100,clustered,10,16,11,0,464,0.0287,0.0,true
HiddenCover,16384,100,clustered,10,17,11,0,464,0.0287,0.0,true
HiddenCover,16384,100,clustered,10,18,11,0,464,0.0286,0.0,true
HiddenCover,16384,100,clustered,10,19,11,0,464,0.029,0.0,true
HiddenCover,16384,100,clustered,10,20,11,0,464,0.027200000000000002,0.0,true
HiddenCover,16384,100,clustered,10,21,11,0,464,0.027399999999999997,0.0,true
HiddenCover,16384,100,clustered,10,22,11,0,464,0.0275,0.0,true
HiddenCover,16384,100,clustered,10,23,11,0,464,0.027299999999999998,0.0,true
HiddenCover,16384,100,clustered,10,24,11,0,464,0.027299999999999998,0.0,true
HiddenCover,16384,100,clustered,10,25,11,0,464,0.027200000000000002,0.0,true
HiddenCover,16384,100,clustered,10,26,11,0,464,0.027299999999999998,0.0,true
HiddenCover,16384,100,clustered,10,27,11,0,464,0.027299999999999998,0.0,true
HiddenCover,16384,100,clustered,10,28,11,0,464,0.027200000000000002,0.0,true
HiddenCover,16384,100,clustered,10,29,11,0,464,0.0276,0.0,true
HiddenCover,16384,100,clustered,11,0,13,0,528,0.0275,0.0,true
HiddenCover,16384,100,clustered,11,1,13,0,528,0.0276,0.0,true
HiddenCover,16384,100,clustered,11,2,13,0,528,0.0275,0.0,true
HiddenCover,16384,100,clustered,11,3,13,0,528,0.0275,0.0,true
HiddenCover,16384,100,clustered,11,4,13,0,528,0.027800000000000002,0.0,true
HiddenCover,16384,100,clustered,11,5,13,0,528,0.0275,0.0,true
HiddenCover,16384,100,clustered,11,6,13,0,528,0.027399999999999997,0.0,true
HiddenCover,16384,100,clustered,11,7,13,0,528,0.0275,0.0,true
HiddenCover,16384,100,clustered,11,8,13,0,528,0.027399999999999997,0.0,true
HiddenCover,16384,100,clustered,11,9,13,0,528,0.0276,0.0,true
HiddenCover,16384,100,clustered,11,10,13,0,528,0.0277,0.0,true
HiddenCover,16384,100,clustered,11,11,13,0,528,0.0275,0.0,true
HiddenCover,16384,100,clustered,11,12,13,0,528,0.027399999999999997,0.0,true
HiddenCover,16384,100,clustered,11,13,13,0,528,0.0276,0.0,true
HiddenCover,16384,100,clustered,11,14,13,0,528,0.0275,0.0,true
HiddenCover,16384,100,clustered,11,15,13,0,528,0.0275,0.0,true
HiddenCover,16384,100,clustered,11,16,13,0,528,0.027399999999999997,0.0,true
HiddenCover,16384,100,clustered,11,17,13,0,528,0.0277,0.0,true
HiddenCover,16384,100,clustered,11,18,13,0,528,0.0275,0.0,true
HiddenCover,16384,100,clustered,11,19,13,0,528,0.0275,0.0,true
HiddenCover,16384,100,clustered,11,20,13,0,528,0.027399999999999997,0.0,true
HiddenCover,16384,100,clustered,11,21,13,0,528,0.0275,0.0,true
HiddenCover,16384,100,clustered,11,22,13,0,528,0.0275,0.0,true
HiddenCover,16384,100,clustered,11,23,13,0,528,0.027800000000000002,0.0,true
HiddenCover,16384,100,clustered,11,24,13,0,528,0.027399999999999997,0.0,true
HiddenCover,16384,100,clustered,11,25,13,0,528,0.0275,0.0,true
HiddenCover,16384,100,clustered,11,26,13,0,528,0.0275,0.0,true
HiddenCover,16384,100,clustered,11,27,13,0,528,0.0276,0.0,true
HiddenCover,16384,100,clustered,11,28,13,0,528,0.0276,0.0,true
HiddenCover,16384,100,clustered,11,29,13,0,528,0.027800000000000002,0.0,true
HiddenCover,16384,100,clustered,12,0,11,0,464,0.027,0.0,true
HiddenCover,16384,100,clustered,12,1,11,0,464,0.0269,0.0,true
HiddenCover,16384,100,clustered,12,2,11,0,464,0.027100000000000003,0.0,true
HiddenCover,16384,100,clustered,12,3,11,0,464,0.027399999999999997,0.0,true
HiddenCover,16384,100,clustered,12,4,11,0,464,0.0283,0.0,true
HiddenCover,16384,100,clustered,12,5,11,0,464,0.028900000000000002,0.0,true
HiddenCover,16384,100,clustered,12,6,11,0,464,0.0288,0.0,true
HiddenCover,16384,100,clustered,12,7,11,0,464,0.030199999999999998,0.0,true
HiddenCover,16384,100,clustered,12,8,11,0,464,0.027,0.0,true
HiddenCover,16384,100,clustered,12,9,11,0,464,0.027,0.0,true
HiddenCover,16384,100,clustered,12,10,11,0,464,0.0269,0.0,true
HiddenCover,16384,100,clustered,12,11,11,0,464,0.027,0.0,true
HiddenCover,16384,100,clustered,12,12,11,0,464,0.0269,0.0,true
HiddenCover,16384,100,clustered,12,13,11,0,464,0.027200000000000002,0.0,true
HiddenCover,16384,100,clustered,12,14,11,0,464,0.0269,0.0,true
HiddenCover,16384,100,clustered,12,15,11,0,464,0.027,0.0,true
HiddenCover,16384,100,clustered,12,16,11,0,464,0.027,0.0,true
HiddenCover,16384,100,clustered,12,17,11,0,464,0.027,0.0,true
HiddenCover,16384,100,clustered,12,18,11,0,464,0.0269,0.0,true
HiddenCover,16384,100,clustered,12,19,11,0,464,0.027,0.0,true
HiddenCover,16384,100,clustered,12,20,11,0,464,0.027299999999999998,0.0,true
HiddenCover,16384,100,clustered,12,21,11,0,464,0.0269,0.0,true
HiddenCover,16384,100,clustered,12,22,11,0,464,0.027,0.0,true
HiddenCover,16384,100,clustered,12,23,11,0,464,0.027,0.0,true
HiddenCover,16384,100,clustered,12,24,11,0,464,0.0269,0.0,true
HiddenCover,16384,100,clustered,12,25,11,0,464,0.027,0.0,true
HiddenCover,16384,100,clustered,12,26,11,0,464,0.027,0.0,true
HiddenCover,16384,100,clustered,12,27,11,0,464,0.027299999999999998,0.0,true
HiddenCover,16384,100,clustered,12,28,11,0,464,0.0269,0.0,true
HiddenCover,16384,100,clustered,12,29,11,0,464,0.0269,0.0,true
HiddenCover,16384,100,clustered,13,0,10,0,432,0.027100000000000003,0.0,true
HiddenCover,16384,100,clustered,13,1,10,0,432,0.027100000000000003,0.0,true
HiddenCover,16384,100,clustered,13,2,10,0,432,0.027100000000000003,0.0,true
HiddenCover,16384,100,clustered,13,3,10,0,432,0.027200000000000002,0.0,true
HiddenCover,16384,100,clustered,13,4,10,0,432,0.0279,0.0,true
HiddenCover,16384,100,clustered,13,5,10,0,432,0.0288,0.0,true
HiddenCover,16384,100,clustered,13,6,10,0,432,0.0285,0.0,true
HiddenCover,16384,100,clustered,13,7,10,0,432,0.028399999999999998,0.0,true
HiddenCover,16384,100,clustered,13,8,10,0,432,0.030000000000000002,0.0,true
HiddenCover,16384,100,clustered,13,9,10,0,432,0.0285,0.0,true
HiddenCover,16384,100,clustered,13,10,10,0,432,0.0301,0.0,true
HiddenCover,16384,100,clustered,13,11,10,0,432,0.0288,0.0,true
HiddenCover,16384,100,clustered,13,12,10,0,432,0.0286,0.0,true
HiddenCover,16384,100,clustered,13,13,10,0,432,0.0287,0.0,true
HiddenCover,16384,100,clustered,13,14,10,0,432,0.028900000000000002,0.0,true
HiddenCover,16384,100,clustered,13,15,10,0,432,0.0286,0.0,true
HiddenCover,16384,100,clustered,13,16,10,0,432,0.028399999999999998,0.0,true
HiddenCover,16384,100,clustered,13,17,10,0,432,0.028399999999999998,0.0,true
HiddenCover,16384,100,clustered,13,18,10,0,432,0.028399999999999998,0.0,true
HiddenCover,16384,100,clustered,13,19,10,0,432,0.028399999999999998,0.0,true
HiddenCover,16384,100,clustered,13,20,10,0,432,0.0305,0.0,true
HiddenCover,16384,100,clustered,13,21,10,0,432,0.0293,0.0,true
HiddenCover,16384,100,clustered,13,22,10,0,432,0.0307,0.0,true
HiddenCover,16384,100,clustered,13,23,10,0,432,0.027100000000000003,0.0,true
HiddenCover,16384,100,clustered,13,24,10,0,432,0.027100000000000003,0.0,true
HiddenCover,16384,100,clustered,13,25,10,0,432,0.027100000000000003,0.0,true
HiddenCover,16384,100,clustered,13,26,10,0,432,0.0275,0.0,true
HiddenCover,16384,100,clustered,13,27,10,0,432,0.027200000000000002,0.0,true
HiddenCover,16384,100,clustered,13,28,10,0,432,0.027200000000000002,0.0,true
HiddenCover,16384,100,clustered,13,29,10,0,432,0.0276,0.0,true
HiddenCover,16384,100,clustered,14,0,12,0,496,0.0269,0.0,true
HiddenCover,16384,100,clustered,14,1,12,0,496,0.027100000000000003,0.0,true
HiddenCover,16384,100,clustered,14,2,12,0,496,0.027299999999999998,0.0,true
HiddenCover,16384,100,clustered,14,3,12,0,496,0.0282,0.0,true
HiddenCover,16384,100,clustered,14,4,12,0,496,0.0296,0.0,true
HiddenCover,16384,100,clustered,14,5,12,0,496,0.0286,0.0,true
HiddenCover,16384,100,clustered,14,6,12,0,496,0.0283,0.0,true
HiddenCover,16384,100,clustered,14,7,12,0,496,0.0282,0.0,true
HiddenCover,16384,100,clustered,14,8,12,0,496,0.027,0.0,true
HiddenCover,16384,100,clustered,14,9,12,0,496,0.0282,0.0,true
HiddenCover,16384,100,clustered,14,10,12,0,496,0.027100000000000003,0.0,true
HiddenCover,16384,100,clustered,14,11,12,0,496,0.027299999999999998,0.0,true
HiddenCover,16384,100,clustered,14,12,12,0,496,0.0285,0.0,true
HiddenCover,16384,100,clustered,14,13,12,0,496,0.027,0.0,true
HiddenCover,16384,100,clustered,14,14,12,0,496,0.0287,0.0,true
HiddenCover,16384,100,clustered,14,15,12,0,496,0.028399999999999998,0.0,true
HiddenCover,16384,100,clustered,14,16,12,0,496,0.027100000000000003,0.0,true
HiddenCover,16384,100,clustered,14,17,12,0,496,0.0293,0.0,true
HiddenCover,16384,100,clustered,14,18,12,0,496,0.027200000000000002,0.0,true
HiddenCover,16384,100,clustered,14,19,12,0,496,0.0268,0.0,true
HiddenCover,16384,100,clustered,14,20,12,0,496,0.0268,0.0,true
HiddenCover,16384,100,clustered,14,21,12,0,496,0.0268,0.0,true
HiddenCover,16384,100,clustered,14,22,12,0,496,0.0268,0.0,true
HiddenCover,16384,100,clustered,14,23,12,0,496,0.0268,0.0,true
HiddenCover,16384,100,clustered,14,24,12,0,496,0.0269,0.0,true
HiddenCover,16384,100,clustered,14,25,12,0,496,0.027200000000000002,0.0,true
HiddenCover,16384,100,clustered,14,26,12,0,496,0.0269,0.0,true
HiddenCover,16384,100,clustered,14,27,12,0,496,0.026699999999999998,0.0,true
HiddenCover,16384,100,clustered,14,28,12,0,496,0.0268,0.0,true
HiddenCover,16384,100,clustered,14,29,12,0,496,0.0268,0.0,true
HiddenCover,16384,100,clustered,15,0,12,0,496,0.027100000000000003,0.0,true
HiddenCover,16384,100,clustered,15,1,12,0,496,0.07540000000000001,0.0,true
HiddenCover,16384,100,clustered,15,2,12,0,496,0.0363,0.0,true
HiddenCover,16384,100,clustered,15,3,12,0,496,0.0354,0.0,true
HiddenCover,16384,100,clustered,15,4,12,0,496,0.031900000000000005,0.0,true
HiddenCover,16384,100,clustered,15,5,12,0,496,0.0315,0.0,true
HiddenCover,16384,100,clustered,15,6,12,0,496,0.0291,0.0,true
HiddenCover,16384,100,clustered,15,7,12,0,496,0.0288,0.0,true
HiddenCover,16384,100,clustered,15,8,12,0,496,0.030000000000000002,0.0,true
HiddenCover,16384,100,clustered,15,9,12,0,496,0.0301,0.0,true
HiddenCover,16384,100,clustered,15,10,12,0,496,0.0286,0.0,true
HiddenCover,16384,100,clustered,15,11,12,0,496,0.0285,0.0,true
HiddenCover,16384,100,clustered,15,12,12,0,496,0.0285,0.0,true
HiddenCover,16384,100,clustered,15,13,12,0,496,0.028399999999999998,0.0,true
HiddenCover,16384,100,clustered,15,14,12,0,496,0.0288,0.0,true
HiddenCover,16384,100,clustered,15,15,12,0,496,0.0285,0.0,true
HiddenCover,16384,100,clustered,15,16,12,0,496,0.0285,0.0,true
HiddenCover,16384,100,clustered,15,17,12,0,496,0.028399999999999998,0.0,true
HiddenCover,16384,100,clustered,15,18,12,0,496,0.028399999999999998,0.0,true
HiddenCover,16384,100,clustered,15,19,12,0,496,0.0291,0.0,true
HiddenCover,16384,100,clustered,15,20,12,0,496,0.045200000000000004,0.0,true
HiddenCover,16384,100,clustered,15,21,12,0,496,0.1373,0.0,true
HiddenCover,16384,100,clustered,15,22,12,0,496,0.050300000000000004,0.0,true
HiddenCover,16384,100,clustered,15,23,12,0,496,0.054799999999999995,0.0,true
HiddenCover,16384,100,clustered,15,24,12,0,496,0.045000000000000005,0.0,true
HiddenCover,16384,100,clustered,15,25,12,0,496,0.0359,0.0,true
HiddenCover,16384,100,clustered,15,26,12,0,496,0.0516,0.0,true
HiddenCover,16384,100,clustered,15,27,12,0,496,0.0477,0.0,true
HiddenCover,16384,100,clustered,15,28,12,0,496,0.045599999999999995,0.0,true
HiddenCover,16384,100,clustered,15,29,12,0,496,0.0657,0.0,true
HiddenCover,16384,100,clustered,16,0,14,0,560,0.0344,0.0,true
HiddenCover,16384,100,clustered,16,1,14,0,560,0.0359,0.0,true
HiddenCover,16384,100,clustered,16,2,14,0,560,0.0331,0.0,true
HiddenCover,16384,100,clustered,16,3,14,0,560,0.0335,0.0,true
HiddenCover,16384,100,clustered,16,4,14,0,560,0.039400000000000004,0.0,true
HiddenCover,16384,100,clustered,16,5,14,0,560,0.0387,0.0,true
HiddenCover,16384,100,clustered,16,6,14,0,560,0.0374,0.0,true
HiddenCover,16384,100,clustered,16,7,14,0,560,0.0375,0.0,true
HiddenCover,16384,100,clustered,16,8,14,0,560,0.041100000000000005,0.0,true
HiddenCover,16384,100,clustered,16,9,14,0,560,0.0421,0.0,true
HiddenCover,16384,100,clustered,16,10,14,0,560,0.0423,0.0,true
HiddenCover,16384,100,clustered,16,11,14,0,560,0.0421,0.0,true
HiddenCover,16384,100,clustered,16,12,14,0,560,0.043300000000000005,0.0,true
HiddenCover,16384,100,clustered,16,13,14,0,560,0.046900000000000004,0.0,true
HiddenCover,16384,100,clustered,16,14,14,0,560,0.0413,0.0,true
HiddenCover,16384,100,clustered,16,15,14,0,560,0.0458,0.0,true
HiddenCover,16384,100,clustered,16,16,14,0,560,0.043300000000000005,0.0,true
HiddenCover,16384,100,clustered,16,17,14,0,560,0.0405,0.0,true
HiddenCover,16384,100,clustered,16,18,14,0,560,0.0436,0.0,true
HiddenCover,16384,100,clustered,16,19,14,0,560,0.046400000000000004,0.0,true
HiddenCover,16384,100,clustered,16,20,14,0,560,0.0421,0.0,true
HiddenCover,16384,100,clustered,16,21,14,0,560,0.0432,0.0,true
HiddenCover,16384,100,clustered,16,22,14,0,560,0.043699999999999996,0.0,true
HiddenCover,16384,100,clustered,16,23,14,0,560,0.0425,0.0,true
HiddenCover,16384,100,clustered,16,24,14,0,560,0.0431,0.0,true
HiddenCover,16384,100,clustered,16,25,14,0,560,0.0427,0.0,true
HiddenCover,16384,100,clustered,16,26,14,0,560,0.0419,0.0,true
HiddenCover,16384,100,clustered,16,27,14,0,560,0.043699999999999996,0.0,true
HiddenCover,16384,100,clustered,16,28,14,0,560,0.044,0.0,true
HiddenCover,16384,100,clustered,16,29,14,0,560,0.0423,0.0,true
HiddenCover,16384,100,clustered,17,0,16,0,624,0.05,0.0,true
HiddenCover,16384,100,clustered,17,1,16,0,624,0.0477,0.0,true
HiddenCover,16384,100,clustered,17,2,16,0,624,0.0443,0.0,true
HiddenCover,16384,100,clustered,17,3,16,0,624,0.0477,0.0,true
HiddenCover,16384,100,clustered,17,4,16,0,624,0.044,0.0,true
HiddenCover,16384,100,clustered,17,5,16,0,624,0.044199999999999996,0.0,true
HiddenCover,16384,100,clustered,17,6,16,0,624,0.0468,0.0,true
HiddenCover,16384,100,clustered,17,7,16,0,624,0.043699999999999996,0.0,true
HiddenCover,16384,100,clustered,17,8,16,0,624,0.0457,0.0,true
HiddenCover,16384,100,clustered,17,9,16,0,624,0.045899999999999996,0.0,true
HiddenCover,16384,100,clustered,17,10,16,0,624,0.047,0.0,true
HiddenCover,16384,100,clustered,17,11,16,0,624,0.0441,0.0,true
HiddenCover,16384,100,clustered,17,12,16,0,624,0.0438,0.0,true
HiddenCover,16384,100,clustered,17,13,16,0,624,0.039700000000000006,0.0,true
HiddenCover,16384,100,clustered,17,14,16,0,624,0.0331,0.0,true
HiddenCover,16384,100,clustered,17,15,16,0,624,0.0336,0.0,true
HiddenCover,16384,100,clustered,17,16,16,0,624,0.034499999999999996,0.0,true
HiddenCover,16384,100,clustered,17,17,16,0,624,0.034999999999999996,0.0,true
HiddenCover,16384,100,clustered,17,18,16,0,624,0.0426,0.0,true
HiddenCover,16384,100,clustered,17,19,16,0,624,0.0378,0.0,true
HiddenCover,16384,100,clustered,17,20,16,0,624,0.0373,0.0,true
HiddenCover,16384,100,clustered,17,21,16,0,624,0.0497,0.0,true
HiddenCover,16384,100,clustered,17,22,16,0,624,0.0492,0.0,true
HiddenCover,16384,100,clustered,17,23,16,0,624,0.0487,0.0,true
HiddenCover,16384,100,clustered,17,24,16,0,624,0.0468,0.0,true
HiddenCover,16384,100,clustered,17,25,16,0,624,0.046900000000000004,0.0,true
HiddenCover,16384,100,clustered,17,26,16,0,624,0.046900000000000004,0.0,true
HiddenCover,16384,100,clustered,17,27,16,0,624,0.0382,0.0,true
HiddenCover,16384,100,clustered,17,28,16,0,624,0.0449,0.0,true
HiddenCover,16384,100,clustered,17,29,16,0,624,0.033,0.0,true
HiddenCover,16384,100,clustered,18,0,17,0,656,0.0318,0.0,true
HiddenCover,16384,100,clustered,18,1,17,0,656,0.0314,0.0,true
HiddenCover,16384,100,clustered,18,2,17,0,656,0.0314,0.0,true
HiddenCover,16384,100,clustered,18,3,17,0,656,0.0313,0.0,true
HiddenCover,16384,100,clustered,18,4,17,0,656,0.0315,0.0,true
HiddenCover,16384,100,clustered,18,5,17,0,656,0.035800000000000005,0.0,true
HiddenCover,16384,100,clustered,18,6,17,0,656,0.0342,0.0,true
HiddenCover,16384,100,clustered,18,7,17,0,656,0.0331,0.0,true
HiddenCover,16384,100,clustered,18,8,17,0,656,0.0331,0.0,true
HiddenCover,16384,100,clustered,18,9,17,0,656,0.0335,0.0,true
HiddenCover,16384,100,clustered,18,10,17,0,656,0.0317,0.0,true
HiddenCover,16384,100,clustered,18,11,17,0,656,0.0312,0.0,true
HiddenCover,16384,100,clustered,18,12,17,0,656,0.0314,0.0,true
HiddenCover,16384,100,clustered,18,13,17,0,656,0.0318,0.0,true
HiddenCover,16384,100,clustered,18,14,17,0,656,0.0331,0.0,true
HiddenCover,16384,100,clustered,18,15,17,0,656,0.0333,0.0,true
HiddenCover,16384,100,clustered,18,16,17,0,656,0.0327,0.0,true
HiddenCover,16384,100,clustered,18,17,17,0,656,0.0329,0.0,true
HiddenCover,16384,100,clustered,18,18,17,0,656,0.0314,0.0,true
HiddenCover,16384,100,clustered,18,19,17,0,656,0.0316,0.0,true
HiddenCover,16384,100,clustered,18,20,17,0,656,0.0312,0.0,true
HiddenCover,16384,100,clustered,18,21,17,0,656,0.0312,0.0,true
HiddenCover,16384,100,clustered,18,22,17,0,656,0.0313,0.0,true
HiddenCover,16384,100,clustered,18,23,17,0,656,0.0313,0.0,true
HiddenCover,16384,100,clustered,18,24,17,0,656,0.0318,0.0,true
HiddenCover,16384,100,clustered,18,25,17,0,656,0.0313,0.0,true
HiddenCover,16384,100,clustered,18,26,17,0,656,0.0314,0.0,true
HiddenCover,16384,100,clustered,18,27,17,0,656,0.0314,0.0,true
HiddenCover,16384,100,clustered,18,28,17,0,656,0.0312,0.0,true
HiddenCover,16384,100,clustered,18,29,17,0,656,0.0316,0.0,true
HiddenCover,16384,100,clustered,19,0,12,0,496,0.030199999999999998,0.0,true
HiddenCover,16384,100,clustered,19,1,12,0,496,0.0303,0.0,true
HiddenCover,16384,100,clustered,19,2,12,0,496,0.0301,0.0,true
HiddenCover,16384,100,clustered,19,3,12,0,496,0.0304,0.0,true
HiddenCover,16384,100,clustered,19,4,12,0,496,0.0306,0.0,true
HiddenCover,16384,100,clustered,19,5,12,0,496,0.0301,0.0,true
HiddenCover,16384,100,clustered,19,6,12,0,496,0.0301,0.0,true
HiddenCover,16384,100,clustered,19,7,12,0,496,0.030199999999999998,0.0,true
HiddenCover,16384,100,clustered,19,8,12,0,496,0.030199999999999998,0.0,true
HiddenCover,16384,100,clustered,19,9,12,0,496,0.030199999999999998,0.0,true
HiddenCover,16384,100,clustered,19,10,12,0,496,0.030199999999999998,0.0,true
HiddenCover,16384,100,clustered,19,11,12,0,496,0.0304,0.0,true
HiddenCover,16384,100,clustered,19,12,12,0,496,0.030199999999999998,0.0,true
HiddenCover,16384,100,clustered,19,13,12,0,496,0.030199999999999998,0.0,true
HiddenCover,16384,100,clustered,19,14,12,0,496,0.0301,0.0,true
HiddenCover,16384,100,clustered,19,15,12,0,496,0.030199999999999998,0.0,true
HiddenCover,16384,100,clustered,19,16,12,0,496,0.030199999999999998,0.0,true
HiddenCover,16384,100,clustered,19,17,12,0,496,0.0306,0.0,true
HiddenCover,16384,100,clustered,19,18,12,0,496,0.0301,0.0,true
HiddenCover,16384,100,clustered,19,19,12,0,496,0.0301,0.0,true
HiddenCover,16384,100,clustered,19,20,12,0,496,0.030199999999999998,0.0,true
HiddenCover,16384,100,clustered,19,21,12,0,496,0.0301,0.0,true
HiddenCover,16384,100,clustered,19,22,12,0,496,0.030000000000000002,0.0,true
HiddenCover,16384,100,clustered,19,23,12,0,496,0.030199999999999998,0.0,true
HiddenCover,16384,100,clustered,19,24,12,0,496,0.0306,0.0,true
HiddenCover,16384,100,clustered,19,25,12,0,496,0.030199999999999998,0.0,true
HiddenCover,16384,100,clustered,19,26,12,0,496,0.030199999999999998,0.0,true
HiddenCover,16384,100,clustered,19,27,12,0,496,0.0301,0.0,true
HiddenCover,16384,100,clustered,19,28,12,0,496,0.0301,0.0,true
HiddenCover,16384,100,clustered,19,29,12,0,496,0.0303,0.0,true
HiddenCover,16384,100,random,0,0,630,0,20272,0.13770000000000002,0.0,true
HiddenCover,16384,100,random,0,1,630,0,20272,0.1368,0.0,true
HiddenCover,16384,100,random,0,2,630,0,20272,0.13779999999999998,0.0,true
HiddenCover,16384,100,random,0,3,630,0,20272,0.1376,0.0,true
HiddenCover,16384,100,random,0,4,630,0,20272,0.1386,0.0,true
HiddenCover,16384,100,random,0,5,630,0,20272,0.1375,0.0,true
HiddenCover,16384,100,random,0,6,630,0,20272,0.13770000000000002,0.0,true
HiddenCover,16384,100,random,0,7,630,0,20272,0.1371,0.0,true
HiddenCover,16384,100,random,0,8,630,0,20272,0.1375,0.0,true
HiddenCover,16384,100,random,0,9,630,0,20272,0.1372,0.0,true
HiddenCover,16384,100,random,0,10,630,0,20272,0.1374,0.0,true
HiddenCover,16384,100,random,0,11,630,0,20272,0.1385,0.0,true
HiddenCover,16384,100,random,0,12,630,0,20272,0.1383,0.0,true
HiddenCover,16384,100,random,0,13,630,0,20272,0.1371,0.0,true
HiddenCover,16384,100,random,0,14,630,0,20272,0.1373,0.0,true
HiddenCover,16384,100,random,0,15,630,0,20272,0.1373,0.0,true
HiddenCover,16384,100,random,0,16,630,0,20272,0.1372,0.0,true
HiddenCover,16384,100,random,0,17,630,0,20272,0.13779999999999998,0.0,true
HiddenCover,16384,100,random,0,18,630,0,20272,0.1381,0.0,true
HiddenCover,16384,100,random,0,19,630,0,20272,0.13770000000000002,0.0,true
HiddenCover,16384,100,random,0,20,630,0,20272,0.1371,0.0,true
HiddenCover,16384,100,random,0,21,630,0,20272,0.16870000000000002,0.0,true
HiddenCover,16384,100,random,0,22,630,0,20272,0.13999999999999999,0.0,true
HiddenCover,16384,100,random,0,23,630,0,20272,0.1375,0.0,true
HiddenCover,16384,100,random,0,24,630,0,20272,0.13799999999999998,0.0,true
HiddenCover,16384,100,random,0,25,630,0,20272,0.1374,0.0,true
HiddenCover,16384,100,random,0,26,630,0,20272,0.1376,0.0,true
HiddenCover,16384,100,random,0,27,630,0,20272,0.13799999999999998,0.0,true
HiddenCover,16384,100,random,0,28,630,0,20272,0.1375,0.0,true
HiddenCover,16384,100,random,0,29,630,0,20272,0.1376,0.0,true
HiddenCover,16384,100,random,1,0,640,0,20592,0.1393,0.0,true
HiddenCover,16384,100,random,1,1,640,0,20592,0.1394,0.0,true
HiddenCover,16384,100,random,1,2,640,0,20592,0.1393,0.0,true
HiddenCover,16384,100,random,1,3,640,0,20592,0.13970000000000002,0.0,true
HiddenCover,16384,100,random,1,4,640,0,20592,0.1395,0.0,true
HiddenCover,16384,100,random,1,5,640,0,20592,0.1395,0.0,true
HiddenCover,16384,100,random,1,6,640,0,20592,0.13899999999999998,0.0,true
HiddenCover,16384,100,random,1,7,640,0,20592,0.1392,0.0,true
HiddenCover,16384,100,random,1,8,640,0,20592,0.1395,0.0,true
HiddenCover,16384,100,random,1,9,640,0,20592,0.1392,0.0,true
HiddenCover,16384,100,random,1,10,640,0,20592,0.1392,0.0,true
HiddenCover,16384,100,random,1,11,640,0,20592,0.1393,0.0,true
HiddenCover,16384,100,random,1,12,640,0,20592,0.1388,0.0,true
HiddenCover,16384,100,random,1,13,640,0,20592,0.1395,0.0,true
HiddenCover,16384,100,random,1,14,640,0,20592,0.1386,0.0,true
HiddenCover,16384,100,random,1,15,640,0,20592,0.1395,0.0,true
HiddenCover,16384,100,random,1,16,640,0,20592,0.13970000000000002,0.0,true
HiddenCover,16384,100,random,1,17,640,0,20592,0.1398,0.0,true
HiddenCover,16384,100,random,1,18,640,0,20592,0.1917,0.0,true
HiddenCover,16384,100,random,1,19,640,0,20592,0.1906,0.0,true
HiddenCover,16384,100,random,1,20,640,0,20592,0.1614,0.0,true
HiddenCover,16384,100,random,1,21,640,0,20592,0.1554,0.0,true
HiddenCover,16384,100,random,1,22,640,0,20592,0.1658,0.0,true
HiddenCover,16384,100,random,1,23,640,0,20592,0.2605,0.0,true
HiddenCover,16384,100,random,1,24,640,0,20592,0.20379999999999998,0.0,true
HiddenCover,16384,100,random,1,25,640,0,20592,0.4379,0.0,true
HiddenCover,16384,100,random,1,26,640,0,20592,0.5418000000000001,0.0,true
HiddenCover,16384,100,random,1,27,640,0,20592,0.3062,0.0,true
HiddenCover,16384,100,random,1,28,640,0,20592,0.2845,0.0,true
HiddenCover,16384,100,random,1,29,640,0,20592,0.2181,0.0,true
HiddenCover,16384,100,random,2,0,666,0,21424,0.1573,0.0,true
HiddenCover,16384,100,random,2,1,666,0,21424,0.1544,0.0,true
HiddenCover,16384,100,random,2,2,666,0,21424,0.15860000000000002,0.0,true
HiddenCover,16384,100,random,2,3,666,0,21424,0.1895,0.0,true
HiddenCover,16384,100,random,2,4,666,0,21424,0.165,0.0,true
HiddenCover,16384,100,random,2,5,666,0,21424,0.1828,0.0,true
HiddenCover,16384,100,random,2,6,666,0,21424,0.1717,0.0,true
HiddenCover,16384,100,random,2,7,666,0,21424,0.1652,0.0,true
HiddenCover,16384,100,random,2,8,666,0,21424,0.15990000000000001,0.0,true
HiddenCover,16384,100,random,2,9,666,0,21424,0.1628,0.0,true
HiddenCover,16384,100,random,2,10,666,0,21424,0.1585,0.0,true
HiddenCover,16384,100,random,2,11,666,0,21424,0.158,0.0,true
HiddenCover,16384,100,random,2,12,666,0,21424,0.15259999999999999,0.0,true
HiddenCover,16384,100,random,2,13,666,0,21424,0.155,0.0,true
HiddenCover,16384,100,random,2,14,666,0,21424,0.15510000000000002,0.0,true
HiddenCover,16384,100,random,2,15,666,0,21424,0.1496,0.0,true
HiddenCover,16384,100,random,2,16,666,0,21424,0.1532,0.0,true
HiddenCover,16384,100,random,2,17,666,0,21424,0.1542,0.0,true
HiddenCover,16384,100,random,2,18,666,0,21424,0.1518,0.0,true
HiddenCover,16384,100,random,2,19,666,0,21424,0.1504,0.0,true
HiddenCover,16384,100,random,2,20,666,0,21424,0.1503,0.0,true
HiddenCover,16384,100,random,2,21,666,0,21424,0.15080000000000002,0.0,true
HiddenCover,16384,100,random,2,22,666,0,21424,0.1507,0.0,true
HiddenCover,16384,100,random,2,23,666,0,21424,0.1597,0.0,true
HiddenCover,16384,100,random,2,24,666,0,21424,0.1437,0.0,true
HiddenCover,16384,100,random,2,25,666,0,21424,0.1439,0.0,true
HiddenCover,16384,100,random,2,26,666,0,21424,0.14400000000000002,0.0,true
HiddenCover,16384,100,random,2,27,666,0,21424,0.1431,0.0,true
HiddenCover,16384,100,random,2,28,666,0,21424,0.1436,0.0,true
HiddenCover,16384,100,random,2,29,666,0,21424,0.1439,0.0,true
HiddenCover,16384,100,random,3,0,650,0,20912,0.1422,0.0,true
HiddenCover,16384,100,random,3,1,650,0,20912,0.1416,0.0,true
HiddenCover,16384,100,random,3,2,650,0,20912,0.14129999999999998,0.0,true
HiddenCover,16384,100,random,3,3,650,0,20912,0.1418,0.0,true
HiddenCover,16384,100,random,3,4,650,0,20912,0.1407,0.0,true
HiddenCover,16384,100,random,3,5,650,0,20912,0.1412,0.0,true
HiddenCover,16384,100,random,3,6,650,0,20912,0.1419,0.0,true
HiddenCover,16384,100,random,3,7,650,0,20912,0.14129999999999998,0.0,true
HiddenCover,16384,100,random,3,8,650,0,20912,0.14129999999999998,0.0,true
HiddenCover,16384,100,random,3,9,650,0,20912,0.1409,0.0,true
HiddenCover,16384,100,random,3,10,650,0,20912,0.1409,0.0,true
HiddenCover,16384,100,random,3,11,650,0,20912,0.1416,0.0,true
HiddenCover,16384,100,random,3,12,650,0,20912,0.1408,0.0,true
HiddenCover,16384,100,random,3,13,650,0,20912,0.1407,0.0,true
HiddenCover,16384,100,random,3,14,650,0,20912,0.14100000000000001,0.0,true
HiddenCover,16384,100,random,3,15,650,0,20912,0.1414,0.0,true
HiddenCover,16384,100,random,3,16,650,0,20912,0.1518,0.0,true
HiddenCover,16384,100,random,3,17,650,0,20912,0.1431,0.0,true
HiddenCover,16384,100,random,3,18,650,0,20912,0.1396,0.0,true
HiddenCover,16384,100,random,3,19,650,0,20912,0.13970000000000002,0.0,true
HiddenCover,16384,100,random,3,20,650,0,20912,0.1414,0.0,true
HiddenCover,16384,100,random,3,21,650,0,20912,0.13999999999999999,0.0,true
HiddenCover,16384,100,random,3,22,650,0,20912,0.14109999999999998,0.0,true
HiddenCover,16384,100,random,3,23,650,0,20912,0.1406,0.0,true
HiddenCover,16384,100,random,3,24,650,0,20912,0.1415,0.0,true
HiddenCover,16384,100,random,3,25,650,0,20912,0.14579999999999999,0.0,true
HiddenCover,16384,100,random,3,26,650,0,20912,0.1422,0.0,true
HiddenCover,16384,100,random,3,27,650,0,20912,0.13990000000000002,0.0,true
HiddenCover,16384,100,random,3,28,650,0,20912,0.1466,0.0,true
HiddenCover,16384,100,random,3,29,650,0,20912,0.1416,0.0,true
HiddenCover,16384,100,random,4,0,660,0,21232,0.17579999999999998,0.0,true
HiddenCover,16384,100,random,4,1,660,0,21232,0.1549,0.0,true
HiddenCover,16384,100,random,4,2,660,0,21232,0.1506,0.0,true
HiddenCover,16384,100,random,4,3,660,0,21232,0.14980000000000002,0.0,true
HiddenCover,16384,100,random,4,4,660,0,21232,0.14809999999999998,0.0,true
HiddenCover,16384,100,random,4,5,660,0,21232,0.15009999999999998,0.0,true
HiddenCover,16384,100,random,4,6,660,0,21232,0.15009999999999998,0.0,true
HiddenCover,16384,100,random,4,7,660,0,21232,0.1503,0.0,true
HiddenCover,16384,100,random,4,8,660,0,21232,0.1499,0.0,true
HiddenCover,16384,100,random,4,9,660,0,21232,0.15080000000000002,0.0,true
HiddenCover,16384,100,random,4,10,660,0,21232,0.1512,0.0,true
HiddenCover,16384,100,random,4,11,660,0,21232,0.15009999999999998,0.0,true
HiddenCover,16384,100,random,4,12,660,0,21232,0.1495,0.0,true
HiddenCover,16384,100,random,4,13,660,0,21232,0.2215,0.0,true
HiddenCover,16384,100,random,4,14,660,0,21232,0.2209,0.0,true
HiddenCover,16384,100,random,4,15,660,0,21232,0.22870000000000001,0.0,true
HiddenCover,16384,100,random,4,16,660,0,21232,0.2639,0.0,true
HiddenCover,16384,100,random,4,17,660,0,21232,0.2763,0.0,true
HiddenCover,16384,100,random,4,18,660,0,21232,0.1522,0.0,true
HiddenCover,16384,100,random,4,19,660,0,21232,0.1838,0.0,true
HiddenCover,16384,100,random,4,20,660,0,21232,0.1497,0.0,true
HiddenCover,16384,100,random,4,21,660,0,21232,0.15080000000000002,0.0,true
HiddenCover,16384,100,random,4,22,660,0,21232,0.154,0.0,true
HiddenCover,16384,100,random,4,23,660,0,21232,0.1608,0.0,true
HiddenCover,16384,100,random,4,24,660,0,21232,0.4406,0.0,true
HiddenCover,16384,100,random,4,25,660,0,21232,0.1554,0.0,true
HiddenCover,16384,100,random,4,26,660,0,21232,0.1478,0.0,true
HiddenCover,16384,100,random,4,27,660,0,21232,0.1527,0.0,true
HiddenCover,16384,100,random,4,28,660,0,21232,0.15080000000000002,0.0,true
HiddenCover,16384,100,random,4,29,660,0,21232,0.17049999999999998,0.0,true
HiddenCover,16384,100,random,5,0,635,0,20432,0.1392,0.0,true
HiddenCover,16384,100,random,5,1,635,0,20432,0.13779999999999998,0.0,true
HiddenCover,16384,100,random,5,2,635,0,20432,0.1394,0.0,true
HiddenCover,16384,100,random,5,3,635,0,20432,0.14479999999999998,0.0,true
HiddenCover,16384,100,random,5,4,635,0,20432,0.1394,0.0,true
HiddenCover,16384,100,random,5,5,635,0,20432,0.1389,0.0,true
HiddenCover,16384,100,random,5,6,635,0,20432,0.1385,0.0,true
HiddenCover,16384,100,random,5,7,635,0,20432,0.1383,0.0,true
HiddenCover,16384,100,random,5,8,635,0,20432,0.13899999999999998,0.0,true
HiddenCover,16384,100,random,5,9,635,0,20432,0.1392,0.0,true
HiddenCover,16384,100,random,5,10,635,0,20432,0.1392,0.0,true
HiddenCover,16384,100,random,5,11,635,0,20432,0.1386,0.0,true
HiddenCover,16384,100,random,5,12,635,0,20432,0.1392,0.0,true
HiddenCover,16384,100,random,5,13,635,0,20432,0.1388,0.0,true
HiddenCover,16384,100,random,5,14,635,0,20432,0.1392,0.0,true
HiddenCover,16384,100,random,5,15,635,0,20432,0.1386,0.0,true
HiddenCover,16384,100,random,5,16,635,0,20432,0.16440000000000002,0.0,true
HiddenCover,16384,100,random,5,17,635,0,20432,0.149,0.0,true
HiddenCover,16384,100,random,5,18,635,0,20432,0.1416,0.0,true
HiddenCover,16384,100,random,5,19,635,0,20432,0.1386,0.0,true
HiddenCover,16384,100,random,5,20,635,0,20432,0.1385,0.0,true
HiddenCover,16384,100,random,5,21,635,0,20432,0.1384,0.0,true
HiddenCover,16384,100,random,5,22,635,0,20432,0.1394,0.0,true
HiddenCover,16384,100,random,5,23,635,0,20432,0.13799999999999998,0.0,true
HiddenCover,16384,100,random,5,24,635,0,20432,0.13779999999999998,0.0,true
HiddenCover,16384,100,random,5,25,635,0,20432,0.1384,0.0,true
HiddenCover,16384,100,random,5,26,635,0,20432,0.13870000000000002,0.0,true
HiddenCover,16384,100,random,5,27,635,0,20432,0.1383,0.0,true
HiddenCover,16384,100,random,5,28,635,0,20432,0.1388,0.0,true
HiddenCover,16384,100,random,5,29,635,0,20432,0.13899999999999998,0.0,true
HiddenCover,16384,100,random,6,0,648,0,20848,0.14229999999999998,0.0,true
HiddenCover,16384,100,random,6,1,648,0,20848,0.1404,0.0,true
HiddenCover,16384,100,random,6,2,648,0,20848,0.1416,0.0,true
HiddenCover,16384,100,random,6,3,648,0,20848,0.15789999999999998,0.0,true
HiddenCover,16384,100,random,6,4,648,0,20848,0.1407,0.0,true
HiddenCover,16384,100,random,6,5,648,0,20848,0.1414,0.0,true
HiddenCover,16384,100,random,6,6,648,0,20848,0.1585,0.0,true
HiddenCover,16384,100,random,6,7,648,0,20848,0.154,0.0,true
HiddenCover,16384,100,random,6,8,648,0,20848,0.1408,0.0,true
HiddenCover,16384,100,random,6,9,648,0,20848,0.1407,0.0,true
HiddenCover,16384,100,random,6,10,648,0,20848,0.1409,0.0,true
HiddenCover,16384,100,random,6,11,648,0,20848,0.1403,0.0,true
HiddenCover,16384,100,random,6,12,648,0,20848,0.13999999999999999,0.0,true
HiddenCover,16384,100,random,6,13,648,0,20848,0.1414,0.0,true
HiddenCover,16384,100,random,6,14,648,0,20848,0.149,0.0,true
HiddenCover,16384,100,random,6,15,648,0,20848,0.1628,0.0,true
HiddenCover,16384,100,random,6,16,648,0,20848,0.1487,0.0,true
HiddenCover,16384,100,random,6,17,648,0,20848,0.14980000000000002,0.0,true
HiddenCover,16384,100,random,6,18,648,0,20848,0.1509,0.0,true
HiddenCover,16384,100,random,6,19,648,0,20848,0.1403,0.0,true
HiddenCover,16384,100,random,6,20,648,0,20848,0.1539,0.0,true
HiddenCover,16384,100,random,6,21,648,0,20848,0.1443,0.0,true
HiddenCover,16384,100,random,6,22,648,0,20848,0.1417,0.0,true
HiddenCover,16384,100,random,6,23,648,0,20848,0.1407,0.0,true
HiddenCover,16384,100,random,6,24,648,0,20848,0.15569999999999998,0.0,true
HiddenCover,16384,100,random,6,25,648,0,20848,0.1402,0.0,true
HiddenCover,16384,100,random,6,26,648,0,20848,0.2172,0.0,true
HiddenCover,16384,100,random,6,27,648,0,20848,0.19349999999999998,0.0,true
HiddenCover,16384,100,random,6,28,648,0,20848,0.1391,0.0,true
HiddenCover,16384,100,random,6,29,648,0,20848,0.13770000000000002,0.0,true
HiddenCover,16384,100,random,7,0,645,0,20752,0.13770000000000002,0.0,true
HiddenCover,16384,100,random,7,1,645,0,20752,0.13770000000000002,0.0,true
HiddenCover,16384,100,random,7,2,645,0,20752,0.1381,0.0,true
HiddenCover,16384,100,random,7,3,645,0,20752,0.1382,0.0,true
HiddenCover,16384,100,random,7,4,645,0,20752,0.1374,0.0,true
HiddenCover,16384,100,random,7,5,645,0,20752,0.13779999999999998,0.0,true
HiddenCover,16384,100,random,7,6,645,0,20752,0.1373,0.0,true
HiddenCover,16384,100,random,7,7,645,0,20752,0.1757,0.0,true
HiddenCover,16384,100,random,7,8,645,0,20752,0.2031,0.0,true
HiddenCover,16384,100,random,7,9,645,0,20752,0.25970000000000004,0.0,true
HiddenCover,16384,100,random,7,10,645,0,20752,0.2311,0.0,true
HiddenCover,16384,100,random,7,11,645,0,20752,0.20809999999999998,0.0,true
HiddenCover,16384,100,random,7,12,645,0,20752,0.2236,0.0,true
HiddenCover,16384,100,random,7,13,645,0,20752,0.2174,0.0,true
HiddenCover,16384,100,random,7,14,645,0,20752,0.1847,0.0,true
HiddenCover,16384,100,random,7,15,645,0,20752,0.1547,0.0,true
HiddenCover,16384,100,random,7,16,645,0,20752,0.1582,0.0,true
HiddenCover,16384,100,random,7,17,645,0,20752,0.1552,0.0,true
HiddenCover,16384,100,random,7,18,645,0,20752,0.1561,0.0,true
HiddenCover,16384,100,random,7,19,645,0,20752,0.1733,0.0,true
HiddenCover,16384,100,random,7,20,645,0,20752,0.1548,0.0,true
HiddenCover,16384,100,random,7,21,645,0,20752,0.1522,0.0,true
HiddenCover,16384,100,random,7,22,645,0,20752,0.1406,0.0,true
HiddenCover,16384,100,random,7,23,645,0,20752,0.14400000000000002,0.0,true
HiddenCover,16384,100,random,7,24,645,0,20752,0.1469,0.0,true
HiddenCover,16384,100,random,7,25,645,0,20752,0.15330000000000002,0.0,true
HiddenCover,16384,100,random,7,26,645,0,20752,0.1478,0.0,true
HiddenCover,16384,100,random,7,27,645,0,20752,0.147,0.0,true
HiddenCover,16384,100,random,7,28,645,0,20752,0.1371,0.0,true
HiddenCover,16384,100,random,7,29,645,0,20752,0.1409,0.0,true
HiddenCover,16384,100,random,8,0,651,0,20944,0.1372,0.0,true
HiddenCover,16384,100,random,8,1,651,0,20944,0.13799999999999998,0.0,true
HiddenCover,16384,100,random,8,2,651,0,20944,0.1381,0.0,true
HiddenCover,16384,100,random,8,3,651,0,20944,0.13770000000000002,0.0,true
HiddenCover,16384,100,random,8,4,651,0,20944,0.13779999999999998,0.0,true
HiddenCover,16384,100,random,8,5,651,0,20944,0.13770000000000002,0.0,true
HiddenCover,16384,100,random,8,6,651,0,20944,0.1374,0.0,true
HiddenCover,16384,100,random,8,7,651,0,20944,0.1385,0.0,true
HiddenCover,16384,100,random,8,8,651,0,20944,0.13799999999999998,0.0,true
HiddenCover,16384,100,random,8,9,651,0,20944,0.1367,0.0,true
HiddenCover,16384,100,random,8,10,651,0,20944,0.13990000000000002,0.0,true
HiddenCover,16384,100,random,8,11,651,0,20944,0.13779999999999998,0.0,true
HiddenCover,16384,100,random,8,12,651,0,20944,0.1376,0.0,true
HiddenCover,16384,100,random,8,13,651,0,20944,0.1375,0.0,true
HiddenCover,16384,100,random,8,14,651,0,20944,0.1372,0.0,true
HiddenCover,16384,100,random,8,15,651,0,20944,0.1404,0.0,true
HiddenCover,16384,100,random,8,16,651,0,20944,0.1418,0.0,true
HiddenCover,16384,100,random,8,17,651,0,20944,0.13779999999999998,0.0,true
HiddenCover,16384,100,random,8,18,651,0,20944,0.13779999999999998,0.0,true
HiddenCover,16384,100,random,8,19,651,0,20944,0.1372,0.0,true
HiddenCover,16384,100,random,8,20,651,0,20944,0.1368,0.0,true
HiddenCover,16384,100,random,8,21,651,0,20944,0.13779999999999998,0.0,true
HiddenCover,16384,100,random,8,22,651,0,20944,0.13899999999999998,0.0,true
HiddenCover,16384,100,random,8,23,651,0,20944,0.1438,0.0,true
HiddenCover,16384,100,random,8,24,651,0,20944,0.13699999999999998,0.0,true
HiddenCover,16384,100,random,8,25,651,0,20944,0.1376,0.0,true
HiddenCover,16384,100,random,8,26,651,0,20944,0.1376,0.0,true
HiddenCover,16384,100,random,8,27,651,0,20944,0.13779999999999998,0.0,true
HiddenCover,16384,100,random,8,28,651,0,20944,0.1373,0.0,true
HiddenCover,16384,100,random,8,29,651,0,20944,0.1375,0.0,true
HiddenCover,16384,100,random,9,0,641,0,20624,0.1358,0.0,true
HiddenCover,16384,100,random,9,1,641,0,20624,0.1357,0.0,true
HiddenCover,16384,100,random,9,2,641,0,20624,0.13899999999999998,0.0,true
HiddenCover,16384,100,random,9,3,641,0,20624,0.1509,0.0,true
HiddenCover,16384,100,random,9,4,641,0,20624,0.1385,0.0,true
HiddenCover,16384,100,random,9,5,641,0,20624,0.1361,0.0,true
HiddenCover,16384,100,random,9,6,641,0,20624,0.1431,0.0,true
HiddenCover,16384,100,random,9,7,641,0,20624,0.1361,0.0,true
HiddenCover,16384,100,random,9,8,641,0,20624,0.1361,0.0,true
HiddenCover,16384,100,random,9,9,641,0,20624,0.1351,0.0,true
HiddenCover,16384,100,random,9,10,641,0,20624,0.1356,0.0,true
HiddenCover,16384,100,random,9,11,641,0,20624,0.13640000000000002,0.0,true
HiddenCover,16384,100,random,9,12,641,0,20624,0.13620000000000002,0.0,true
HiddenCover,16384,100,random,9,13,641,0,20624,0.1452,0.0,true
HiddenCover,16384,100,random,9,14,641,0,20624,0.13779999999999998,0.0,true
HiddenCover,16384,100,random,9,15,641,0,20624,0.1358,0.0,true
HiddenCover,16384,100,random,9,16,641,0,20624,0.1357,0.0,true
HiddenCover,16384,100,random,9,17,641,0,20624,0.1357,0.0,true
HiddenCover,16384,100,random,9,18,641,0,20624,0.1359,0.0,true
HiddenCover,16384,100,random,9,19,641,0,20624,0.1359,0.0,true
HiddenCover,16384,100,random,9,20,641,0,20624,0.2255,0.0,true
HiddenCover,16384,100,random,9,21,641,0,20624,0.2097,0.0,true
HiddenCover,16384,100,random,9,22,641,0,20624,0.16990000000000002,0.0,true
HiddenCover,16384,100,random,9,23,641,0,20624,0.1727,0.0,true
HiddenCover,16384,100,random,9,24,641,0,20624,0.14459999999999998,0.0,true
HiddenCover,16384,100,random,9,25,641,0,20624,0.1605,0.0,true
HiddenCover,16384,100,random,9,26,641,0,20624,0.1505,0.0,true
HiddenCover,16384,100,random,9,27,641,0,20624,0.20579999999999998,0.0,true
HiddenCover,16384,100,random,9,28,641,0,20624,0.2146,0.0,true
HiddenCover,16384,100,random,9,29,641,0,20624,0.21430000000000002,0.0,true
HiddenCover,16384,100,random,10,0,650,0,20912,0.24000000000000002,0.0,true
HiddenCover,16384,100,random,10,1,650,0,20912,0.2639,0.0,true
HiddenCover,16384,100,random,10,2,650,0,20912,0.22249999999999998,0.0,true
HiddenCover,16384,100,random,10,3,650,0,20912,0.2212,0.0,true
HiddenCover,16384,100,random,10,4,650,0,20912,0.23020000000000002,0.0,true
HiddenCover,16384,100,random,10,5,650,0,20912,0.22599999999999998,0.0,true
HiddenCover,16384,100,random,10,6,650,0,20912,0.2017,0.0,true
HiddenCover,16384,100,random,10,7,650,0,20912,0.1583,0.0,true
HiddenCover,16384,100,random,10,8,650,0,20912,0.1421,0.0,true
HiddenCover,16384,100,random,10,9,650,0,20912,0.13990000000000002,0.0,true
HiddenCover,16384,100,random,10,10,650,0,20912,0.145,0.0,true
HiddenCover,16384,100,random,10,11,650,0,20912,0.14129999999999998,0.0,true
HiddenCover,16384,100,random,10,12,650,0,20912,0.15510000000000002,0.0,true
HiddenCover,16384,100,random,10,13,650,0,20912,0.1562,0.0,true
HiddenCover,16384,100,random,10,14,650,0,20912,0.163,0.0,true
HiddenCover,16384,100,random,10,15,650,0,20912,0.1535,0.0,true
HiddenCover,16384,100,random,10,16,650,0,20912,0.1417,0.0,true
HiddenCover,16384,100,random,10,17,650,0,20912,0.14100000000000001,0.0,true
HiddenCover,16384,100,random,10,18,650,0,20912,0.14229999999999998,0.0,true
HiddenCover,16384,100,random,10,19,650,0,20912,0.1507,0.0,true
HiddenCover,16384,100,random,10,20,650,0,20912,0.18430000000000002,0.0,true
HiddenCover,16384,100,random,10,21,650,0,20912,0.1469,0.0,true
HiddenCover,16384,100,random,10,22,650,0,20912,0.1466,0.0,true
HiddenCover,16384,100,random,10,23,650,0,20912,0.1402,0.0,true
HiddenCover,16384,100,random,10,24,650,0,20912,0.1383,0.0,true
HiddenCover,16384,100,random,10,25,650,0,20912,0.1373,0.0,true
HiddenCover,16384,100,random,10,26,650,0,20912,0.1402,0.0,true
HiddenCover,16384,100,random,10,27,650,0,20912,0.13660000000000003,0.0,true
HiddenCover,16384,100,random,10,28,650,0,20912,0.1379,0.0,true
HiddenCover,16384,100,random,10,29,650,0,20912,0.1381,0.0,true
HiddenCover,16384,100,random,11,0,650,0,20912,0.1391,0.0,true
HiddenCover,16384,100,random,11,1,650,0,20912,0.1382,0.0,true
HiddenCover,16384,100,random,11,2,650,0,20912,0.1389,0.0,true
HiddenCover,16384,100,random,11,3,650,0,20912,0.1382,0.0,true
HiddenCover,16384,100,random,11,4,650,0,20912,0.1382,0.0,true
HiddenCover,16384,100,random,11,5,650,0,20912,0.13799999999999998,0.0,true
HiddenCover,16384,100,random,11,6,650,0,20912,0.13770000000000002,0.0,true
HiddenCover,16384,100,random,11,7,650,0,20912,0.1412,0.0,true
HiddenCover,16384,100,random,11,8,650,0,20912,0.1394,0.0,true
HiddenCover,16384,100,random,11,9,650,0,20912,0.1371,0.0,true
HiddenCover,16384,100,random,11,10,650,0,20912,0.1381,0.0,true
HiddenCover,16384,100,random,11,11,650,0,20912,0.1372,0.0,true
HiddenCover,16384,100,random,11,12,650,0,20912,0.13660000000000003,0.0,true
HiddenCover,16384,100,random,11,13,650,0,20912,0.13770000000000002,0.0,true
HiddenCover,16384,100,random,11,14,650,0,20912,0.13779999999999998,0.0,true
HiddenCover,16384,100,random,11,15,650,0,20912,0.1369,0.0,true
HiddenCover,16384,100,random,11,16,650,0,20912,0.1375,0.0,true
HiddenCover,16384,100,random,11,17,650,0,20912,0.1379,0.0,true
HiddenCover,16384,100,random,11,18,650,0,20912,0.1418,0.0,true
HiddenCover,16384,100,random,11,19,650,0,20912,0.1512,0.0,true
HiddenCover,16384,100,random,11,20,650,0,20912,0.1396,0.0,true
HiddenCover,16384,100,random,11,21,650,0,20912,0.1371,0.0,true
HiddenCover,16384,100,random,11,22,650,0,20912,0.1374,0.0,true
HiddenCover,16384,100,random,11,23,650,0,20912,0.1374,0.0,true
HiddenCover,16384,100,random,11,24,650,0,20912,0.1402,0.0,true
HiddenCover,16384,100,random,11,25,650,0,20912,0.1421,0.0,true
HiddenCover,16384,100,random,11,26,650,0,20912,0.13770000000000002,0.0,true
HiddenCover,16384,100,random,11,27,650,0,20912,0.1371,0.0,true
HiddenCover,16384,100,random,11,28,650,0,20912,0.1376,0.0,true
HiddenCover,16384,100,random,11,29,650,0,20912,0.1373,0.0,true
HiddenCover,16384,100,random,12,0,633,0,20368,0.13549999999999998,0.0,true
HiddenCover,16384,100,random,12,1,633,0,20368,0.1414,0.0,true
HiddenCover,16384,100,random,12,2,633,0,20368,0.1342,0.0,true
HiddenCover,16384,100,random,12,3,633,0,20368,0.1346,0.0,true
HiddenCover,16384,100,random,12,4,633,0,20368,0.134,0.0,true
HiddenCover,16384,100,random,12,5,633,0,20368,0.1351,0.0,true
HiddenCover,16384,100,random,12,6,633,0,20368,0.134,0.0,true
HiddenCover,16384,100,random,12,7,633,0,20368,0.1342,0.0,true
HiddenCover,16384,100,random,12,8,633,0,20368,0.2632,0.0,true
HiddenCover,16384,100,random,12,9,633,0,20368,0.1616,0.0,true
HiddenCover,16384,100,random,12,10,633,0,20368,0.14229999999999998,0.0,true
HiddenCover,16384,100,random,12,11,633,0,20368,0.13770000000000002,0.0,true
HiddenCover,16384,100,random,12,12,633,0,20368,0.1344,0.0,true
HiddenCover,16384,100,random,12,13,633,0,20368,0.1351,0.0,true
HiddenCover,16384,100,random,12,14,633,0,20368,0.1379,0.0,true
HiddenCover,16384,100,random,12,15,633,0,20368,0.1346,0.0,true
HiddenCover,16384,100,random,12,16,633,0,20368,0.1342,0.0,true
HiddenCover,16384,100,random,12,17,633,0,20368,0.1343,0.0,true
HiddenCover,16384,100,random,12,18,633,0,20368,0.1347,0.0,true
HiddenCover,16384,100,random,12,19,633,0,20368,0.1347,0.0,true
HiddenCover,16384,100,random,12,20,633,0,20368,0.13520000000000001,0.0,true
HiddenCover,16384,100,random,12,21,633,0,20368,0.1391,0.0,true
HiddenCover,16384,100,random,12,22,633,0,20368,0.1348,0.0,true
HiddenCover,16384,100,random,12,23,633,0,20368,0.1343,0.0,true
HiddenCover,16384,100,random,12,24,633,0,20368,0.1356,0.0,true
HiddenCover,16384,100,random,12,25,633,0,20368,0.1344,0.0,true
HiddenCover,16384,100,random,12,26,633,0,20368,0.1346,0.0,true
HiddenCover,16384,100,random,12,27,633,0,20368,0.1342,0.0,true
HiddenCover,16384,100,random,12,28,633,0,20368,0.136,0.0,true
HiddenCover,16384,100,random,12,29,633,0,20368,0.13520000000000001,0.0,true
HiddenCover,16384,100,random,13,0,632,0,20336,0.2076,0.0,true
HiddenCover,16384,100,random,13,1,632,0,20336,0.3395,0.0,true
HiddenCover,16384,100,random,13,2,632,0,20336,0.4628,0.0,true
HiddenCover,16384,100,random,13,3,632,0,20336,0.3658,0.0,true
HiddenCover,16384,100,random,13,4,632,0,20336,0.3852,0.0,true
HiddenCover,16384,100,random,13,5,632,0,20336,0.20570000000000002,0.0,true
HiddenCover,16384,100,random,13,6,632,0,20336,0.1493,0.0,true
HiddenCover,16384,100,random,13,7,632,0,20336,0.1521,0.0,true
HiddenCover,16384,100,random,13,8,632,0,20336,0.15109999999999998,0.0,true
HiddenCover,16384,100,random,13,9,632,0,20336,0.1681,0.0,true
HiddenCover,16384,100,random,13,10,632,0,20336,0.1469,0.0,true
HiddenCover,16384,100,random,13,11,632,0,20336,0.1548,0.0,true
HiddenCover,16384,100,random,13,12,632,0,20336,0.18689999999999998,0.0,true
HiddenCover,16384,100,random,13,13,632,0,20336,0.1802,0.0,true
HiddenCover,16384,100,random,13,14,632,0,20336,0.18689999999999998,0.0,true
HiddenCover,16384,100,random,13,15,632,0,20336,0.153,0.0,true
HiddenCover,16384,100,random,13,16,632,0,20336,0.1382,0.0,true
HiddenCover,16384,100,random,13,17,632,0,20336,0.1435,0.0,true
HiddenCover,16384,100,random,13,18,632,0,20336,0.1447,0.0,true
HiddenCover,16384,100,random,13,19,632,0,20336,0.1379,0.0,true
HiddenCover,16384,100,random,13,20,632,0,20336,0.1379,0.0,true
HiddenCover,16384,100,random,13,21,632,0,20336,0.1372,0.0,true
HiddenCover,16384,100,random,13,22,632,0,20336,0.1373,0.0,true
HiddenCover,16384,100,random,13,23,632,0,20336,0.1412,0.0,true
HiddenCover,16384,100,random,13,24,632,0,20336,0.14479999999999998,0.0,true
HiddenCover,16384,100,random,13,25,632,0,20336,0.1406,0.0,true
HiddenCover,16384,100,random,13,26,632,0,20336,0.13699999999999998,0.0,true
HiddenCover,16384,100,random,13,27,632,0,20336,0.13699999999999998,0.0,true
HiddenCover,16384,100,random,13,28,632,0,20336,0.1374,0.0,true
HiddenCover,16384,100,random,13,29,632,0,20336,0.1369,0.0,true
HiddenCover,16384,100,random,14,0,660,0,21232,0.14579999999999999,0.0,true
HiddenCover,16384,100,random,14,1,660,0,21232,0.14300000000000002,0.0,true
HiddenCover,16384,100,random,14,2,660,0,21232,0.1434,0.0,true
HiddenCover,16384,100,random,14,3,660,0,21232,0.1431,0.0,true
HiddenCover,16384,100,random,14,4,660,0,21232,0.1441,0.0,true
HiddenCover,16384,100,random,14,5,660,0,21232,0.14300000000000002,0.0,true
HiddenCover,16384,100,random,14,6,660,0,21232,0.1422,0.0,true
HiddenCover,16384,100,random,14,7,660,0,21232,0.1437,0.0,true
HiddenCover,16384,100,random,14,8,660,0,21232,0.1427,0.0,true
HiddenCover,16384,100,random,14,9,660,0,21232,0.1429,0.0,true
HiddenCover,16384,100,random,14,10,660,0,21232,0.14329999999999998,0.0,true
HiddenCover,16384,100,random,14,11,660,0,21232,0.14459999999999998,0.0,true
HiddenCover,16384,100,random,14,12,660,0,21232,0.1425,0.0,true
HiddenCover,16384,100,random,14,13,660,0,21232,0.1485,0.0,true
HiddenCover,16384,100,random,14,14,660,0,21232,0.16369999999999998,0.0,true
HiddenCover,16384,100,random,14,15,660,0,21232,0.15860000000000002,0.0,true
HiddenCover,16384,100,random,14,16,660,0,21232,0.1527,0.0,true
HiddenCover,16384,100,random,14,17,660,0,21232,0.1516,0.0,true
HiddenCover,16384,100,random,14,18,660,0,21232,0.1517,0.0,true
HiddenCover,16384,100,random,14,19,660,0,21232,0.1505,0.0,true
HiddenCover,16384,100,random,14,20,660,0,21232,0.1493,0.0,true
HiddenCover,16384,100,random,14,21,660,0,21232,0.1495,0.0,true
HiddenCover,16384,100,random,14,22,660,0,21232,0.15009999999999998,0.0,true
HiddenCover,16384,100,random,14,23,660,0,21232,0.14980000000000002,0.0,true
HiddenCover,16384,100,random,14,24,660,0,21232,0.15009999999999998,0.0,true
HiddenCover,16384,100,random,14,25,660,0,21232,0.149,0.0,true
HiddenCover,16384,100,random,14,26,660,0,21232,0.15,0.0,true
HiddenCover,16384,100,random,14,27,660,0,21232,0.15009999999999998,0.0,true
HiddenCover,16384,100,random,14,28,660,0,21232,0.1494,0.0,true
HiddenCover,16384,100,random,14,29,660,0,21232,0.15,0.0,true
HiddenCover,16384,100,random,15,0,668,0,21488,0.1515,0.0,true
HiddenCover,16384,100,random,15,1,668,0,21488,0.1505,0.0,true
HiddenCover,16384,100,random,15,2,668,0,21488,0.155,0.0,true
HiddenCover,16384,100,random,15,3,668,0,21488,0.1507,0.0,true
HiddenCover,16384,100,random,15,4,668,0,21488,0.1517,0.0,true
HiddenCover,16384,100,random,15,5,668,0,21488,0.15100000000000002,0.0,true
HiddenCover,16384,100,random,15,6,668,0,21488,0.1512,0.0,true
HiddenCover,16384,100,random,15,7,668,0,21488,0.1512,0.0,true
HiddenCover,16384,100,random,15,8,668,0,21488,0.15080000000000002,0.0,true
HiddenCover,16384,100,random,15,9,668,0,21488,0.1507,0.0,true
HiddenCover,16384,100,random,15,10,668,0,21488,0.15080000000000002,0.0,true
HiddenCover,16384,100,random,15,11,668,0,21488,0.1549,0.0,true
HiddenCover,16384,100,random,15,12,668,0,21488,0.1512,0.0,true
HiddenCover,16384,100,random,15,13,668,0,21488,0.1507,0.0,true
HiddenCover,16384,100,random,15,14,668,0,21488,0.1505,0.0,true
HiddenCover,16384,100,random,15,15,668,0,21488,0.1503,0.0,true
HiddenCover,16384,100,random,15,16,668,0,21488,0.1516,0.0,true
HiddenCover,16384,100,random,15,17,668,0,21488,0.1509,0.0,true
HiddenCover,16384,100,random,15,18,668,0,21488,0.15080000000000002,0.0,true
HiddenCover,16384,100,random,15,19,668,0,21488,0.1506,0.0,true
HiddenCover,16384,100,random,15,20,668,0,21488,0.1603,0.0,true
HiddenCover,16384,100,random,15,21,668,0,21488,0.15109999999999998,0.0,true
HiddenCover,16384,100,random,15,22,668,0,21488,0.1535,0.0,true
HiddenCover,16384,100,random,15,23,668,0,21488,0.221,0.0,true
HiddenCover,16384,100,random,15,24,668,0,21488,0.2334,0.0,true
HiddenCover,16384,100,random,15,25,668,0,21488,0.2472,0.0,true
HiddenCover,16384,100,random,15,26,668,0,21488,0.2241,0.0,true
HiddenCover,16384,100,random,15,27,668,0,21488,0.212,0.0,true
HiddenCover,16384,100,random,15,28,668,0,21488,0.1589,0.0,true
HiddenCover,16384,100,random,15,29,668,0,21488,0.15109999999999998,0.0,true
HiddenCover,16384,100,random,16,0,663,0,21328,0.16369999999999998,0.0,true
HiddenCover,16384,100,random,16,1,663,0,21328,0.1509,0.0,true
HiddenCover,16384,100,random,16,2,663,0,21328,0.1502,0.0,true
HiddenCover,16384,100,random,16,3,663,0,21328,0.15789999999999998,0.0,true
HiddenCover,16384,100,random,16,4,663,0,21328,0.1531,0.0,true
HiddenCover,16384,100,random,16,5,663,0,21328,0.1525,0.0,true
HiddenCover,16384,100,random,16,6,663,0,21328,0.1585,0.0,true
HiddenCover,16384,100,random,16,7,663,0,21328,0.1554,0.0,true
HiddenCover,16384,100,random,16,8,663,0,21328,0.15330000000000002,0.0,true
HiddenCover,16384,100,random,16,9,663,0,21328,0.1554,0.0,true
HiddenCover,16384,100,random,16,10,663,0,21328,0.1504,0.0,true
HiddenCover,16384,100,random,16,11,663,0,21328,0.1499,0.0,true
HiddenCover,16384,100,random,16,12,663,0,21328,0.1496,0.0,true
HiddenCover,16384,100,random,16,13,663,0,21328,0.1503,0.0,true
HiddenCover,16384,100,random,16,14,663,0,21328,0.1504,0.0,true
HiddenCover,16384,100,random,16,15,663,0,21328,0.1496,0.0,true
HiddenCover,16384,100,random,16,16,663,0,21328,0.1537,0.0,true
HiddenCover,16384,100,random,16,17,663,0,21328,0.1505,0.0,true
HiddenCover,16384,100,random,16,18,663,0,21328,0.1495,0.0,true
HiddenCover,16384,100,random,16,19,663,0,21328,0.1486,0.0,true
HiddenCover,16384,100,random,16,20,663,0,21328,0.1494,0.0,true
HiddenCover,16384,100,random,16,21,663,0,21328,0.15,0.0,true
HiddenCover,16384,100,random,16,22,663,0,21328,0.1487,0.0,true
HiddenCover,16384,100,random,16,23,663,0,21328,0.1492,0.0,true
HiddenCover,16384,100,random,16,24,663,0,21328,0.1492,0.0,true
HiddenCover,16384,100,random,16,25,663,0,21328,0.149,0.0,true
HiddenCover,16384,100,random,16,26,663,0,21328,0.1494,0.0,true
HiddenCover,16384,100,random,16,27,663,0,21328,0.149,0.0,true
HiddenCover,16384,100,random,16,28,663,0,21328,0.1495,0.0,true
HiddenCover,16384,100,random,16,29,663,0,21328,0.1494,0.0,true
HiddenCover,16384,100,random,17,0,652,0,20976,0.1479,0.0,true
HiddenCover,16384,100,random,17,1,652,0,20976,0.1483,0.0,true
HiddenCover,16384,100,random,17,2,652,0,20976,0.14880000000000002,0.0,true
HiddenCover,16384,100,random,17,3,652,0,20976,0.1484,0.0,true
HiddenCover,16384,100,random,17,4,652,0,20976,0.14909999999999998,0.0,true
HiddenCover,16384,100,random,17,5,652,0,20976,0.14880000000000002,0.0,true
HiddenCover,16384,100,random,17,6,652,0,20976,0.1482,0.0,true
HiddenCover,16384,100,random,17,7,652,0,20976,0.1483,0.0,true
HiddenCover,16384,100,random,17,8,652,0,20976,0.1479,0.0,true
HiddenCover,16384,100,random,17,9,652,0,20976,0.148,0.0,true
HiddenCover,16384,100,random,17,10,652,0,20976,0.14880000000000002,0.0,true
HiddenCover,16384,100,random,17,11,652,0,20976,0.1483,0.0,true
HiddenCover,16384,100,random,17,12,652,0,20976,0.1478,0.0,true
HiddenCover,16384,100,random,17,13,652,0,20976,0.14770000000000003,0.0,true
HiddenCover,16384,100,random,17,14,652,0,20976,0.14750000000000002,0.0,true
HiddenCover,16384,100,random,17,15,652,0,20976,0.1487,0.0,true
HiddenCover,16384,100,random,17,16,652,0,20976,0.1474,0.0,true
HiddenCover,16384,100,random,17,17,652,0,20976,0.1484,0.0,true
HiddenCover,16384,100,random,17,18,652,0,20976,0.1747,0.0,true
HiddenCover,16384,100,random,17,19,652,0,20976,0.1777,0.0,true
HiddenCover,16384,100,random,17,20,652,0,20976,0.1574,0.0,true
HiddenCover,16384,100,random,17,21,652,0,20976,0.1572,0.0,true
HiddenCover,16384,100,random,17,22,652,0,20976,0.15860000000000002,0.0,true
HiddenCover,16384,100,random,17,23,652,0,20976,0.1561,0.0,true
HiddenCover,16384,100,random,17,24,652,0,20976,0.1554,0.0,true
HiddenCover,16384,100,random,17,25,652,0,20976,0.1634,0.0,true
HiddenCover,16384,100,random,17,26,652,0,20976,0.15009999999999998,0.0,true
HiddenCover,16384,100,random,17,27,652,0,20976,0.1485,0.0,true
HiddenCover,16384,100,random,17,28,652,0,20976,0.1603,0.0,true
HiddenCover,16384,100,random,17,29,652,0,20976,0.1525,0.0,true
HiddenCover,16384,100,random,18,0,654,0,21040,0.1493,0.0,true
HiddenCover,16384,100,random,18,1,654,0,21040,0.1476,0.0,true
HiddenCover,16384,100,random,18,2,654,0,21040,0.1487,0.0,true
HiddenCover,16384,100,random,18,3,654,0,21040,0.14909999999999998,0.0,true
HiddenCover,16384,100,random,18,4,654,0,21040,0.1538,0.0,true
HiddenCover,16384,100,random,18,5,654,0,21040,0.1519,0.0,true
HiddenCover,16384,100,random,18,6,654,0,21040,0.1535,0.0,true
HiddenCover,16384,100,random,18,7,654,0,21040,0.1474,0.0,true
HiddenCover,16384,100,random,18,8,654,0,21040,0.1554,0.0,true
HiddenCover,16384,100,random,18,9,654,0,21040,0.1495,0.0,true
HiddenCover,16384,100,random,18,10,654,0,21040,0.14809999999999998,0.0,true
HiddenCover,16384,100,random,18,11,654,0,21040,0.14880000000000002,0.0,true
HiddenCover,16384,100,random,18,12,654,0,21040,0.1496,0.0,true
HiddenCover,16384,100,random,18,13,654,0,21040,0.1485,0.0,true
HiddenCover,16384,100,random,18,14,654,0,21040,0.2161,0.0,true
HiddenCover,16384,100,random,18,15,654,0,21040,0.2292,0.0,true
HiddenCover,16384,100,random,18,16,654,0,21040,0.2612,0.0,true
HiddenCover,16384,100,random,18,17,654,0,21040,0.29569999999999996,0.0,true
HiddenCover,16384,100,random,18,18,654,0,21040,0.2218,0.0,true
HiddenCover,16384,100,random,18,19,654,0,21040,0.2284,0.0,true
HiddenCover,16384,100,random,18,20,654,0,21040,0.2218,0.0,true
HiddenCover,16384,100,random,18,21,654,0,21040,0.23049999999999998,0.0,true
HiddenCover,16384,100,random,18,22,654,0,21040,0.2239,0.0,true
HiddenCover,16384,100,random,18,23,654,0,21040,0.2337,0.0,true
HiddenCover,16384,100,random,18,24,654,0,21040,0.2197,0.0,true
HiddenCover,16384,100,random,18,25,654,0,21040,0.15569999999999998,0.0,true
HiddenCover,16384,100,random,18,26,654,0,21040,0.15239999999999998,0.0,true
HiddenCover,16384,100,random,18,27,654,0,21040,0.1529,0.0,true
HiddenCover,16384,100,random,18,28,654,0,21040,0.1568,0.0,true
HiddenCover,16384,100,random,18,29,654,0,21040,0.15660000000000002,0.0,true
HiddenCover,16384,100,random,19,0,629,0,20240,0.1449,0.0,true
HiddenCover,16384,100,random,19,1,629,0,20240,0.1535,0.0,true
HiddenCover,16384,100,random,19,2,629,0,20240,0.149,0.0,true
HiddenCover,16384,100,random,19,3,629,0,20240,0.1484,0.0,true
HiddenCover,16384,100,random,19,4,629,0,20240,0.1441,0.0,true
HiddenCover,16384,100,random,19,5,629,0,20240,0.147,0.0,true
HiddenCover,16384,100,random,19,6,629,0,20240,0.145,0.0,true
HiddenCover,16384,100,random,19,7,629,0,20240,0.1716,0.0,true
HiddenCover,16384,100,random,19,8,629,0,20240,0.1452,0.0,true
HiddenCover,16384,100,random,19,9,629,0,20240,0.1443,0.0,true
HiddenCover,16384,100,random,19,10,629,0,20240,0.14320000000000002,0.0,true
HiddenCover,16384,100,random,19,11,629,0,20240,0.1547,0.0,true
HiddenCover,16384,100,random,19,12,629,0,20240,0.1437,0.0,true
HiddenCover,16384,100,random,19,13,629,0,20240,0.1519,0.0,true
HiddenCover,16384,100,random,19,14,629,0,20240,0.1471,0.0,true
HiddenCover,16384,100,random,19,15,629,0,20240,0.148,0.0,true
HiddenCover,16384,100,random,19,16,629,0,20240,0.15109999999999998,0.0,true
HiddenCover,16384,100,random,19,17,629,0,20240,0.1461,0.0,true
HiddenCover,16384,100,random,19,18,629,0,20240,0.1438,0.0,true
HiddenCover,16384,100,random,19,19,629,0,20240,0.154,0.0,true
HiddenCover,16384,100,random,19,20,629,0,20240,0.14750000000000002,0.0,true
HiddenCover,16384,100,random,19,21,629,0,20240,0.1478,0.0,true
HiddenCover,16384,100,random,19,22,629,0,20240,0.1436,0.0,true
HiddenCover,16384,100,random,19,23,629,0,20240,0.1431,0.0,true
HiddenCover,16384,100,random,19,24,629,0,20240,0.14300000000000002,0.0,true
HiddenCover,16384,100,random,19,25,629,0,20240,0.1476,0.0,true
HiddenCover,16384,100,random,19,26,629,0,20240,0.1523,0.0,true
HiddenCover,16384,100,random,19,27,629,0,20240,0.1486,0.0,true
HiddenCover,16384,100,random,19,28,629,0,20240,0.1467,0.0,true
HiddenCover,16384,100,random,19,29,629,0,20240,0.1429,0.0,true
HiddenCover,16384,100,dispersed,0,0,728,0,23408,0.163,0.0,true
HiddenCover,16384,100,dispersed,0,1,728,0,23408,0.1916,0.0,true
HiddenCover,16384,100,dispersed,0,2,728,0,23408,0.1674,0.0,true
HiddenCover,16384,100,dispersed,0,3,728,0,23408,0.1636,0.0,true
HiddenCover,16384,100,dispersed,0,4,728,0,23408,0.1653,0.0,true
HiddenCover,16384,100,dispersed,0,5,728,0,23408,0.1653,0.0,true
HiddenCover,16384,100,dispersed,0,6,728,0,23408,0.1684,0.0,true
HiddenCover,16384,100,dispersed,0,7,728,0,23408,0.1656,0.0,true
HiddenCover,16384,100,dispersed,0,8,728,0,23408,0.16469999999999999,0.0,true
HiddenCover,16384,100,dispersed,0,9,728,0,23408,0.1653,0.0,true
HiddenCover,16384,100,dispersed,0,10,728,0,23408,0.16540000000000002,0.0,true
HiddenCover,16384,100,dispersed,0,11,728,0,23408,0.16870000000000002,0.0,true
HiddenCover,16384,100,dispersed,0,12,728,0,23408,0.16540000000000002,0.0,true
HiddenCover,16384,100,dispersed,0,13,728,0,23408,0.1663,0.0,true
HiddenCover,16384,100,dispersed,0,14,728,0,23408,0.1656,0.0,true
HiddenCover,16384,100,dispersed,0,15,728,0,23408,0.1616,0.0,true
HiddenCover,16384,100,dispersed,0,16,728,0,23408,0.1685,0.0,true
HiddenCover,16384,100,dispersed,0,17,728,0,23408,0.1702,0.0,true
HiddenCover,16384,100,dispersed,0,18,728,0,23408,0.1688,0.0,true
HiddenCover,16384,100,dispersed,0,19,728,0,23408,0.1771,0.0,true
HiddenCover,16384,100,dispersed,0,20,728,0,23408,0.16620000000000001,0.0,true
HiddenCover,16384,100,dispersed,0,21,728,0,23408,0.1625,0.0,true
HiddenCover,16384,100,dispersed,0,22,728,0,23408,0.1649,0.0,true
HiddenCover,16384,100,dispersed,0,23,728,0,23408,0.16210000000000002,0.0,true
HiddenCover,16384,100,dispersed,0,24,728,0,23408,0.1639,0.0,true
HiddenCover,16384,100,dispersed,0,25,728,0,23408,0.1684,0.0,true
HiddenCover,16384,100,dispersed,0,26,728,0,23408,0.1604,0.0,true
HiddenCover,16384,100,dispersed,0,27,728,0,23408,0.16119999999999998,0.0,true
HiddenCover,16384,100,dispersed,0,28,728,0,23408,0.1711,0.0,true
HiddenCover,16384,100,dispersed,0,29,728,0,23408,0.1614,0.0,true
HiddenCover,16384,100,dispersed,1,0,728,0,23408,0.25329999999999997,0.0,true
HiddenCover,16384,100,dispersed,1,1,728,0,23408,0.34059999999999996,0.0,true
HiddenCover,16384,100,dispersed,1,2,728,0,23408,0.2584,0.0,true
HiddenCover,16384,100,dispersed,1,3,728,0,23408,0.1718,0.0,true
HiddenCover,16384,100,dispersed,1,4,728,0,23408,0.1792,0.0,true
HiddenCover,16384,100,dispersed,1,5,728,0,23408,0.16970000000000002,0.0,true
HiddenCover,16384,100,dispersed,1,6,728,0,23408,0.191,0.0,true
HiddenCover,16384,100,dispersed,1,7,728,0,23408,0.18359999999999999,0.0,true
HiddenCover,16384,100,dispersed,1,8,728,0,23408,0.1792,0.0,true
HiddenCover,16384,100,dispersed,1,9,728,0,23408,0.1749,0.0,true
HiddenCover,16384,100,dispersed,1,10,728,0,23408,0.18080000000000002,0.0,true
HiddenCover,16384,100,dispersed,1,11,728,0,23408,0.1773,0.0,true
HiddenCover,16384,100,dispersed,1,12,728,0,23408,0.1733,0.0,true
HiddenCover,16384,100,dispersed,1,13,728,0,23408,0.16190000000000002,0.0,true
HiddenCover,16384,100,dispersed,1,14,728,0,23408,0.1653,0.0,true
HiddenCover,16384,100,dispersed,1,15,728,0,23408,0.1739,0.0,true
HiddenCover,16384,100,dispersed,1,16,728,0,23408,0.1655,0.0,true
HiddenCover,16384,100,dispersed,1,17,728,0,23408,0.16210000000000002,0.0,true
HiddenCover,16384,100,dispersed,1,18,728,0,23408,0.162,0.0,true
HiddenCover,16384,100,dispersed,1,19,728,0,23408,0.1964,0.0,true
HiddenCover,16384,100,dispersed,1,20,728,0,23408,0.16670000000000001,0.0,true
HiddenCover,16384,100,dispersed,1,21,728,0,23408,0.1617,0.0,true
HiddenCover,16384,100,dispersed,1,22,728,0,23408,0.1626,0.0,true
HiddenCover,16384,100,dispersed,1,23,728,0,23408,0.159,0.0,true
HiddenCover,16384,100,dispersed,1,24,728,0,23408,0.16699999999999998,0.0,true
HiddenCover,16384,100,dispersed,1,25,728,0,23408,0.1676,0.0,true
HiddenCover,16384,100,dispersed,1,26,728,0,23408,0.18330000000000002,0.0,true
HiddenCover,16384,100,dispersed,1,27,728,0,23408,0.1666,0.0,true
HiddenCover,16384,100,dispersed,1,28,728,0,23408,0.16090000000000002,0.0,true
HiddenCover,16384,100,dispersed,1,29,728,0,23408,0.1639,0.0,true
HiddenCover,16384,100,dispersed,2,0,728,0,23408,0.159,0.0,true
HiddenCover,16384,100,dispersed,2,1,728,0,23408,0.1594,0.0,true
HiddenCover,16384,100,dispersed,2,2,728,0,23408,0.1582,0.0,true
HiddenCover,16384,100,dispersed,2,3,728,0,23408,0.1617,0.0,true
HiddenCover,16384,100,dispersed,2,4,728,0,23408,0.16799999999999998,0.0,true
HiddenCover,16384,100,dispersed,2,5,728,0,23408,0.1618,0.0,true
HiddenCover,16384,100,dispersed,2,6,728,0,23408,0.16469999999999999,0.0,true
HiddenCover,16384,100,dispersed,2,7,728,0,23408,0.16210000000000002,0.0,true
HiddenCover,16384,100,dispersed,2,8,728,0,23408,0.164,0.0,true
HiddenCover,16384,100,dispersed,2,9,728,0,23408,0.162,0.0,true
HiddenCover,16384,100,dispersed,2,10,728,0,23408,0.1614,0.0,true
HiddenCover,16384,100,dispersed,2,11,728,0,23408,0.16190000000000002,0.0,true
HiddenCover,16384,100,dispersed,2,12,728,0,23408,0.1636,0.0,true
HiddenCover,16384,100,dispersed,2,13,728,0,23408,0.15860000000000002,0.0,true
HiddenCover,16384,100,dispersed,2,14,728,0,23408,0.1653,0.0,true
HiddenCover,16384,100,dispersed,2,15,728,0,23408,0.16190000000000002,0.0,true
HiddenCover,16384,100,dispersed,2,16,728,0,23408,0.16210000000000002,0.0,true
HiddenCover,16384,100,dispersed,2,17,728,0,23408,0.27799999999999997,0.0,true
HiddenCover,16384,100,dispersed,2,18,728,0,23408,0.2672,0.0,true
HiddenCover,16384,100,dispersed,2,19,728,0,23408,0.2195,0.0,true
HiddenCover,16384,100,dispersed,2,20,728,0,23408,0.2202,0.0,true
HiddenCover,16384,100,dispersed,2,21,728,0,23408,0.2239,0.0,true
HiddenCover,16384,100,dispersed,2,22,728,0,23408,0.2379,0.0,true
HiddenCover,16384,100,dispersed,2,23,728,0,23408,0.2171,0.0,true
HiddenCover,16384,100,dispersed,2,24,728,0,23408,0.22910000000000003,0.0,true
HiddenCover,16384,100,dispersed,2,25,728,0,23408,0.2218,0.0,true
HiddenCover,16384,100,dispersed,2,26,728,0,23408,0.22719999999999999,0.0,true
HiddenCover,16384,100,dispersed,2,27,728,0,23408,0.237,0.0,true
HiddenCover,16384,100,dispersed,2,28,728,0,23408,0.2172,0.0,true
HiddenCover,16384,100,dispersed,2,29,728,0,23408,0.21939999999999998,0.0,true
HiddenCover,16384,100,dispersed,3,0,728,0,23408,0.2238,0.0,true
HiddenCover,16384,100,dispersed,3,1,728,0,23408,0.2263,0.0,true
HiddenCover,16384,100,dispersed,3,2,728,0,23408,0.2417,0.0,true
HiddenCover,16384,100,dispersed,3,3,728,0,23408,0.22010000000000002,0.0,true
HiddenCover,16384,100,dispersed,3,4,728,0,23408,0.22340000000000002,0.0,true
HiddenCover,16384,100,dispersed,3,5,728,0,23408,0.22440000000000002,0.0,true
HiddenCover,16384,100,dispersed,3,6,728,0,23408,0.2208,0.0,true
HiddenCover,16384,100,dispersed,3,7,728,0,23408,0.2112,0.0,true
HiddenCover,16384,100,dispersed,3,8,728,0,23408,0.2667,0.0,true
HiddenCover,16384,100,dispersed,3,9,728,0,23408,0.2977,0.0,true
HiddenCover,16384,100,dispersed,3,10,728,0,23408,0.294,0.0,true
HiddenCover,16384,100,dispersed,3,11,728,0,23408,0.23929999999999998,0.0,true
HiddenCover,16384,100,dispersed,3,12,728,0,23408,0.1674,0.0,true
HiddenCover,16384,100,dispersed,3,13,728,0,23408,0.1701,0.0,true
HiddenCover,16384,100,dispersed,3,14,728,0,23408,0.1665,0.0,true
HiddenCover,16384,100,dispersed,3,15,728,0,23408,0.1658,0.0,true
HiddenCover,16384,100,dispersed,3,16,728,0,23408,0.18000000000000002,0.0,true
HiddenCover,16384,100,dispersed,3,17,728,0,23408,0.188,0.0,true
HiddenCover,16384,100,dispersed,3,18,728,0,23408,0.1924,0.0,true
HiddenCover,16384,100,dispersed,3,19,728,0,23408,0.1971,0.0,true
HiddenCover,16384,100,dispersed,3,20,728,0,23408,0.1691,0.0,true
HiddenCover,16384,100,dispersed,3,21,728,0,23408,0.1835,0.0,true
HiddenCover,16384,100,dispersed,3,22,728,0,23408,0.1736,0.0,true
HiddenCover,16384,100,dispersed,3,23,728,0,23408,0.17880000000000001,0.0,true
HiddenCover,16384,100,dispersed,3,24,728,0,23408,0.17459999999999998,0.0,true
HiddenCover,16384,100,dispersed,3,25,728,0,23408,0.1682,0.0,true
HiddenCover,16384,100,dispersed,3,26,728,0,23408,0.1604,0.0,true
HiddenCover,16384,100,dispersed,3,27,728,0,23408,0.16,0.0,true
HiddenCover,16384,100,dispersed,3,28,728,0,23408,0.1593,0.0,true
HiddenCover,16384,100,dispersed,3,29,728,0,23408,0.1671,0.0,true
HiddenCover,16384,100,dispersed,4,0,728,0,23408,0.15919999999999998,0.0,true
HiddenCover,16384,100,dispersed,4,1,728,0,23408,0.1623,0.0,true
HiddenCover,16384,100,dispersed,4,2,728,0,23408,0.16090000000000002,0.0,true
HiddenCover,16384,100,dispersed,4,3,728,0,23408,0.1707,0.0,true
HiddenCover,16384,100,dispersed,4,4,728,0,23408,0.162,0.0,true
HiddenCover,16384,100,dispersed,4,5,728,0,23408,0.1673,0.0,true
HiddenCover,16384,100,dispersed,4,6,728,0,23408,0.1581,0.0,true
HiddenCover,16384,100,dispersed,4,7,728,0,23408,0.15880000000000002,0.0,true
HiddenCover,16384,100,dispersed,4,8,728,0,23408,0.1631,0.0,true
HiddenCover,16384,100,dispersed,4,9,728,0,23408,0.175,0.0,true
HiddenCover,16384,100,dispersed,4,10,728,0,23408,0.1652,0.0,true
HiddenCover,16384,100,dispersed,4,11,728,0,23408,0.1679,0.0,true
HiddenCover,16384,100,dispersed,4,12,728,0,23408,0.1628,0.0,true
HiddenCover,16384,100,dispersed,4,13,728,0,23408,0.16540000000000002,0.0,true
HiddenCover,16384,100,dispersed,4,14,728,0,23408,0.1659,0.0,true
HiddenCover,16384,100,dispersed,4,15,728,0,23408,0.1657,0.0,true
HiddenCover,16384,100,dispersed,4,16,728,0,23408,0.1656,0.0,true
HiddenCover,16384,100,dispersed,4,17,728,0,23408,0.16970000000000002,0.0,true
HiddenCover,16384,100,dispersed,4,18,728,0,23408,0.1622,0.0,true
HiddenCover,16384,100,dispersed,4,19,728,0,23408,0.1622,0.0,true
HiddenCover,16384,100,dispersed,4,20,728,0,23408,0.1584,0.0,true
HiddenCover,16384,100,dispersed,4,21,728,0,23408,0.2288,0.0,true
HiddenCover,16384,100,dispersed,4,22,728,0,23408,0.1594,0.0,true
HiddenCover,16384,100,dispersed,4,23,728,0,23408,0.1587,0.0,true
HiddenCover,16384,100,dispersed,4,24,728,0,23408,0.158,0.0,true
HiddenCover,16384,100,dispersed,4,25,728,0,23408,0.1716,0.0,true
HiddenCover,16384,100,dispersed,4,26,728,0,23408,0.1627,0.0,true
HiddenCover,16384,100,dispersed,4,27,728,0,23408,0.1751,0.0,true
HiddenCover,16384,100,dispersed,4,28,728,0,23408,0.1766,0.0,true
HiddenCover,16384,100,dispersed,4,29,728,0,23408,0.15919999999999998,0.0,true
HiddenCover,16384,100,dispersed,5,0,728,0,23408,0.2396,0.0,true
HiddenCover,16384,100,dispersed,5,1,728,0,23408,0.2455,0.0,true
HiddenCover,16384,100,dispersed,5,2,728,0,23408,0.21489999999999998,0.0,true
HiddenCover,16384,100,dispersed,5,3,728,0,23408,0.1639,0.0,true
HiddenCover,16384,100,dispersed,5,4,728,0,23408,0.158,0.0,true
HiddenCover,16384,100,dispersed,5,5,728,0,23408,0.1593,0.0,true
HiddenCover,16384,100,dispersed,5,6,728,0,23408,0.1639,0.0,true
HiddenCover,16384,100,dispersed,5,7,728,0,23408,0.1625,0.0,true
HiddenCover,16384,100,dispersed,5,8,728,0,23408,0.1707,0.0,true
HiddenCover,16384,100,dispersed,5,9,728,0,23408,0.1623,0.0,true
HiddenCover,16384,100,dispersed,5,10,728,0,23408,0.15990000000000001,0.0,true
HiddenCover,16384,100,dispersed,5,11,728,0,23408,0.1631,0.0,true
HiddenCover,16384,100,dispersed,5,12,728,0,23408,0.1658,0.0,true
HiddenCover,16384,100,dispersed,5,13,728,0,23408,0.1583,0.0,true
HiddenCover,16384,100,dispersed,5,14,728,0,23408,0.1626,0.0,true
HiddenCover,16384,100,dispersed,5,15,728,0,23408,0.17300000000000001,0.0,true
HiddenCover,16384,100,dispersed,5,16,728,0,23408,0.1739,0.0,true
HiddenCover,16384,100,dispersed,5,17,728,0,23408,0.1646,0.0,true
HiddenCover,16384,100,dispersed,5,18,728,0,23408,0.1676,0.0,true
HiddenCover,16384,100,dispersed,5,19,728,0,23408,0.1607,0.0,true
HiddenCover,16384,100,dispersed,5,20,728,0,23408,0.171,0.0,true
HiddenCover,16384,100,dispersed,5,21,728,0,23408,0.1591,0.0,true
HiddenCover,16384,100,dispersed,5,22,728,0,23408,0.2654,0.0,true
HiddenCover,16384,100,dispersed,5,23,728,0,23408,0.25720000000000004,0.0,true
HiddenCover,16384,100,dispersed,5,24,728,0,23408,0.4203,0.0,true
HiddenCover,16384,100,dispersed,5,25,728,0,23408,0.27280000000000004,0.0,true
HiddenCover,16384,100,dispersed,5,26,728,0,23408,0.21359999999999998,0.0,true
HiddenCover,16384,100,dispersed,5,27,728,0,23408,0.2171,0.0,true
HiddenCover,16384,100,dispersed,5,28,728,0,23408,0.2248,0.0,true
HiddenCover,16384,100,dispersed,5,29,728,0,23408,0.2206,0.0,true
HiddenCover,16384,100,dispersed,6,0,728,0,23408,0.21800000000000003,0.0,true
HiddenCover,16384,100,dispersed,6,1,728,0,23408,0.21359999999999998,0.0,true
HiddenCover,16384,100,dispersed,6,2,728,0,23408,0.224,0.0,true
HiddenCover,16384,100,dispersed,6,3,728,0,23408,0.21259999999999998,0.0,true
HiddenCover,16384,100,dispersed,6,4,728,0,23408,0.2102,0.0,true
HiddenCover,16384,100,dispersed,6,5,728,0,23408,0.21139999999999998,0.0,true
HiddenCover,16384,100,dispersed,6,6,728,0,23408,0.21760000000000002,0.0,true
HiddenCover,16384,100,dispersed,6,7,728,0,23408,0.2145,0.0,true
HiddenCover,16384,100,dispersed,6,8,728,0,23408,0.2122,0.0,true
HiddenCover,16384,100,dispersed,6,9,728,0,23408,0.2156,0.0,true
HiddenCover,16384,100,dispersed,6,10,728,0,23408,0.2145,0.0,true
HiddenCover,16384,100,dispersed,6,11,728,0,23408,0.2115,0.0,true
HiddenCover,16384,100,dispersed,6,12,728,0,23408,0.2228,0.0,true
HiddenCover,16384,100,dispersed,6,13,728,0,23408,0.2297,0.0,true
HiddenCover,16384,100,dispersed,6,14,728,0,23408,0.22249999999999998,0.0,true
HiddenCover,16384,100,dispersed,6,15,728,0,23408,0.21839999999999998,0.0,true
HiddenCover,16384,100,dispersed,6,16,728,0,23408,0.2188,0.0,true
HiddenCover,16384,100,dispersed,6,17,728,0,23408,0.2231,0.0,true
HiddenCover,16384,100,dispersed,6,18,728,0,23408,0.2218,0.0,true
HiddenCover,16384,100,dispersed,6,19,728,0,23408,0.2203,0.0,true
HiddenCover,16384,100,dispersed,6,20,728,0,23408,0.2236,0.0,true
HiddenCover,16384,100,dispersed,6,21,728,0,23408,0.22139999999999999,0.0,true
HiddenCover,16384,100,dispersed,6,22,728,0,23408,0.2389,0.0,true
HiddenCover,16384,100,dispersed,6,23,728,0,23408,0.2203,0.0,true
HiddenCover,16384,100,dispersed,6,24,728,0,23408,0.165,0.0,true
HiddenCover,16384,100,dispersed,6,25,728,0,23408,0.1625,0.0,true
HiddenCover,16384,100,dispersed,6,26,728,0,23408,0.1641,0.0,true
HiddenCover,16384,100,dispersed,6,27,728,0,23408,0.1669,0.0,true
HiddenCover,16384,100,dispersed,6,28,728,0,23408,0.1747,0.0,true
HiddenCover,16384,100,dispersed,6,29,728,0,23408,0.1595,0.0,true
HiddenCover,16384,100,dispersed,7,0,728,0,23408,0.1585,0.0,true
HiddenCover,16384,100,dispersed,7,1,728,0,23408,0.1583,0.0,true
HiddenCover,16384,100,dispersed,7,2,728,0,23408,0.16210000000000002,0.0,true
HiddenCover,16384,100,dispersed,7,3,728,0,23408,0.16090000000000002,0.0,true
HiddenCover,16384,100,dispersed,7,4,728,0,23408,0.1595,0.0,true
HiddenCover,16384,100,dispersed,7,5,728,0,23408,0.15760000000000002,0.0,true
HiddenCover,16384,100,dispersed,7,6,728,0,23408,0.15860000000000002,0.0,true
HiddenCover,16384,100,dispersed,7,7,728,0,23408,0.1583,0.0,true
HiddenCover,16384,100,dispersed,7,8,728,0,23408,0.1577,0.0,true
HiddenCover,16384,100,dispersed,7,9,728,0,23408,0.1585,0.0,true
HiddenCover,16384,100,dispersed,7,10,728,0,23408,0.16019999999999998,0.0,true
HiddenCover,16384,100,dispersed,7,11,728,0,23408,0.1584,0.0,true
HiddenCover,16384,100,dispersed,7,12,728,0,23408,0.1596,0.0,true
HiddenCover,16384,100,dispersed,7,13,728,0,23408,0.15789999999999998,0.0,true
HiddenCover,16384,100,dispersed,7,14,728,0,23408,0.1578,0.0,true
HiddenCover,16384,100,dispersed,7,15,728,0,23408,0.1581,0.0,true
HiddenCover,16384,100,dispersed,7,16,728,0,23408,0.1578,0.0,true
HiddenCover,16384,100,dispersed,7,17,728,0,23408,0.1572,0.0,true
HiddenCover,16384,100,dispersed,7,18,728,0,23408,0.158,0.0,true
HiddenCover,16384,100,dispersed,7,19,728,0,23408,0.15789999999999998,0.0,true
HiddenCover,16384,100,dispersed,7,20,728,0,23408,0.16090000000000002,0.0,true
HiddenCover,16384,100,dispersed,7,21,728,0,23408,0.1585,0.0,true
HiddenCover,16384,100,dispersed,7,22,728,0,23408,0.15880000000000002,0.0,true
HiddenCover,16384,100,dispersed,7,23,728,0,23408,0.159,0.0,true
HiddenCover,16384,100,dispersed,7,24,728,0,23408,0.1578,0.0,true
HiddenCover,16384,100,dispersed,7,25,728,0,23408,0.1587,0.0,true
HiddenCover,16384,100,dispersed,7,26,728,0,23408,0.1585,0.0,true
HiddenCover,16384,100,dispersed,7,27,728,0,23408,0.15860000000000002,0.0,true
HiddenCover,16384,100,dispersed,7,28,728,0,23408,0.158,0.0,true
HiddenCover,16384,100,dispersed,7,29,728,0,23408,0.1581,0.0,true
HiddenCover,16384,100,dispersed,8,0,728,0,23408,0.2422,0.0,true
HiddenCover,16384,100,dispersed,8,1,728,0,23408,0.2478,0.0,true
HiddenCover,16384,100,dispersed,8,2,728,0,23408,0.2235,0.0,true
HiddenCover,16384,100,dispersed,8,3,728,0,23408,0.2193,0.0,true
HiddenCover,16384,100,dispersed,8,4,728,0,23408,0.2112,0.0,true
HiddenCover,16384,100,dispersed,8,5,728,0,23408,0.16890000000000002,0.0,true
HiddenCover,16384,100,dispersed,8,6,728,0,23408,0.1743,0.0,true
HiddenCover,16384,100,dispersed,8,7,728,0,23408,0.1708,0.0,true
HiddenCover,16384,100,dispersed,8,8,728,0,23408,0.1631,0.0,true
HiddenCover,16384,100,dispersed,8,9,728,0,23408,0.1624,0.0,true
HiddenCover,16384,100,dispersed,8,10,728,0,23408,0.16190000000000002,0.0,true
HiddenCover,16384,100,dispersed,8,11,728,0,23408,0.1631,0.0,true
HiddenCover,16384,100,dispersed,8,12,728,0,23408,0.1618,0.0,true
HiddenCover,16384,100,dispersed,8,13,728,0,23408,0.1661,0.0,true
HiddenCover,16384,100,dispersed,8,14,728,0,23408,0.16090000000000002,0.0,true
HiddenCover,16384,100,dispersed,8,15,728,0,23408,0.1616,0.0,true
HiddenCover,16384,100,dispersed,8,16,728,0,23408,0.16190000000000002,0.0,true
HiddenCover,16384,100,dispersed,8,17,728,0,23408,0.1618,0.0,true
HiddenCover,16384,100,dispersed,8,18,728,0,23408,0.16540000000000002,0.0,true
HiddenCover,16384,100,dispersed,8,19,728,0,23408,0.16349999999999998,0.0,true
HiddenCover,16384,100,dispersed,8,20,728,0,23408,0.16119999999999998,0.0,true
HiddenCover,16384,100,dispersed,8,21,728,0,23408,0.1623,0.0,true
HiddenCover,16384,100,dispersed,8,22,728,0,23408,0.163,0.0,true
HiddenCover,16384,100,dispersed,8,23,728,0,23408,0.1657,0.0,true
HiddenCover,16384,100,dispersed,8,24,728,0,23408,0.17300000000000001,0.0,true
HiddenCover,16384,100,dispersed,8,25,728,0,23408,0.166,0.0,true
HiddenCover,16384,100,dispersed,8,26,728,0,23408,0.1628,0.0,true
HiddenCover,16384,100,dispersed,8,27,728,0,23408,0.1627,0.0,true
HiddenCover,16384,100,dispersed,8,28,728,0,23408,0.1632,0.0,true
HiddenCover,16384,100,dispersed,8,29,728,0,23408,0.1628,0.0,true
HiddenCover,16384,100,dispersed,9,0,728,0,23408,0.1669,0.0,true
HiddenCover,16384,100,dispersed,9,1,728,0,23408,0.1636,0.0,true
HiddenCover,16384,100,dispersed,9,2,728,0,23408,0.1628,0.0,true
HiddenCover,16384,100,dispersed,9,3,728,0,23408,0.16190000000000002,0.0,true
HiddenCover,16384,100,dispersed,9,4,728,0,23408,0.1616,0.0,true
HiddenCover,16384,100,dispersed,9,5,728,0,23408,0.1618,0.0,true
HiddenCover,16384,100,dispersed,9,6,728,0,23408,0.1651,0.0,true
HiddenCover,16384,100,dispersed,9,7,728,0,23408,0.1624,0.0,true
HiddenCover,16384,100,dispersed,9,8,728,0,23408,0.16110000000000002,0.0,true
HiddenCover,16384,100,dispersed,9,9,728,0,23408,0.16469999999999999,0.0,true
HiddenCover,16384,100,dispersed,9,10,728,0,23408,0.1607,0.0,true
HiddenCover,16384,100,dispersed,9,11,728,0,23408,0.1617,0.0,true
HiddenCover,16384,100,dispersed,9,12,728,0,23408,0.1627,0.0,true
HiddenCover,16384,100,dispersed,9,13,728,0,23408,0.1629,0.0,true
HiddenCover,16384,100,dispersed,9,14,728,0,23408,0.1614,0.0,true
HiddenCover,16384,100,dispersed,9,15,728,0,23408,0.1625,0.0,true
HiddenCover,16384,100,dispersed,9,16,728,0,23408,0.1613,0.0,true
HiddenCover,16384,100,dispersed,9,17,728,0,23408,0.1627,0.0,true
HiddenCover,16384,100,dispersed,9,18,728,0,23408,0.1625,0.0,true
HiddenCover,16384,100,dispersed,9,19,728,0,23408,0.1629,0.0,true
HiddenCover,16384,100,dispersed,9,20,728,0,23408,0.163,0.0,true
HiddenCover,16384,100,dispersed,9,21,728,0,23408,0.1624,0.0,true
HiddenCover,16384,100,dispersed,9,22,728,0,23408,0.1626,0.0,true
HiddenCover,16384,100,dispersed,9,23,728,0,23408,0.1614,0.0,true
HiddenCover,16384,100,dispersed,9,24,728,0,23408,0.1624,0.0,true
HiddenCover,16384,100,dispersed,9,25,728,0,23408,0.1628,0.0,true
HiddenCover,16384,100,dispersed,9,26,728,0,23408,0.1626,0.0,true
HiddenCover,16384,100,dispersed,9,27,728,0,23408,0.1623,0.0,true
HiddenCover,16384,100,dispersed,9,28,728,0,23408,0.16369999999999998,0.0,true
HiddenCover,16384,100,dispersed,9,29,728,0,23408,0.162,0.0,true
HiddenCover,16384,100,dispersed,10,0,728,0,23408,0.1631,0.0,true
HiddenCover,16384,100,dispersed,10,1,728,0,23408,0.16210000000000002,0.0,true
HiddenCover,16384,100,dispersed,10,2,728,0,23408,0.1622,0.0,true
HiddenCover,16384,100,dispersed,10,3,728,0,23408,0.1632,0.0,true
HiddenCover,16384,100,dispersed,10,4,728,0,23408,0.1629,0.0,true
HiddenCover,16384,100,dispersed,10,5,728,0,23408,0.162,0.0,true
HiddenCover,16384,100,dispersed,10,6,728,0,23408,0.1624,0.0,true
HiddenCover,16384,100,dispersed,10,7,728,0,23408,0.1625,0.0,true
HiddenCover,16384,100,dispersed,10,8,728,0,23408,0.17229999999999998,0.0,true
HiddenCover,16384,100,dispersed,10,9,728,0,23408,0.1649,0.0,true
HiddenCover,16384,100,dispersed,10,10,728,0,23408,0.1627,0.0,true
HiddenCover,16384,100,dispersed,10,11,728,0,23408,0.1624,0.0,true
HiddenCover,16384,100,dispersed,10,12,728,0,23408,0.29500000000000004,0.0,true
HiddenCover,16384,100,dispersed,10,13,728,0,23408,0.639,0.0,true
HiddenCover,16384,100,dispersed,10,14,728,0,23408,0.3719,0.0,true
HiddenCover,16384,100,dispersed,10,15,728,0,23408,0.2519,0.0,true
HiddenCover,16384,100,dispersed,10,16,728,0,23408,0.2497,0.0,true
HiddenCover,16384,100,dispersed,10,17,728,0,23408,0.2319,0.0,true
HiddenCover,16384,100,dispersed,10,18,728,0,23408,0.2301,0.0,true
HiddenCover,16384,100,dispersed,10,19,728,0,23408,0.2127,0.0,true
HiddenCover,16384,100,dispersed,10,20,728,0,23408,0.1771,0.0,true
HiddenCover,16384,100,dispersed,10,21,728,0,23408,0.1674,0.0,true
HiddenCover,16384,100,dispersed,10,22,728,0,23408,0.1658,0.0,true
HiddenCover,16384,100,dispersed,10,23,728,0,23408,0.1673,0.0,true
HiddenCover,16384,100,dispersed,10,24,728,0,23408,0.162,0.0,true
HiddenCover,16384,100,dispersed,10,25,728,0,23408,0.16210000000000002,0.0,true
HiddenCover,16384,100,dispersed,10,26,728,0,23408,0.162,0.0,true
HiddenCover,16384,100,dispersed,10,27,728,0,23408,0.1622,0.0,true
HiddenCover,16384,100,dispersed,10,28,728,0,23408,0.1629,0.0,true
HiddenCover,16384,100,dispersed,10,29,728,0,23408,0.1633,0.0,true
HiddenCover,16384,100,dispersed,11,0,728,0,23408,0.2163,0.0,true
HiddenCover,16384,100,dispersed,11,1,728,0,23408,0.1665,0.0,true
HiddenCover,16384,100,dispersed,11,2,728,0,23408,0.16210000000000002,0.0,true
HiddenCover,16384,100,dispersed,11,3,728,0,23408,0.16210000000000002,0.0,true
HiddenCover,16384,100,dispersed,11,4,728,0,23408,0.1636,0.0,true
HiddenCover,16384,100,dispersed,11,5,728,0,23408,0.1614,0.0,true
HiddenCover,16384,100,dispersed,11,6,728,0,23408,0.1614,0.0,true
HiddenCover,16384,100,dispersed,11,7,728,0,23408,0.1608,0.0,true
HiddenCover,16384,100,dispersed,11,8,728,0,23408,0.1607,0.0,true
HiddenCover,16384,100,dispersed,11,9,728,0,23408,0.1616,0.0,true
HiddenCover,16384,100,dispersed,11,10,728,0,23408,0.1642,0.0,true
HiddenCover,16384,100,dispersed,11,11,728,0,23408,0.1664,0.0,true
HiddenCover,16384,100,dispersed,11,12,728,0,23408,0.1603,0.0,true
HiddenCover,16384,100,dispersed,11,13,728,0,23408,0.16110000000000002,0.0,true
HiddenCover,16384,100,dispersed,11,14,728,0,23408,0.1607,0.0,true
HiddenCover,16384,100,dispersed,11,15,728,0,23408,0.1608,0.0,true
HiddenCover,16384,100,dispersed,11,16,728,0,23408,0.16110000000000002,0.0,true
HiddenCover,16384,100,dispersed,11,17,728,0,23408,0.16090000000000002,0.0,true
HiddenCover,16384,100,dispersed,11,18,728,0,23408,0.16110000000000002,0.0,true
HiddenCover,16384,100,dispersed,11,19,728,0,23408,0.1604,0.0,true
HiddenCover,16384,100,dispersed,11,20,728,0,23408,0.1604,0.0,true
HiddenCover,16384,100,dispersed,11,21,728,0,23408,0.1616,0.0,true
HiddenCover,16384,100,dispersed,11,22,728,0,23408,0.162,0.0,true
HiddenCover,16384,100,dispersed,11,23,728,0,23408,0.161,0.0,true
HiddenCover,16384,100,dispersed,11,24,728,0,23408,0.16119999999999998,0.0,true
HiddenCover,16384,100,dispersed,11,25,728,0,23408,0.1617,0.0,true
HiddenCover,16384,100,dispersed,11,26,728,0,23408,0.16469999999999999,0.0,true
HiddenCover,16384,100,dispersed,11,27,728,0,23408,0.1628,0.0,true
HiddenCover,16384,100,dispersed,11,28,728,0,23408,0.16090000000000002,0.0,true
HiddenCover,16384,100,dispersed,11,29,728,0,23408,0.1623,0.0,true
HiddenCover,16384,100,dispersed,12,0,728,0,23408,0.16210000000000002,0.0,true
HiddenCover,16384,100,dispersed,12,1,728,0,23408,0.16190000000000002,0.0,true
HiddenCover,16384,100,dispersed,12,2,728,0,23408,0.1628,0.0,true
HiddenCover,16384,100,dispersed,12,3,728,0,23408,0.1624,0.0,true
HiddenCover,16384,100,dispersed,12,4,728,0,23408,0.1603,0.0,true
HiddenCover,16384,100,dispersed,12,5,728,0,23408,0.1608,0.0,true
HiddenCover,16384,100,dispersed,12,6,728,0,23408,0.1608,0.0,true
HiddenCover,16384,100,dispersed,12,7,728,0,23408,0.1625,0.0,true
HiddenCover,16384,100,dispersed,12,8,728,0,23408,0.16190000000000002,0.0,true
HiddenCover,16384,100,dispersed,12,9,728,0,23408,0.16090000000000002,0.0,true
HiddenCover,16384,100,dispersed,12,10,728,0,23408,0.161,0.0,true
HiddenCover,16384,100,dispersed,12,11,728,0,23408,0.1669,0.0,true
HiddenCover,16384,100,dispersed,12,12,728,0,23408,0.1625,0.0,true
HiddenCover,16384,100,dispersed,12,13,728,0,23408,0.1623,0.0,true
HiddenCover,16384,100,dispersed,12,14,728,0,23408,0.16620000000000001,0.0,true
HiddenCover,16384,100,dispersed,12,15,728,0,23408,0.1614,0.0,true
HiddenCover,16384,100,dispersed,12,16,728,0,23408,0.16110000000000002,0.0,true
HiddenCover,16384,100,dispersed,12,17,728,0,23408,0.1648,0.0,true
HiddenCover,16384,100,dispersed,12,18,728,0,23408,0.16190000000000002,0.0,true
HiddenCover,16384,100,dispersed,12,19,728,0,23408,0.16019999999999998,0.0,true
HiddenCover,16384,100,dispersed,12,20,728,0,23408,0.1631,0.0,true
HiddenCover,16384,100,dispersed,12,21,728,0,23408,0.1616,0.0,true
HiddenCover,16384,100,dispersed,12,22,728,0,23408,0.16119999999999998,0.0,true
HiddenCover,16384,100,dispersed,12,23,728,0,23408,0.162,0.0,true
HiddenCover,16384,100,dispersed,12,24,728,0,23408,0.161,0.0,true
HiddenCover,16384,100,dispersed,12,25,728,0,23408,0.16190000000000002,0.0,true
HiddenCover,16384,100,dispersed,12,26,728,0,23408,0.1616,0.0,true
HiddenCover,16384,100,dispersed,12,27,728,0,23408,0.1623,0.0,true
HiddenCover,16384,100,dispersed,12,28,728,0,23408,0.1613,0.0,true
HiddenCover,16384,100,dispersed,12,29,728,0,23408,0.1618,0.0,true
HiddenCover,16384,100,dispersed,13,0,728,0,23408,0.1582,0.0,true
HiddenCover,16384,100,dispersed,13,1,728,0,23408,0.17809999999999998,0.0,true
HiddenCover,16384,100,dispersed,13,2,728,0,23408,0.3861,0.0,true
HiddenCover,16384,100,dispersed,13,3,728,0,23408,0.1596,0.0,true
HiddenCover,16384,100,dispersed,13,4,728,0,23408,0.1603,0.0,true
HiddenCover,16384,100,dispersed,13,5,728,0,23408,0.1681,0.0,true
HiddenCover,16384,100,dispersed,13,6,728,0,23408,0.1616,0.0,true
HiddenCover,16384,100,dispersed,13,7,728,0,23408,0.2075,0.0,true
HiddenCover,16384,100,dispersed,13,8,728,0,23408,0.1589,0.0,true
HiddenCover,16384,100,dispersed,13,9,728,0,23408,0.1891,0.0,true
HiddenCover,16384,100,dispersed,13,10,728,0,23408,0.17049999999999998,0.0,true
HiddenCover,16384,100,dispersed,13,11,728,0,23408,0.1627,0.0,true
HiddenCover,16384,100,dispersed,13,12,728,0,23408,0.1587,0.0,true
HiddenCover,16384,100,dispersed,13,13,728,0,23408,0.1584,0.0,true
HiddenCover,16384,100,dispersed,13,14,728,0,23408,0.158,0.0,true
HiddenCover,16384,100,dispersed,13,15,728,0,23408,0.1606,0.0,true
HiddenCover,16384,100,dispersed,13,16,728,0,23408,0.25060000000000004,0.0,true
HiddenCover,16384,100,dispersed,13,17,728,0,23408,0.2097,0.0,true
HiddenCover,16384,100,dispersed,13,18,728,0,23408,0.1583,0.0,true
HiddenCover,16384,100,dispersed,13,19,728,0,23408,0.15760000000000002,0.0,true
HiddenCover,16384,100,dispersed,13,20,728,0,23408,0.159,0.0,true
HiddenCover,16384,100,dispersed,13,21,728,0,23408,0.1681,0.0,true
HiddenCover,16384,100,dispersed,13,22,728,0,23408,0.1593,0.0,true
HiddenCover,16384,100,dispersed,13,23,728,0,23408,0.1604,0.0,true
HiddenCover,16384,100,dispersed,13,24,728,0,23408,0.1593,0.0,true
HiddenCover,16384,100,dispersed,13,25,728,0,23408,0.15880000000000002,0.0,true
HiddenCover,16384,100,dispersed,13,26,728,0,23408,0.1587,0.0,true
HiddenCover,16384,100,dispersed,13,27,728,0,23408,0.159,0.0,true
HiddenCover,16384,100,dispersed,13,28,728,0,23408,0.1617,0.0,true
HiddenCover,16384,100,dispersed,13,29,728,0,23408,0.15789999999999998,0.0,true
HiddenCover,16384,100,dispersed,14,0,728,0,23408,0.1625,0.0,true
HiddenCover,16384,100,dispersed,14,1,728,0,23408,0.1591,0.0,true
HiddenCover,16384,100,dispersed,14,2,728,0,23408,0.1735,0.0,true
HiddenCover,16384,100,dispersed,14,3,728,0,23408,0.1581,0.0,true
HiddenCover,16384,100,dispersed,14,4,728,0,23408,0.1615,0.0,true
HiddenCover,16384,100,dispersed,14,5,728,0,23408,0.1761,0.0,true
HiddenCover,16384,100,dispersed,14,6,728,0,23408,0.1628,0.0,true
HiddenCover,16384,100,dispersed,14,7,728,0,23408,0.15880000000000002,0.0,true
HiddenCover,16384,100,dispersed,14,8,728,0,23408,0.16469999999999999,0.0,true
HiddenCover,16384,100,dispersed,14,9,728,0,23408,0.1585,0.0,true
HiddenCover,16384,100,dispersed,14,10,728,0,23408,0.158,0.0,true
HiddenCover,16384,100,dispersed,14,11,728,0,23408,0.1578,0.0,true
HiddenCover,16384,100,dispersed,14,12,728,0,23408,0.1587,0.0,true
HiddenCover,16384,100,dispersed,14,13,728,0,23408,0.1585,0.0,true
HiddenCover,16384,100,dispersed,14,14,728,0,23408,0.1628,0.0,true
HiddenCover,16384,100,dispersed,14,15,728,0,23408,0.158,0.0,true
HiddenCover,16384,100,dispersed,14,16,728,0,23408,0.158,0.0,true
HiddenCover,16384,100,dispersed,14,17,728,0,23408,0.15860000000000002,0.0,true
HiddenCover,16384,100,dispersed,14,18,728,0,23408,0.15789999999999998,0.0,true
HiddenCover,16384,100,dispersed,14,19,728,0,23408,0.158,0.0,true
HiddenCover,16384,100,dispersed,14,20,728,0,23408,0.1571,0.0,true
HiddenCover,16384,100,dispersed,14,21,728,0,23408,0.16890000000000002,0.0,true
HiddenCover,16384,100,dispersed,14,22,728,0,23408,0.1582,0.0,true
HiddenCover,16384,100,dispersed,14,23,728,0,23408,0.1589,0.0,true
HiddenCover,16384,100,dispersed,14,24,728,0,23408,0.16540000000000002,0.0,true
HiddenCover,16384,100,dispersed,14,25,728,0,23408,0.1593,0.0,true
HiddenCover,16384,100,dispersed,14,26,728,0,23408,0.1591,0.0,true
HiddenCover,16384,100,dispersed,14,27,728,0,23408,0.1593,0.0,true
HiddenCover,16384,100,dispersed,14,28,728,0,23408,0.15880000000000002,0.0,true
HiddenCover,16384,100,dispersed,14,29,728,0,23408,0.1597,0.0,true
HiddenCover,16384,100,dispersed,15,0,728,0,23408,0.1596,0.0,true
HiddenCover,16384,100,dispersed,15,1,728,0,23408,0.15990000000000001,0.0,true
HiddenCover,16384,100,dispersed,15,2,728,0,23408,0.159,0.0,true
HiddenCover,16384,100,dispersed,15,3,728,0,23408,0.1585,0.0,true
HiddenCover,16384,100,dispersed,15,4,728,0,23408,0.166,0.0,true
HiddenCover,16384,100,dispersed,15,5,728,0,23408,0.159,0.0,true
HiddenCover,16384,100,dispersed,15,6,728,0,23408,0.1582,0.0,true
HiddenCover,16384,100,dispersed,15,7,728,0,23408,0.15760000000000002,0.0,true
HiddenCover,16384,100,dispersed,15,8,728,0,23408,0.1591,0.0,true
HiddenCover,16384,100,dispersed,15,9,728,0,23408,0.1584,0.0,true
HiddenCover,16384,100,dispersed,15,10,728,0,23408,0.1629,0.0,true
HiddenCover,16384,100,dispersed,15,11,728,0,23408,0.1591,0.0,true
HiddenCover,16384,100,dispersed,15,12,728,0,23408,0.1591,0.0,true
HiddenCover,16384,100,dispersed,15,13,728,0,23408,0.161,0.0,true
HiddenCover,16384,100,dispersed,15,14,728,0,23408,0.3105,0.0,true
HiddenCover,16384,100,dispersed,15,15,728,0,23408,0.4555,0.0,true
HiddenCover,16384,100,dispersed,15,16,728,0,23408,0.2993,0.0,true
HiddenCover,16384,100,dispersed,15,17,728,0,23408,0.2428,0.0,true
HiddenCover,16384,100,dispersed,15,18,728,0,23408,0.2394,0.0,true
HiddenCover,16384,100,dispersed,15,19,728,0,23408,0.25060000000000004,0.0,true
HiddenCover,16384,100,dispersed,15,20,728,0,23408,0.23800000000000002,0.0,true
HiddenCover,16384,100,dispersed,15,21,728,0,23408,0.2505,0.0,true
HiddenCover,16384,100,dispersed,15,22,728,0,23408,0.2174,0.0,true
HiddenCover,16384,100,dispersed,15,23,728,0,23408,0.1643,0.0,true
HiddenCover,16384,100,dispersed,15,24,728,0,23408,0.1584,0.0,true
HiddenCover,16384,100,dispersed,15,25,728,0,23408,0.1615,0.0,true
HiddenCover,16384,100,dispersed,15,26,728,0,23408,0.1582,0.0,true
HiddenCover,16384,100,dispersed,15,27,728,0,23408,0.159,0.0,true
HiddenCover,16384,100,dispersed,15,28,728,0,23408,0.1597,0.0,true
HiddenCover,16384,100,dispersed,15,29,728,0,23408,0.24600000000000002,0.0,true
HiddenCover,16384,100,dispersed,16,0,728,0,23408,0.1633,0.0,true
HiddenCover,16384,100,dispersed,16,1,728,0,23408,0.16620000000000001,0.0,true
HiddenCover,16384,100,dispersed,16,2,728,0,23408,0.1617,0.0,true
HiddenCover,16384,100,dispersed,16,3,728,0,23408,0.162,0.0,true
HiddenCover,16384,100,dispersed,16,4,728,0,23408,0.162,0.0,true
HiddenCover,16384,100,dispersed,16,5,728,0,23408,0.1628,0.0,true
HiddenCover,16384,100,dispersed,16,6,728,0,23408,0.1623,0.0,true
HiddenCover,16384,100,dispersed,16,7,728,0,23408,0.1618,0.0,true
HiddenCover,16384,100,dispersed,16,8,728,0,23408,0.1622,0.0,true
HiddenCover,16384,100,dispersed,16,9,728,0,23408,0.1628,0.0,true
HiddenCover,16384,100,dispersed,16,10,728,0,23408,0.16369999999999998,0.0,true
HiddenCover,16384,100,dispersed,16,11,728,0,23408,0.1624,0.0,true
HiddenCover,16384,100,dispersed,16,12,728,0,23408,0.162,0.0,true
HiddenCover,16384,100,dispersed,16,13,728,0,23408,0.16190000000000002,0.0,true
HiddenCover,16384,100,dispersed,16,14,728,0,23408,0.1627,0.0,true
HiddenCover,16384,100,dispersed,16,15,728,0,23408,0.1628,0.0,true
HiddenCover,16384,100,dispersed,16,16,728,0,23408,0.1617,0.0,true
HiddenCover,16384,100,dispersed,16,17,728,0,23408,0.1625,0.0,true
HiddenCover,16384,100,dispersed,16,18,728,0,23408,0.1625,0.0,true
HiddenCover,16384,100,dispersed,16,19,728,0,23408,0.1641,0.0,true
HiddenCover,16384,100,dispersed,16,20,728,0,23408,0.1626,0.0,true
HiddenCover,16384,100,dispersed,16,21,728,0,23408,0.1642,0.0,true
HiddenCover,16384,100,dispersed,16,22,728,0,23408,0.1631,0.0,true
HiddenCover,16384,100,dispersed,16,23,728,0,23408,0.1634,0.0,true
HiddenCover,16384,100,dispersed,16,24,728,0,23408,0.1625,0.0,true
HiddenCover,16384,100,dispersed,16,25,728,0,23408,0.1631,0.0,true
HiddenCover,16384,100,dispersed,16,26,728,0,23408,0.1665,0.0,true
HiddenCover,16384,100,dispersed,16,27,728,0,23408,0.1629,0.0,true
HiddenCover,16384,100,dispersed,16,28,728,0,23408,0.1623,0.0,true
HiddenCover,16384,100,dispersed,16,29,728,0,23408,0.16190000000000002,0.0,true
HiddenCover,16384,100,dispersed,17,0,728,0,23408,0.1624,0.0,true
HiddenCover,16384,100,dispersed,17,1,728,0,23408,0.1636,0.0,true
HiddenCover,16384,100,dispersed,17,2,728,0,23408,0.1634,0.0,true
HiddenCover,16384,100,dispersed,17,3,728,0,23408,0.1624,0.0,true
HiddenCover,16384,100,dispersed,17,4,728,0,23408,0.16210000000000002,0.0,true
HiddenCover,16384,100,dispersed,17,5,728,0,23408,0.1632,0.0,true
HiddenCover,16384,100,dispersed,17,6,728,0,23408,0.1664,0.0,true
HiddenCover,16384,100,dispersed,17,7,728,0,23408,0.1692,0.0,true
HiddenCover,16384,100,dispersed,17,8,728,0,23408,0.1625,0.0,true
HiddenCover,16384,100,dispersed,17,9,728,0,23408,0.162,0.0,true
HiddenCover,16384,100,dispersed,17,10,728,0,23408,0.1634,0.0,true
HiddenCover,16384,100,dispersed,17,11,728,0,23408,0.1617,0.0,true
HiddenCover,16384,100,dispersed,17,12,728,0,23408,0.1623,0.0,true
HiddenCover,16384,100,dispersed,17,13,728,0,23408,0.1626,0.0,true
HiddenCover,16384,100,dispersed,17,14,728,0,23408,0.163,0.0,true
HiddenCover,16384,100,dispersed,17,15,728,0,23408,0.1629,0.0,true
HiddenCover,16384,100,dispersed,17,16,728,0,23408,0.1617,0.0,true
HiddenCover,16384,100,dispersed,17,17,728,0,23408,0.1625,0.0,true
HiddenCover,16384,100,dispersed,17,18,728,0,23408,0.1626,0.0,true
HiddenCover,16384,100,dispersed,17,19,728,0,23408,0.1629,0.0,true
HiddenCover,16384,100,dispersed,17,20,728,0,23408,0.1626,0.0,true
HiddenCover,16384,100,dispersed,17,21,728,0,23408,0.1632,0.0,true
HiddenCover,16384,100,dispersed,17,22,728,0,23408,0.162,0.0,true
HiddenCover,16384,100,dispersed,17,23,728,0,23408,0.1653,0.0,true
HiddenCover,16384,100,dispersed,17,24,728,0,23408,0.16190000000000002,0.0,true
HiddenCover,16384,100,dispersed,17,25,728,0,23408,0.1633,0.0,true
HiddenCover,16384,100,dispersed,17,26,728,0,23408,0.1625,0.0,true
HiddenCover,16384,100,dispersed,17,27,728,0,23408,0.1626,0.0,true
HiddenCover,16384,100,dispersed,17,28,728,0,23408,0.1623,0.0,true
HiddenCover,16384,100,dispersed,17,29,728,0,23408,0.1626,0.0,true
HiddenCover,16384,100,dispersed,18,0,728,0,23408,0.1589,0.0,true
HiddenCover,16384,100,dispersed,18,1,728,0,23408,0.1984,0.0,true
HiddenCover,16384,100,dispersed,18,2,728,0,23408,0.2981,0.0,true
HiddenCover,16384,100,dispersed,18,3,728,0,23408,0.1749,0.0,true
HiddenCover,16384,100,dispersed,18,4,728,0,23408,0.16620000000000001,0.0,true
HiddenCover,16384,100,dispersed,18,5,728,0,23408,0.1888,0.0,true
HiddenCover,16384,100,dispersed,18,6,728,0,23408,0.18259999999999998,0.0,true
HiddenCover,16384,100,dispersed,18,7,728,0,23408,0.1728,0.0,true
HiddenCover,16384,100,dispersed,18,8,728,0,23408,0.163,0.0,true
HiddenCover,16384,100,dispersed,18,9,728,0,23408,0.1626,0.0,true
HiddenCover,16384,100,dispersed,18,10,728,0,23408,0.1587,0.0,true
HiddenCover,16384,100,dispersed,18,11,728,0,23408,0.1702,0.0,true
HiddenCover,16384,100,dispersed,18,12,728,0,23408,0.1737,0.0,true
HiddenCover,16384,100,dispersed,18,13,728,0,23408,0.1603,0.0,true
HiddenCover,16384,100,dispersed,18,14,728,0,23408,0.15789999999999998,0.0,true
HiddenCover,16384,100,dispersed,18,15,728,0,23408,0.15990000000000001,0.0,true
HiddenCover,16384,100,dispersed,18,16,728,0,23408,0.15860000000000002,0.0,true
HiddenCover,16384,100,dispersed,18,17,728,0,23408,0.16110000000000002,0.0,true
HiddenCover,16384,100,dispersed,18,18,728,0,23408,0.1589,0.0,true
HiddenCover,16384,100,dispersed,18,19,728,0,23408,0.15880000000000002,0.0,true
HiddenCover,16384,100,dispersed,18,20,728,0,23408,0.1676,0.0,true
HiddenCover,16384,100,dispersed,18,21,728,0,23408,0.1593,0.0,true
HiddenCover,16384,100,dispersed,18,22,728,0,23408,0.1583,0.0,true
HiddenCover,16384,100,dispersed,18,23,728,0,23408,0.1577,0.0,true
HiddenCover,16384,100,dispersed,18,24,728,0,23408,0.1657,0.0,true
HiddenCover,16384,100,dispersed,18,25,728,0,23408,0.161,0.0,true
HiddenCover,16384,100,dispersed,18,26,728,0,23408,0.159,0.0,true
HiddenCover,16384,100,dispersed,18,27,728,0,23408,0.1584,0.0,true
HiddenCover,16384,100,dispersed,18,28,728,0,23408,0.15919999999999998,0.0,true
HiddenCover,16384,100,dispersed,18,29,728,0,23408,0.1594,0.0,true
HiddenCover,16384,100,dispersed,19,0,728,0,23408,0.1583,0.0,true
HiddenCover,16384,100,dispersed,19,1,728,0,23408,0.1589,0.0,true
HiddenCover,16384,100,dispersed,19,2,728,0,23408,0.165,0.0,true
HiddenCover,16384,100,dispersed,19,3,728,0,23408,0.1584,0.0,true
HiddenCover,16384,100,dispersed,19,4,728,0,23408,0.1604,0.0,true
HiddenCover,16384,100,dispersed,19,5,728,0,23408,0.1589,0.0,true
HiddenCover,16384,100,dispersed,19,6,728,0,23408,0.1595,0.0,true
HiddenCover,16384,100,dispersed,19,7,728,0,23408,0.15860000000000002,0.0,true
HiddenCover,16384,100,dispersed,19,8,728,0,23408,0.1583,0.0,true
HiddenCover,16384,100,dispersed,19,9,728,0,23408,0.1583,0.0,true
HiddenCover,16384,100,dispersed,19,10,728,0,23408,0.1585,0.0,true
HiddenCover,16384,100,dispersed,19,11,728,0,23408,0.1607,0.0,true
HiddenCover,16384,100,dispersed,19,12,728,0,23408,0.15880000000000002,0.0,true
HiddenCover,16384,100,dispersed,19,13,728,0,23408,0.1597,0.0,true
HiddenCover,16384,100,dispersed,19,14,728,0,23408,0.1615,0.0,true
HiddenCover,16384,100,dispersed,19,15,728,0,23408,0.159,0.0,true
HiddenCover,16384,100,dispersed,19,16,728,0,23408,0.1578,0.0,true
HiddenCover,16384,100,dispersed,19,17,728,0,23408,0.1587,0.0,true
HiddenCover,16384,100,dispersed,19,18,728,0,23408,0.1628,0.0,true
HiddenCover,16384,100,dispersed,19,19,728,0,23408,0.1573,0.0,true
HiddenCover,16384,100,dispersed,19,20,728,0,23408,0.1573,0.0,true
HiddenCover,16384,100,dispersed,19,21,728,0,23408,0.1578,0.0,true
HiddenCover,16384,100,dispersed,19,22,728,0,23408,0.16540000000000002,0.0,true
HiddenCover,16384,100,dispersed,19,23,728,0,23408,0.1598,0.0,true
HiddenCover,16384,100,dispersed,19,24,728,0,23408,0.1636,0.0,true
HiddenCover,16384,100,dispersed,19,25,728,0,23408,0.1616,0.0,true
HiddenCover,16384,100,dispersed,19,26,728,0,23408,0.1625,0.0,true
HiddenCover,16384,100,dispersed,19,27,728,0,23408,0.16190000000000002,0.0,true
HiddenCover,16384,100,dispersed,19,28,728,0,23408,0.1659,0.0,true
HiddenCover,16384,100,dispersed,19,29,728,0,23408,0.1578,0.0,true
HiddenCover,16384,300,clustered,0,0,12,0,496,0.028,0.0,true
HiddenCover,16384,300,clustered,0,1,12,0,496,0.0281,0.0,true
HiddenCover,16384,300,clustered,0,2,12,0,496,0.0279,0.0,true
HiddenCover,16384,300,clustered,0,3,12,0,496,0.028,0.0,true
HiddenCover,16384,300,clustered,0,4,12,0,496,0.028,0.0,true
HiddenCover,16384,300,clustered,0,5,12,0,496,0.028,0.0,true
HiddenCover,16384,300,clustered,0,6,12,0,496,0.028399999999999998,0.0,true
HiddenCover,16384,300,clustered,0,7,12,0,496,0.0291,0.0,true
HiddenCover,16384,300,clustered,0,8,12,0,496,0.028399999999999998,0.0,true
HiddenCover,16384,300,clustered,0,9,12,0,496,0.028,0.0,true
HiddenCover,16384,300,clustered,0,10,12,0,496,0.0279,0.0,true
HiddenCover,16384,300,clustered,0,11,12,0,496,0.028,0.0,true
HiddenCover,16384,300,clustered,0,12,12,0,496,0.028399999999999998,0.0,true
HiddenCover,16384,300,clustered,0,13,12,0,496,0.028,0.0,true
HiddenCover,16384,300,clustered,0,14,12,0,496,0.027800000000000002,0.0,true
HiddenCover,16384,300,clustered,0,15,12,0,496,0.028,0.0,true
HiddenCover,16384,300,clustered,0,16,12,0,496,0.0281,0.0,true
HiddenCover,16384,300,clustered,0,17,12,0,496,0.0279,0.0,true
HiddenCover,16384,300,clustered,0,18,12,0,496,0.0282,0.0,true
HiddenCover,16384,300,clustered,0,19,12,0,496,0.0283,0.0,true
HiddenCover,16384,300,clustered,0,20,12,0,496,0.0281,0.0,true
HiddenCover,16384,300,clustered,0,21,12,0,496,0.028,0.0,true
HiddenCover,16384,300,clustered,0,22,12,0,496,0.0282,0.0,true
HiddenCover,16384,300,clustered,0,23,12,0,496,0.0281,0.0,true
HiddenCover,16384,300,clustered,0,24,12,0,496,0.0279,0.0,true
HiddenCover,16384,300,clustered,0,25,12,0,496,0.0283,0.0,true
HiddenCover,16384,300,clustered,0,26,12,0,496,0.028,0.0,true
HiddenCover,16384,300,clustered,0,27,12,0,496,0.028,0.0,true
HiddenCover,16384,300,clustered,0,28,12,0,496,0.028,0.0,true
HiddenCover,16384,300,clustered,0,29,12,0,496,0.0281,0.0,true
HiddenCover,16384,300,clustered,1,0,13,0,528,0.0287,0.0,true
HiddenCover,16384,300,clustered,1,1,13,0,528,0.028900000000000002,0.0,true
HiddenCover,16384,300,clustered,1,2,13,0,528,0.0285,0.0,true
HiddenCover,16384,300,clustered,1,3,13,0,528,0.0286,0.0,true
HiddenCover,16384,300,clustered,1,4,13,0,528,0.0285,0.0,true
HiddenCover,16384,300,clustered,1,5,13,0,528,0.0285,0.0,true
HiddenCover,16384,300,clustered,1,6,13,0,528,0.0285,0.0,true
HiddenCover,16384,300,clustered,1,7,13,0,528,0.0287,0.0,true
HiddenCover,16384,300,clustered,1,8,13,0,528,0.0287,0.0,true
HiddenCover,16384,300,clustered,1,9,13,0,528,0.0286,0.0,true
HiddenCover,16384,300,clustered,1,10,13,0,528,0.0286,0.0,true
HiddenCover,16384,300,clustered,1,11,13,0,528,0.0285,0.0,true
HiddenCover,16384,300,clustered,1,12,13,0,528,0.0286,0.0,true
HiddenCover,16384,300,clustered,1,13,13,0,528,0.0288,0.0,true
HiddenCover,16384,300,clustered,1,14,13,0,528,0.0285,0.0,true
HiddenCover,16384,300,clustered,1,15,13,0,528,0.0285,0.0,true
HiddenCover,16384,300,clustered,1,16,13,0,528,0.0286,0.0,true
HiddenCover,16384,300,clustered,1,17,13,0,528,0.0286,0.0,true
HiddenCover,16384,300,clustered,1,18,13,0,528,0.0285,0.0,true
HiddenCover,16384,300,clustered,1,19,13,0,528,0.0299,0.0,true
HiddenCover,16384,300,clustered,1,20,13,0,528,0.0292,0.0,true
HiddenCover,16384,300,clustered,1,21,13,0,528,0.0283,0.0,true
HiddenCover,16384,300,clustered,1,22,13,0,528,0.028399999999999998,0.0,true
HiddenCover,16384,300,clustered,1,23,13,0,528,0.028399999999999998,0.0,true
HiddenCover,16384,300,clustered,1,24,13,0,528,0.0305,0.0,true
HiddenCover,16384,300,clustered,1,25,13,0,528,0.029,0.0,true
HiddenCover,16384,300,clustered,1,26,13,0,528,0.0286,0.0,true
HiddenCover,16384,300,clustered,1,27,13,0,528,0.0285,0.0,true
HiddenCover,16384,300,clustered,1,28,13,0,528,0.0293,0.0,true
HiddenCover,16384,300,clustered,1,29,13,0,528,0.0294,0.0,true
HiddenCover,16384,300,clustered,2,0,16,0,624,0.0305,0.0,true
HiddenCover,16384,300,clustered,2,1,16,0,624,0.0291,0.0,true
HiddenCover,16384,300,clustered,2,2,16,0,624,0.0318,0.0,true
HiddenCover,16384,300,clustered,2,3,16,0,624,0.0292,0.0,true
HiddenCover,16384,300,clustered,2,4,16,0,624,0.0293,0.0,true
HiddenCover,16384,300,clustered,2,5,16,0,624,0.029,0.0,true
HiddenCover,16384,300,clustered,2,6,16,0,624,0.028900000000000002,0.0,true
HiddenCover,16384,300,clustered,2,7,16,0,624,0.029,0.0,true
HiddenCover,16384,300,clustered,2,8,16,0,624,0.029,0.0,true
HiddenCover,16384,300,clustered,2,9,16,0,624,0.0293,0.0,true
HiddenCover,16384,300,clustered,2,10,16,0,624,0.0291,0.0,true
HiddenCover,16384,300,clustered,2,11,16,0,624,0.0291,0.0,true
HiddenCover,16384,300,clustered,2,12,16,0,624,0.029,0.0,true
HiddenCover,16384,300,clustered,2,13,16,0,624,0.029,0.0,true
HiddenCover,16384,300,clustered,2,14,16,0,624,0.0294,0.0,true
HiddenCover,16384,300,clustered,2,15,16,0,624,0.029,0.0,true
HiddenCover,16384,300,clustered,2,16,16,0,624,0.028900000000000002,0.0,true
HiddenCover,16384,300,clustered,2,17,16,0,624,0.031099999999999996,0.0,true
HiddenCover,16384,300,clustered,2,18,16,0,624,0.0291,0.0,true
HiddenCover,16384,300,clustered,2,19,16,0,624,0.0293,0.0,true
HiddenCover,16384,300,clustered,2,20,16,0,624,0.029,0.0,true
HiddenCover,16384,300,clustered,2,21,16,0,624,0.029,0.0,true
HiddenCover,16384,300,clustered,2,22,16,0,624,0.029,0.0,true
HiddenCover,16384,300,clustered,2,23,16,0,624,0.0294,0.0,true
HiddenCover,16384,300,clustered,2,24,16,0,624,0.028900000000000002,0.0,true
HiddenCover,16384,300,clustered,2,25,16,0,624,0.028900000000000002,0.0,true
HiddenCover,16384,300,clustered,2,26,16,0,624,0.028900000000000002,0.0,true
HiddenCover,16384,300,clustered,2,27,16,0,624,0.0292,0.0,true
HiddenCover,16384,300,clustered,2,28,16,0,624,0.0294,0.0,true
HiddenCover,16384,300,clustered,2,29,16,0,624,0.029,0.0,true
HiddenCover,16384,300,clustered,3,0,13,0,528,0.0285,0.0,true
HiddenCover,16384,300,clustered,3,1,13,0,528,0.0285,0.0,true
HiddenCover,16384,300,clustered,3,2,13,0,528,0.028399999999999998,0.0,true
HiddenCover,16384,300,clustered,3,3,13,0,528,0.0287,0.0,true
HiddenCover,16384,300,clustered,3,4,13,0,528,0.0285,0.0,true
HiddenCover,16384,300,clustered,3,5,13,0,528,0.032100000000000004,0.0,true
HiddenCover,16384,300,clustered,3,6,13,0,528,0.0636,0.0,true
HiddenCover,16384,300,clustered,3,7,13,0,528,0.061900000000000004,0.0,true
HiddenCover,16384,300,clustered,3,8,13,0,528,0.0532,0.0,true
HiddenCover,16384,300,clustered,3,9,13,0,528,0.0484,0.0,true
HiddenCover,16384,300,clustered,3,10,13,0,528,0.0877,0.0,true
HiddenCover,16384,300,clustered,3,11,13,0,528,0.3642,0.0,true
HiddenCover,16384,300,clustered,3,12,13,0,528,0.0406,0.0,true
HiddenCover,16384,300,clustered,3,13,13,0,528,0.037,0.0,true
HiddenCover,16384,300,clustered,3,14,13,0,528,0.0349,0.0,true
HiddenCover,16384,300,clustered,3,15,13,0,528,0.0406,0.0,true
HiddenCover,16384,300,clustered,3,16,13,0,528,0.0382,0.0,true
HiddenCover,16384,300,clustered,3,17,13,0,528,0.0369,0.0,true
HiddenCover,16384,300,clustered,3,18,13,0,528,0.056499999999999995,0.0,true
HiddenCover,16384,300,clustered,3,19,13,0,528,0.0471,0.0,true
HiddenCover,16384,300,clustered,3,20,13,0,528,0.0374,0.0,true
HiddenCover,16384,300,clustered,3,21,13,0,528,0.0915,0.0,true
HiddenCover,16384,300,clustered,3,22,13,0,528,0.0493,0.0,true
HiddenCover,16384,300,clustered,3,23,13,0,528,0.041999999999999996,0.0,true
HiddenCover,16384,300,clustered,3,24,13,0,528,0.0441,0.0,true
HiddenCover,16384,300,clustered,3,25,13,0,528,0.0439,0.0,true
HiddenCover,16384,300,clustered,3,26,13,0,528,0.031900000000000005,0.0,true
HiddenCover,16384,300,clustered,3,27,13,0,528,0.031900000000000005,0.0,true
HiddenCover,16384,300,clustered,3,28,13,0,528,0.0322,0.0,true
HiddenCover,16384,300,clustered,3,29,13,0,528,0.0339,0.0,true
HiddenCover,16384,300,clustered,4,0,15,0,592,0.0324,0.0,true
HiddenCover,16384,300,clustered,4,1,15,0,592,0.0324,0.0,true
HiddenCover,16384,300,clustered,4,2,15,0,592,0.0327,0.0,true
HiddenCover,16384,300,clustered,4,3,15,0,592,0.0327,0.0,true
HiddenCover,16384,300,clustered,4,4,15,0,592,0.035800000000000005,0.0,true
HiddenCover,16384,300,clustered,4,5,15,0,592,0.0342,0.0,true
HiddenCover,16384,300,clustered,4,6,15,0,592,0.0324,0.0,true
HiddenCover,16384,300,clustered,4,7,15,0,592,0.034100000000000005,0.0,true
HiddenCover,16384,300,clustered,4,8,15,0,592,0.0327,0.0,true
HiddenCover,16384,300,clustered,4,9,15,0,592,0.035500000000000004,0.0,true
HiddenCover,16384,300,clustered,4,10,15,0,592,0.0329,0.0,true
HiddenCover,16384,300,clustered,4,11,15,0,592,0.0361,0.0,true
HiddenCover,16384,300,clustered,4,12,15,0,592,0.0344,0.0,true
HiddenCover,16384,300,clustered,4,13,15,0,592,0.0335,0.0,true
HiddenCover,16384,300,clustered,4,14,15,0,592,0.0343,0.0,true
HiddenCover,16384,300,clustered,4,15,15,0,592,0.0375,0.0,true
HiddenCover,16384,300,clustered,4,16,15,0,592,0.037200000000000004,0.0,true
HiddenCover,16384,300,clustered,4,17,15,0,592,0.0383,0.0,true
HiddenCover,16384,300,clustered,4,18,15,0,592,0.0385,0.0,true
HiddenCover,16384,300,clustered,4,19,15,0,592,0.0383,0.0,true
HiddenCover,16384,300,clustered,4,20,15,0,592,0.0385,0.0,true
HiddenCover,16384,300,clustered,4,21,15,0,592,0.0406,0.0,true
HiddenCover,16384,300,clustered,4,22,15,0,592,0.0406,0.0,true
HiddenCover,16384,300,clustered,4,23,15,0,592,0.0407,0.0,true
HiddenCover,16384,300,clustered,4,24,15,0,592,0.0399,0.0,true
HiddenCover,16384,300,clustered,4,25,15,0,592,0.039,0.0,true
HiddenCover,16384,300,clustered,4,26,15,0,592,0.0385,0.0,true
HiddenCover,16384,300,clustered,4,27,15,0,592,0.0392,0.0,true
HiddenCover,16384,300,clustered,4,28,15,0,592,0.0406,0.0,true
HiddenCover,16384,300,clustered,4,29,15,0,592,0.0388,0.0,true
HiddenCover,16384,300,clustered,5,0,11,0,464,0.0384,0.0,true
HiddenCover,16384,300,clustered,5,1,11,0,464,0.0388,0.0,true
HiddenCover,16384,300,clustered,5,2,11,0,464,0.0385,0.0,true
HiddenCover,16384,300,clustered,5,3,11,0,464,0.0385,0.0,true
HiddenCover,16384,300,clustered,5,4,11,0,464,0.0392,0.0,true
HiddenCover,16384,300,clustered,5,5,11,0,464,0.0402,0.0,true
HiddenCover,16384,300,clustered,5,6,11,0,464,0.0393,0.0,true
HiddenCover,16384,300,clustered,5,7,11,0,464,0.0386,0.0,true
HiddenCover,16384,300,clustered,5,8,11,0,464,0.0371,0.0,true
HiddenCover,16384,300,clustered,5,9,11,0,464,0.0389,0.0,true
HiddenCover,16384,300,clustered,5,10,11,0,464,0.0385,0.0,true
HiddenCover,16384,300,clustered,5,11,11,0,464,0.0393,0.0,true
HiddenCover,16384,300,clustered,5,12,11,0,464,0.039,0.0,true
HiddenCover,16384,300,clustered,5,13,11,0,464,0.0382,0.0,true
HiddenCover,16384,300,clustered,5,14,11,0,464,0.0383,0.0,true
HiddenCover,16384,300,clustered,5,15,11,0,464,0.0387,0.0,true
HiddenCover,16384,300,clustered,5,16,11,0,464,0.0386,0.0,true
HiddenCover,16384,300,clustered,5,17,11,0,464,0.039,0.0,true
HiddenCover,16384,300,clustered,5,18,11,0,464,0.0384,0.0,true
HiddenCover,16384,300,clustered,5,19,11,0,464,0.0393,0.0,true
HiddenCover,16384,300,clustered,5,20,11,0,464,0.0385,0.0,true
HiddenCover,16384,300,clustered,5,21,11,0,464,0.0382,0.0,true
HiddenCover,16384,300,clustered,5,22,11,0,464,0.038,0.0,true
HiddenCover,16384,300,clustered,5,23,11,0,464,0.0384,0.0,true
HiddenCover,16384,300,clustered,5,24,11,0,464,0.0384,0.0,true
HiddenCover,16384,300,clustered,5,25,11,0,464,0.0386,0.0,true
HiddenCover,16384,300,clustered,5,26,11,0,464,0.0388,0.0,true
HiddenCover,16384,300,clustered,5,27,11,0,464,0.0384,0.0,true
HiddenCover,16384,300,clustered,5,28,11,0,464,0.0384,0.0,true
HiddenCover,16384,300,clustered,5,29,11,0,464,0.0388,0.0,true
HiddenCover,16384,300,clustered,6,0,9,0,400,0.0374,0.0,true
HiddenCover,16384,300,clustered,6,1,9,0,400,0.0376,0.0,true
HiddenCover,16384,300,clustered,6,2,9,0,400,0.0376,0.0,true
HiddenCover,16384,300,clustered,6,3,9,0,400,0.037200000000000004,0.0,true
HiddenCover,16384,300,clustered,6,4,9,0,400,0.034499999999999996,0.0,true
HiddenCover,16384,300,clustered,6,5,9,0,400,0.0315,0.0,true
HiddenCover,16384,300,clustered,6,6,9,0,400,0.0316,0.0,true
HiddenCover,16384,300,clustered,6,7,9,0,400,0.0312,0.0,true
HiddenCover,16384,300,clustered,6,8,9,0,400,0.0313,0.0,true
HiddenCover,16384,300,clustered,6,9,9,0,400,0.0313,0.0,true
HiddenCover,16384,300,clustered,6,10,9,0,400,0.0314,0.0,true
HiddenCover,16384,300,clustered,6,11,9,0,400,0.0314,0.0,true
HiddenCover,16384,300,clustered,6,12,9,0,400,0.0313,0.0,true
HiddenCover,16384,300,clustered,6,13,9,0,400,0.0313,0.0,true
HiddenCover,16384,300,clustered,6,14,9,0,400,0.0316,0.0,true
HiddenCover,16384,300,clustered,6,15,9,0,400,0.0313,0.0,true
HiddenCover,16384,300,clustered,6,16,9,0,400,0.0313,0.0,true
HiddenCover,16384,300,clustered,6,17,9,0,400,0.0313,0.0,true
HiddenCover,16384,300,clustered,6,18,9,0,400,0.0313,0.0,true
HiddenCover,16384,300,clustered,6,19,9,0,400,0.0313,0.0,true
HiddenCover,16384,300,clustered,6,20,9,0,400,0.0312,0.0,true
HiddenCover,16384,300,clustered,6,21,9,0,400,0.0313,0.0,true
HiddenCover,16384,300,clustered,6,22,9,0,400,0.0314,0.0,true
HiddenCover,16384,300,clustered,6,23,9,0,400,0.0317,0.0,true
HiddenCover,16384,300,clustered,6,24,9,0,400,0.0314,0.0,true
HiddenCover,16384,300,clustered,6,25,9,0,400,0.0313,0.0,true
HiddenCover,16384,300,clustered,6,26,9,0,400,0.0312,0.0,true
HiddenCover,16384,300,clustered,6,27,9,0,400,0.0312,0.0,true
HiddenCover,16384,300,clustered,6,28,9,0,400,0.0313,0.0,true
HiddenCover,16384,300,clustered,6,29,9,0,400,0.0314,0.0,true
HiddenCover,16384,300,clustered,7,0,14,0,560,0.032799999999999996,0.0,true
HiddenCover,16384,300,clustered,7,1,14,0,560,0.0329,0.0,true
HiddenCover,16384,300,clustered,7,2,14,0,560,0.0327,0.0,true
HiddenCover,16384,300,clustered,7,3,14,0,560,0.0329,0.0,true
HiddenCover,16384,300,clustered,7,4,14,0,560,0.032799999999999996,0.0,true
HiddenCover,16384,300,clustered,7,5,14,0,560,0.0332,0.0,true
HiddenCover,16384,300,clustered,7,6,14,0,560,0.032799999999999996,0.0,true
HiddenCover,16384,300,clustered,7,7,14,0,560,0.032799999999999996,0.0,true
HiddenCover,16384,300,clustered,7,8,14,0,560,0.0326,0.0,true
HiddenCover,16384,300,clustered,7,9,14,0,560,0.0329,0.0,true
HiddenCover,16384,300,clustered,7,10,14,0,560,0.032799999999999996,0.0,true
HiddenCover,16384,300,clustered,7,11,14,0,560,0.0332,0.0,true
HiddenCover,16384,300,clustered,7,12,14,0,560,0.032799999999999996,0.0,true
HiddenCover,16384,300,clustered,7,13,14,0,560,0.032799999999999996,0.0,true
HiddenCover,16384,300,clustered,7,14,14,0,560,0.0329,0.0,true
HiddenCover,16384,300,clustered,7,15,14,0,560,0.0329,0.0,true
HiddenCover,16384,300,clustered,7,16,14,0,560,0.033,0.0,true
HiddenCover,16384,300,clustered,7,17,14,0,560,0.0332,0.0,true
HiddenCover,16384,300,clustered,7,18,14,0,560,0.0327,0.0,true
HiddenCover,16384,300,clustered,7,19,14,0,560,0.032799999999999996,0.0,true
HiddenCover,16384,300,clustered,7,20,14,0,560,0.032799999999999996,0.0,true
HiddenCover,16384,300,clustered,7,21,14,0,560,0.0329,0.0,true
HiddenCover,16384,300,clustered,7,22,14,0,560,0.0332,0.0,true
HiddenCover,16384,300,clustered,7,23,14,0,560,0.032799999999999996,0.0,true
HiddenCover,16384,300,clustered,7,24,14,0,560,0.032799999999999996,0.0,true
HiddenCover,16384,300,clustered,7,25,14,0,560,0.0327,0.0,true
HiddenCover,16384,300,clustered,7,26,14,0,560,0.0327,0.0,true
HiddenCover,16384,300,clustered,7,27,14,0,560,0.0327,0.0,true
HiddenCover,16384,300,clustered,7,28,14,0,560,0.0331,0.0,true
HiddenCover,16384,300,clustered,7,29,14,0,560,0.032799999999999996,0.0,true
HiddenCover,16384,300,clustered,8,0,12,0,496,0.0327,0.0,true
HiddenCover,16384,300,clustered,8,1,12,0,496,0.0336,0.0,true
HiddenCover,16384,300,clustered,8,2,12,0,496,0.0327,0.0,true
HiddenCover,16384,300,clustered,8,3,12,0,496,0.033800000000000004,0.0,true
HiddenCover,16384,300,clustered,8,4,12,0,496,0.033800000000000004,0.0,true
HiddenCover,16384,300,clustered,8,5,12,0,496,0.0335,0.0,true
HiddenCover,16384,300,clustered,8,6,12,0,496,0.0334,0.0,true
HiddenCover,16384,300,clustered,8,7,12,0,496,0.0344,0.0,true
HiddenCover,16384,300,clustered,8,8,12,0,496,0.032799999999999996,0.0,true
HiddenCover,16384,300,clustered,8,9,12,0,496,0.0322,0.0,true
HiddenCover,16384,300,clustered,8,10,12,0,496,0.0326,0.0,true
HiddenCover,16384,300,clustered,8,11,12,0,496,0.0322,0.0,true
HiddenCover,16384,300,clustered,8,12,12,0,496,0.0323,0.0,true
HiddenCover,16384,300,clustered,8,13,12,0,496,0.0322,0.0,true
HiddenCover,16384,300,clustered,8,14,12,0,496,0.0322,0.0,true
HiddenCover,16384,300,clustered,8,15,12,0,496,0.0323,0.0,true
HiddenCover,16384,300,clustered,8,16,12,0,496,0.032100000000000004,0.0,true
HiddenCover,16384,300,clustered,8,17,12,0,496,0.0326,0.0,true
HiddenCover,16384,300,clustered,8,18,12,0,496,0.0322,0.0,true
HiddenCover,16384,300,clustered,8,19,12,0,496,0.0324,0.0,true
HiddenCover,16384,300,clustered,8,20,12,0,496,0.0322,0.0,true
HiddenCover,16384,300,clustered,8,21,12,0,496,0.0322,0.0,true
HiddenCover,16384,300,clustered,8,22,12,0,496,0.0322,0.0,true
HiddenCover,16384,300,clustered,8,23,12,0,496,0.032100000000000004,0.0,true
HiddenCover,16384,300,clustered,8,24,12,0,496,0.032499999999999994,0.0,true
HiddenCover,16384,300,clustered,8,25,12,0,496,0.0324,0.0,true
HiddenCover,16384,300,clustered,8,26,12,0,496,0.0322,0.0,true
HiddenCover,16384,300,clustered,8,27,12,0,496,0.0322,0.0,true
HiddenCover,16384,300,clustered,8,28,12,0,496,0.032100000000000004,0.0,true
HiddenCover,16384,300,clustered,8,29,12,0,496,0.0322,0.0,true
HiddenCover,16384,300,clustered,9,0,15,0,592,0.0326,0.0,true
HiddenCover,16384,300,clustered,9,1,15,0,592,0.034100000000000005,0.0,true
HiddenCover,16384,300,clustered,9,2,15,0,592,0.0327,0.0,true
HiddenCover,16384,300,clustered,9,3,15,0,592,0.032799999999999996,0.0,true
HiddenCover,16384,300,clustered,9,4,15,0,592,0.033,0.0,true
HiddenCover,16384,300,clustered,9,5,15,0,592,0.0327,0.0,true
HiddenCover,16384,300,clustered,9,6,15,0,592,0.032499999999999994,0.0,true
HiddenCover,16384,300,clustered,9,7,15,0,592,0.0326,0.0,true
HiddenCover,16384,300,clustered,9,8,15,0,592,0.032799999999999996,0.0,true
HiddenCover,16384,300,clustered,9,9,15,0,592,0.033,0.0,true
HiddenCover,16384,300,clustered,9,10,15,0,592,0.032799999999999996,0.0,true
HiddenCover,16384,300,clustered,9,11,15,0,592,0.0326,0.0,true
HiddenCover,16384,300,clustered,9,12,15,0,592,0.0326,0.0,true
HiddenCover,16384,300,clustered,9,13,15,0,592,0.0327,0.0,true
HiddenCover,16384,300,clustered,9,14,15,0,592,0.0329,0.0,true
HiddenCover,16384,300,clustered,9,15,15,0,592,0.0327,0.0,true
HiddenCover,16384,300,clustered,9,16,15,0,592,0.0327,0.0,true
HiddenCover,16384,300,clustered,9,17,15,0,592,0.0327,0.0,true
HiddenCover,16384,300,clustered,9,18,15,0,592,0.032799999999999996,0.0,true
HiddenCover,16384,300,clustered,9,19,15,0,592,0.0326,0.0,true
HiddenCover,16384,300,clustered,9,20,15,0,592,0.0331,0.0,true
HiddenCover,16384,300,clustered,9,21,15,0,592,0.0327,0.0,true
HiddenCover,16384,300,clustered,9,22,15,0,592,0.0326,0.0,true
HiddenCover,16384,300,clustered,9,23,15,0,592,0.0326,0.0,true
HiddenCover,16384,300,clustered,9,24,15,0,592,0.0326,0.0,true
HiddenCover,16384,300,clustered,9,25,15,0,592,0.033,0.0,true
HiddenCover,16384,300,clustered,9,26,15,0,592,0.0326,0.0,true
HiddenCover,16384,300,clustered,9,27,15,0,592,0.0327,0.0,true
HiddenCover,16384,300,clustered,9,28,15,0,592,0.0326,0.0,true
HiddenCover,16384,300,clustered,9,29,15,0,592,0.032499999999999994,0.0,true
HiddenCover,16384,300,clustered,10,0,11,0,464,0.032,0.0,true
HiddenCover,16384,300,clustered,10,1,11,0,464,0.0324,0.0,true
HiddenCover,16384,300,clustered,10,2,11,0,464,0.032100000000000004,0.0,true
HiddenCover,16384,300,clustered,10,3,11,0,464,0.032,0.0,true
HiddenCover,16384,300,clustered,10,4,11,0,464,0.0322,0.0,true
HiddenCover,16384,300,clustered,10,5,11,0,464,0.032100000000000004,0.0,true
HiddenCover,16384,300,clustered,10,6,11,0,464,0.032100000000000004,0.0,true
HiddenCover,16384,300,clustered,10,7,11,0,464,0.032100000000000004,0.0,true
HiddenCover,16384,300,clustered,10,8,11,0,464,0.032499999999999994,0.0,true
HiddenCover,16384,300,clustered,10,9,11,0,464,0.032,0.0,true
HiddenCover,16384,300,clustered,10,10,11,0,464,0.032,0.0,true
HiddenCover,16384,300,clustered,10,11,11,0,464,0.032,0.0,true
HiddenCover,16384,300,clustered,10,12,11,0,464,0.0322,0.0,true
HiddenCover,16384,300,clustered,10,13,11,0,464,0.035500000000000004,0.0,true
HiddenCover,16384,300,clustered,10,14,11,0,464,0.0335,0.0,true
HiddenCover,16384,300,clustered,10,15,11,0,464,0.0323,0.0,true
HiddenCover,16384,300,clustered,10,16,11,0,464,0.032,0.0,true
HiddenCover,16384,300,clustered,10,17,11,0,464,0.032,0.0,true
HiddenCover,16384,300,clustered,10,18,11,0,464,0.032100000000000004,0.0,true
HiddenCover,16384,300,clustered,10,19,11,0,464,0.032100000000000004,0.0,true
HiddenCover,16384,300,clustered,10,20,11,0,464,0.032,0.0,true
HiddenCover,16384,300,clustered,10,21,11,0,464,0.032,0.0,true
HiddenCover,16384,300,clustered,10,22,11,0,464,0.033,0.0,true
HiddenCover,16384,300,clustered,10,23,11,0,464,0.0346,0.0,true
HiddenCover,16384,300,clustered,10,24,11,0,464,0.032,0.0,true
HiddenCover,16384,300,clustered,10,25,11,0,464,0.0322,0.0,true
HiddenCover,16384,300,clustered,10,26,11,0,464,0.0323,0.0,true
HiddenCover,16384,300,clustered,10,27,11,0,464,0.0337,0.0,true
HiddenCover,16384,300,clustered,10,28,11,0,464,0.0352,0.0,true
HiddenCover,16384,300,clustered,10,29,11,0,464,0.034100000000000005,0.0,true
HiddenCover,16384,300,clustered,11,0,14,0,560,0.0324,0.0,true
HiddenCover,16384,300,clustered,11,1,14,0,560,0.0324,0.0,true
HiddenCover,16384,300,clustered,11,2,14,0,560,0.0323,0.0,true
HiddenCover,16384,300,clustered,11,3,14,0,560,0.0324,0.0,true
HiddenCover,16384,300,clustered,11,4,14,0,560,0.0327,0.0,true
HiddenCover,16384,300,clustered,11,5,14,0,560,0.0324,0.0,true
HiddenCover,16384,300,clustered,11,6,14,0,560,0.032499999999999994,0.0,true
HiddenCover,16384,300,clustered,11,7,14,0,560,0.0324,0.0,true
HiddenCover,16384,300,clustered,11,8,14,0,560,0.0323,0.0,true
HiddenCover,16384,300,clustered,11,9,14,0,560,0.0329,0.0,true
HiddenCover,16384,300,clustered,11,10,14,0,560,0.0322,0.0,true
HiddenCover,16384,300,clustered,11,11,14,0,560,0.0323,0.0,true
HiddenCover,16384,300,clustered,11,12,14,0,560,0.0324,0.0,true
HiddenCover,16384,300,clustered,11,13,14,0,560,0.0324,0.0,true
HiddenCover,16384,300,clustered,11,14,14,0,560,0.0323,0.0,true
HiddenCover,16384,300,clustered,11,15,14,0,560,0.032799999999999996,0.0,true
HiddenCover,16384,300,clustered,11,16,14,0,560,0.0323,0.0,true
HiddenCover,16384,300,clustered,11,17,14,0,560,0.0324,0.0,true
HiddenCover,16384,300,clustered,11,18,14,0,560,0.0326,0.0,true
HiddenCover,16384,300,clustered,11,19,14,0,560,0.0323,0.0,true
HiddenCover,16384,300,clustered,11,20,14,0,560,0.0323,0.0,true
HiddenCover,16384,300,clustered,11,21,14,0,560,0.0329,0.0,true
HiddenCover,16384,300,clustered,11,22,14,0,560,0.0324,0.0,true
HiddenCover,16384,300,clustered,11,23,14,0,560,0.0323,0.0,true
HiddenCover,16384,300,clustered,11,24,14,0,560,0.0324,0.0,true
HiddenCover,16384,300,clustered,11,25,14,0,560,0.0324,0.0,true
HiddenCover,16384,300,clustered,11,26,14,0,560,0.0329,0.0,true
HiddenCover,16384,300,clustered,11,27,14,0,560,0.032499999999999994,0.0,true
HiddenCover,16384,300,clustered,11,28,14,0,560,0.0323,0.0,true
HiddenCover,16384,300,clustered,11,29,14,0,560,0.0323,0.0,true
HiddenCover,16384,300,clustered,12,0,14,0,560,0.0326,0.0,true
HiddenCover,16384,300,clustered,12,1,14,0,560,0.0331,0.0,true
HiddenCover,16384,300,clustered,12,2,14,0,560,0.034499999999999996,0.0,true
HiddenCover,16384,300,clustered,12,3,14,0,560,0.0368,0.0,true
HiddenCover,16384,300,clustered,12,4,14,0,560,0.0333,0.0,true
HiddenCover,16384,300,clustered,12,5,14,0,560,0.0334,0.0,true
HiddenCover,16384,300,clustered,12,6,14,0,560,0.0343,0.0,true
HiddenCover,16384,300,clustered,12,7,14,0,560,0.032499999999999994,0.0,true
HiddenCover,16384,300,clustered,12,8,14,0,560,0.0324,0.0,true
HiddenCover,16384,300,clustered,12,9,14,0,560,0.032499999999999994,0.0,true
HiddenCover,16384,300,clustered,12,10,14,0,560,0.0324,0.0,true
HiddenCover,16384,300,clustered,12,11,14,0,560,0.0323,0.0,true
HiddenCover,16384,300,clustered,12,12,14,0,560,0.032799999999999996,0.0,true
HiddenCover,16384,300,clustered,12,13,14,0,560,0.0324,0.0,true
HiddenCover,16384,300,clustered,12,14,14,0,560,0.0324,0.0,true
HiddenCover,16384,300,clustered,12,15,14,0,560,0.0324,0.0,true
HiddenCover,16384,300,clustered,12,16,14,0,560,0.0323,0.0,true
HiddenCover,16384,300,clustered,12,17,14,0,560,0.0324,0.0,true
HiddenCover,16384,300,clustered,12,18,14,0,560,0.032799999999999996,0.0,true
HiddenCover,16384,300,clustered,12,19,14,0,560,0.0323,0.0,true
HiddenCover,16384,300,clustered,12,20,14,0,560,0.0324,0.0,true
HiddenCover,16384,300,clustered,12,21,14,0,560,0.032499999999999994,0.0,true
HiddenCover,16384,300,clustered,12,22,14,0,560,0.0349,0.0,true
HiddenCover,16384,300,clustered,12,23,14,0,560,0.036399999999999995,0.0,true
HiddenCover,16384,300,clustered,12,24,14,0,560,0.0331,0.0,true
HiddenCover,16384,300,clustered,12,25,14,0,560,0.032499999999999994,0.0,true
HiddenCover,16384,300,clustered,12,26,14,0,560,0.0324,0.0,true
HiddenCover,16384,300,clustered,12,27,14,0,560,0.0324,0.0,true
HiddenCover,16384,300,clustered,12,28,14,0,560,0.0324,0.0,true
HiddenCover,16384,300,clustered,12,29,14,0,560,0.0327,0.0,true
HiddenCover,16384,300,clustered,13,0,13,0,528,0.032499999999999994,0.0,true
HiddenCover,16384,300,clustered,13,1,13,0,528,0.0324,0.0,true
HiddenCover,16384,300,clustered,13,2,13,0,528,0.032499999999999994,0.0,true
HiddenCover,16384,300,clustered,13,3,13,0,528,0.032499999999999994,0.0,true
HiddenCover,16384,300,clustered,13,4,13,0,528,0.0327,0.0,true
HiddenCover,16384,300,clustered,13,5,13,0,528,0.0326,0.0,true
HiddenCover,16384,300,clustered,13,6,13,0,528,0.032499999999999994,0.0,true
HiddenCover,16384,300,clustered,13,7,13,0,528,0.032499999999999994,0.0,true
HiddenCover,16384,300,clustered,13,8,13,0,528,0.0324,0.0,true
HiddenCover,16384,300,clustered,13,9,13,0,528,0.032499999999999994,0.0,true
HiddenCover,16384,300,clustered,13,10,13,0,528,0.0327,0.0,true
HiddenCover,16384,300,clustered,13,11,13,0,528,0.0324,0.0,true
HiddenCover,16384,300,clustered,13,12,13,0,528,0.0324,0.0,true
HiddenCover,16384,300,clustered,13,13,13,0,528,0.0324,0.0,true
HiddenCover,16384,300,clustered,13,14,13,0,528,0.032499999999999994,0.0,true
HiddenCover,16384,300,clustered,13,15,13,0,528,0.0324,0.0,true
HiddenCover,16384,300,clustered,13,16,13,0,528,0.0324,0.0,true
HiddenCover,16384,300,clustered,13,17,13,0,528,0.0327,0.0,true
HiddenCover,16384,300,clustered,13,18,13,0,528,0.0324,0.0,true
HiddenCover,16384,300,clustered,13,19,13,0,528,0.0324,0.0,true
HiddenCover,16384,300,clustered,13,20,13,0,528,0.0324,0.0,true
HiddenCover,16384,300,clustered,13,21,13,0,528,0.0326,0.0,true
HiddenCover,16384,300,clustered,13,22,13,0,528,0.0324,0.0,true
HiddenCover,16384,300,clustered,13,23,13,0,528,0.032799999999999996,0.0,true
HiddenCover,16384,300,clustered,13,24,13,0,528,0.0323,0.0,true
HiddenCover,16384,300,clustered,13,25,13,0,528,0.0324,0.0,true
HiddenCover,16384,300,clustered,13,26,13,0,528,0.0326,0.0,true
HiddenCover,16384,300,clustered,13,27,13,0,528,0.032499999999999994,0.0,true
HiddenCover,16384,300,clustered,13,28,13,0,528,0.0324,0.0,true
HiddenCover,16384,300,clustered,13,29,13,0,528,0.032799999999999996,0.0,true
HiddenCover,16384,300,clustered,14,0,14,0,560,0.0327,0.0,true
HiddenCover,16384,300,clustered,14,1,14,0,560,0.0336,0.0,true
HiddenCover,16384,300,clustered,14,2,14,0,560,0.0326,0.0,true
HiddenCover,16384,300,clustered,14,3,14,0,560,0.0361,0.0,true
HiddenCover,16384,300,clustered,14,4,14,0,560,0.034499999999999996,0.0,true
HiddenCover,16384,300,clustered,14,5,14,0,560,0.0323,0.0,true
HiddenCover,16384,300,clustered,14,6,14,0,560,0.0327,0.0,true
HiddenCover,16384,300,clustered,14,7,14,0,560,0.032100000000000004,0.0,true
HiddenCover,16384,300,clustered,14,8,14,0,560,0.0322,0.0,true
HiddenCover,16384,300,clustered,14,9,14,0,560,0.0326,0.0,true
HiddenCover,16384,300,clustered,14,10,14,0,560,0.0323,0.0,true
HiddenCover,16384,300,clustered,14,11,14,0,560,0.0324,0.0,true
HiddenCover,16384,300,clustered,14,12,14,0,560,0.0336,0.0,true
HiddenCover,16384,300,clustered,14,13,14,0,560,0.0322,0.0,true
HiddenCover,16384,300,clustered,14,14,14,0,560,0.0334,0.0,true
HiddenCover,16384,300,clustered,14,15,14,0,560,0.0337,0.0,true
HiddenCover,16384,300,clustered,14,16,14,0,560,0.034100000000000005,0.0,true
HiddenCover,16384,300,clustered,14,17,14,0,560,0.034,0.0,true
HiddenCover,16384,300,clustered,14,18,14,0,560,0.0334,0.0,true
HiddenCover,16384,300,clustered,14,19,14,0,560,0.034,0.0,true
HiddenCover,16384,300,clustered,14,20,14,0,560,0.033,0.0,true
HiddenCover,16384,300,clustered,14,21,14,0,560,0.0344,0.0,true
HiddenCover,16384,300,clustered,14,22,14,0,560,0.0323,0.0,true
HiddenCover,16384,300,clustered,14,23,14,0,560,0.0326,0.0,true
HiddenCover,16384,300,clustered,14,24,14,0,560,0.0323,0.0,true
HiddenCover,16384,300,clustered,14,25,14,0,560,0.0324,0.0,true
HiddenCover,16384,300,clustered,14,26,14,0,560,0.0326,0.0,true
HiddenCover,16384,300,clustered,14,27,14,0,560,0.0323,0.0,true
HiddenCover,16384,300,clustered,14,28,14,0,560,0.0335,0.0,true
HiddenCover,16384,300,clustered,14,29,14,0,560,0.0329,0.0,true
HiddenCover,16384,300,clustered,15,0,17,0,656,0.0331,0.0,true
HiddenCover,16384,300,clustered,15,1,17,0,656,0.033,0.0,true
HiddenCover,16384,300,clustered,15,2,17,0,656,0.0331,0.0,true
HiddenCover,16384,300,clustered,15,3,17,0,656,0.0343,0.0,true
HiddenCover,16384,300,clustered,15,4,17,0,656,0.0335,0.0,true
HiddenCover,16384,300,clustered,15,5,17,0,656,0.033,0.0,true
HiddenCover,16384,300,clustered,15,6,17,0,656,0.0329,0.0,true
HiddenCover,16384,300,clustered,15,7,17,0,656,0.033,0.0,true
HiddenCover,16384,300,clustered,15,8,17,0,656,0.0334,0.0,true
HiddenCover,16384,300,clustered,15,9,17,0,656,0.0331,0.0,true
HiddenCover,16384,300,clustered,15,10,17,0,656,0.0329,0.0,true
HiddenCover,16384,300,clustered,15,11,17,0,656,0.0331,0.0,true
HiddenCover,16384,300,clustered,15,12,17,0,656,0.033,0.0,true
HiddenCover,16384,300,clustered,15,13,17,0,656,0.0334,0.0,true
HiddenCover,16384,300,clustered,15,14,17,0,656,0.033,0.0,true
HiddenCover,16384,300,clustered,15,15,17,0,656,0.0331,0.0,true
HiddenCover,16384,300,clustered,15,16,17,0,656,0.0684,0.0,true
HiddenCover,16384,300,clustered,15,17,17,0,656,0.0404,0.0,true
HiddenCover,16384,300,clustered,15,18,17,0,656,0.0378,0.0,true
HiddenCover,16384,300,clustered,15,19,17,0,656,0.0352,0.0,true
HiddenCover,16384,300,clustered,15,20,17,0,656,0.0352,0.0,true
HiddenCover,16384,300,clustered,15,21,17,0,656,0.0359,0.0,true
HiddenCover,16384,300,clustered,15,22,17,0,656,0.035800000000000005,0.0,true
HiddenCover,16384,300,clustered,15,23,17,0,656,0.037200000000000004,0.0,true
HiddenCover,16384,300,clustered,15,24,17,0,656,0.0576,0.0,true
HiddenCover,16384,300,clustered,15,25,17,0,656,0.052,0.0,true
HiddenCover,16384,300,clustered,15,26,17,0,656,0.046900000000000004,0.0,true
HiddenCover,16384,300,clustered,15,27,17,0,656,0.0432,0.0,true
HiddenCover,16384,300,clustered,15,28,17,0,656,0.0445,0.0,true
HiddenCover,16384,300,clustered,15,29,17,0,656,0.0298,0.0,true
HiddenCover,16384,300,clustered,16,0,13,0,528,0.0343,0.0,true
HiddenCover,16384,300,clustered,16,1,13,0,528,0.0333,0.0,true
HiddenCover,16384,300,clustered,16,2,13,0,528,0.047599999999999996,0.0,true
HiddenCover,16384,300,clustered,16,3,13,0,528,0.037200000000000004,0.0,true
HiddenCover,16384,300,clustered,16,4,13,0,528,0.035500000000000004,0.0,true
HiddenCover,16384,300,clustered,16,5,13,0,528,0.036699999999999997,0.0,true
HiddenCover,16384,300,clustered,16,6,13,0,528,0.0521,0.0,true
HiddenCover,16384,300,clustered,16,7,13,0,528,0.0485,0.0,true
HiddenCover,16384,300,clustered,16,8,13,0,528,0.0466,0.0,true
HiddenCover,16384,300,clustered,16,9,13,0,528,0.0412,0.0,true
HiddenCover,16384,300,clustered,16,10,13,0,528,0.0379,0.0,true
HiddenCover,16384,300,clustered,16,11,13,0,528,0.0376,0.0,true
HiddenCover,16384,300,clustered,16,12,13,0,528,0.0375,0.0,true
HiddenCover,16384,300,clustered,16,13,13,0,528,0.038099999999999995,0.0,true
HiddenCover,16384,300,clustered,16,14,13,0,528,0.035800000000000005,0.0,true
HiddenCover,16384,300,clustered,16,15,13,0,528,0.034100000000000005,0.0,true
HiddenCover,16384,300,clustered,16,16,13,0,528,0.0463,0.0,true
HiddenCover,16384,300,clustered,16,17,13,0,528,0.037700000000000004,0.0,true
HiddenCover,16384,300,clustered,16,18,13,0,528,0.05,0.0,true
HiddenCover,16384,300,clustered,16,19,13,0,528,0.028900000000000002,0.0,true
HiddenCover,16384,300,clustered,16,20,13,0,528,0.0292,0.0,true
HiddenCover,16384,300,clustered,16,21,13,0,528,0.0287,0.0,true
HiddenCover,16384,300,clustered,16,22,13,0,528,0.0287,0.0,true
HiddenCover,16384,300,clustered,16,23,13,0,528,0.0286,0.0,true
HiddenCover,16384,300,clustered,16,24,13,0,528,0.0286,0.0,true
HiddenCover,16384,300,clustered,16,25,13,0,528,0.0288,0.0,true
HiddenCover,16384,300,clustered,16,26,13,0,528,0.0292,0.0,true
HiddenCover,16384,300,clustered,16,27,13,0,528,0.0285,0.0,true
HiddenCover,16384,300,clustered,16,28,13,0,528,0.0287,0.0,true
HiddenCover,16384,300,clustered,16,29,13,0,528,0.0288,0.0,true
HiddenCover,16384,300,clustered,17,0,16,0,624,0.0296,0.0,true
HiddenCover,16384,300,clustered,17,1,16,0,624,0.0292,0.0,true
HiddenCover,16384,300,clustered,17,2,16,0,624,0.0333,0.0,true
HiddenCover,16384,300,clustered,17,3,16,0,624,0.0295,0.0,true
HiddenCover,16384,300,clustered,17,4,16,0,624,0.0292,0.0,true
HiddenCover,16384,300,clustered,17,5,16,0,624,0.0296,0.0,true
HiddenCover,16384,300,clustered,17,6,16,0,624,0.0291,0.0,true
HiddenCover,16384,300,clustered,17,7,16,0,624,0.0293,0.0,true
HiddenCover,16384,300,clustered,17,8,16,0,624,0.0293,0.0,true
HiddenCover,16384,300,clustered,17,9,16,0,624,0.0303,0.0,true
HiddenCover,16384,300,clustered,17,10,16,0,624,0.030199999999999998,0.0,true
HiddenCover,16384,300,clustered,17,11,16,0,624,0.0294,0.0,true
HiddenCover,16384,300,clustered,17,12,16,0,624,0.0292,0.0,true
HiddenCover,16384,300,clustered,17,13,16,0,624,0.0292,0.0,true
HiddenCover,16384,300,clustered,17,14,16,0,624,0.0293,0.0,true
HiddenCover,16384,300,clustered,17,15,16,0,624,0.0301,0.0,true
HiddenCover,16384,300,clustered,17,16,16,0,624,0.0313,0.0,true
HiddenCover,16384,300,clustered,17,17,16,0,624,0.0294,0.0,true
HiddenCover,16384,300,clustered,17,18,16,0,624,0.039400000000000004,0.0,true
HiddenCover,16384,300,clustered,17,19,16,0,624,0.0346,0.0,true
HiddenCover,16384,300,clustered,17,20,16,0,624,0.0312,0.0,true
HiddenCover,16384,300,clustered,17,21,16,0,624,0.0295,0.0,true
HiddenCover,16384,300,clustered,17,22,16,0,624,0.035800000000000005,0.0,true
HiddenCover,16384,300,clustered,17,23,16,0,624,0.032799999999999996,0.0,true
HiddenCover,16384,300,clustered,17,24,16,0,624,0.0332,0.0,true
HiddenCover,16384,300,clustered,17,25,16,0,624,0.030800000000000004,0.0,true
HiddenCover,16384,300,clustered,17,26,16,0,624,0.030800000000000004,0.0,true
HiddenCover,16384,300,clustered,17,27,16,0,624,0.0295,0.0,true
HiddenCover,16384,300,clustered,17,28,16,0,624,0.0317,0.0,true
HiddenCover,16384,300,clustered,17,29,16,0,624,0.0322,0.0,true
HiddenCover,16384,300,clustered,18,0,16,0,624,0.0335,0.0,true
HiddenCover,16384,300,clustered,18,1,16,0,624,0.0294,0.0,true
HiddenCover,16384,300,clustered,18,2,16,0,624,0.0296,0.0,true
HiddenCover,16384,300,clustered,18,3,16,0,624,0.0296,0.0,true
HiddenCover,16384,300,clustered,18,4,16,0,624,0.0307,0.0,true
HiddenCover,16384,300,clustered,18,5,16,0,624,0.030800000000000004,0.0,true
HiddenCover,16384,300,clustered,18,6,16,0,624,0.0293,0.0,true
HiddenCover,16384,300,clustered,18,7,16,0,624,0.0299,0.0,true
HiddenCover,16384,300,clustered,18,8,16,0,624,0.0306,0.0,true
HiddenCover,16384,300,clustered,18,9,16,0,624,0.0295,0.0,true
HiddenCover,16384,300,clustered,18,10,16,0,624,0.0326,0.0,true
HiddenCover,16384,300,clustered,18,11,16,0,624,0.031099999999999996,0.0,true
HiddenCover,16384,300,clustered,18,12,16,0,624,0.0326,0.0,true
HiddenCover,16384,300,clustered,18,13,16,0,624,0.0297,0.0,true
HiddenCover,16384,300,clustered,18,14,16,0,624,0.0296,0.0,true
HiddenCover,16384,300,clustered,18,15,16,0,624,0.0301,0.0,true
HiddenCover,16384,300,clustered,18,16,16,0,624,0.043699999999999996,0.0,true
HiddenCover,16384,300,clustered,18,17,16,0,624,0.0303,0.0,true
HiddenCover,16384,300,clustered,18,18,16,0,624,0.0315,0.0,true
HiddenCover,16384,300,clustered,18,19,16,0,624,0.0298,0.0,true
HiddenCover,16384,300,clustered,18,20,16,0,624,0.0292,0.0,true
HiddenCover,16384,300,clustered,18,21,16,0,624,0.0306,0.0,true
HiddenCover,16384,300,clustered,18,22,16,0,624,0.0323,0.0,true
HiddenCover,16384,300,clustered,18,23,16,0,624,0.0297,0.0,true
HiddenCover,16384,300,clustered,18,24,16,0,624,0.0296,0.0,true
HiddenCover,16384,300,clustered,18,25,16,0,624,0.0305,0.0,true
HiddenCover,16384,300,clustered,18,26,16,0,624,0.0305,0.0,true
HiddenCover,16384,300,clustered,18,27,16,0,624,0.0296,0.0,true
HiddenCover,16384,300,clustered,18,28,16,0,624,0.0293,0.0,true
HiddenCover,16384,300,clustered,18,29,16,0,624,0.0306,0.0,true
HiddenCover,16384,300,clustered,19,0,20,0,752,0.0323,0.0,true
HiddenCover,16384,300,clustered,19,1,20,0,752,0.0307,0.0,true
HiddenCover,16384,300,clustered,19,2,20,0,752,0.0323,0.0,true
HiddenCover,16384,300,clustered,19,3,20,0,752,0.0349,0.0,true
HiddenCover,16384,300,clustered,19,4,20,0,752,0.0388,0.0,true
HiddenCover,16384,300,clustered,19,5,20,0,752,0.036000000000000004,0.0,true
HiddenCover,16384,300,clustered,19,6,20,0,752,0.0329,0.0,true
HiddenCover,16384,300,clustered,19,7,20,0,752,0.0354,0.0,true
HiddenCover,16384,300,clustered,19,8,20,0,752,0.0339,0.0,true
HiddenCover,16384,300,clustered,19,9,20,0,752,0.030800000000000004,0.0,true
HiddenCover,16384,300,clustered,19,10,20,0,752,0.030199999999999998,0.0,true
HiddenCover,16384,300,clustered,19,11,20,0,752,0.041699999999999994,0.0,true
HiddenCover,16384,300,clustered,19,12,20,0,752,0.0304,0.0,true
HiddenCover,16384,300,clustered,19,13,20,0,752,0.0303,0.0,true
HiddenCover,16384,300,clustered,19,14,20,0,752,0.0303,0.0,true
HiddenCover,16384,300,clustered,19,15,20,0,752,0.0306,0.0,true
HiddenCover,16384,300,clustered,19,16,20,0,752,0.030199999999999998,0.0,true
HiddenCover,16384,300,clustered,19,17,20,0,752,0.030199999999999998,0.0,true
HiddenCover,16384,300,clustered,19,18,20,0,752,0.0303,0.0,true
HiddenCover,16384,300,clustered,19,19,20,0,752,0.0304,0.0,true
HiddenCover,16384,300,clustered,19,20,20,0,752,0.030199999999999998,0.0,true
HiddenCover,16384,300,clustered,19,21,20,0,752,0.0301,0.0,true
HiddenCover,16384,300,clustered,19,22,20,0,752,0.030199999999999998,0.0,true
HiddenCover,16384,300,clustered,19,23,20,0,752,0.0306,0.0,true
HiddenCover,16384,300,clustered,19,24,20,0,752,0.030199999999999998,0.0,true
HiddenCover,16384,300,clustered,19,25,20,0,752,0.0303,0.0,true
HiddenCover,16384,300,clustered,19,26,20,0,752,0.031,0.0,true
HiddenCover,16384,300,clustered,19,27,20,0,752,0.0395,0.0,true
HiddenCover,16384,300,clustered,19,28,20,0,752,0.031099999999999996,0.0,true
HiddenCover,16384,300,clustered,19,29,20,0,752,0.030199999999999998,0.0,true
HiddenCover,16384,300,random,0,0,1494,0,47920,0.3092,0.0,true
HiddenCover,16384,300,random,0,1,1494,0,47920,0.299,0.0,true
HiddenCover,16384,300,random,0,2,1494,0,47920,0.3094,0.0,true
HiddenCover,16384,300,random,0,3,1494,0,47920,0.3076,0.0,true
HiddenCover,16384,300,random,0,4,1494,0,47920,0.2972,0.0,true
HiddenCover,16384,300,random,0,5,1494,0,47920,0.3252,0.0,true
HiddenCover,16384,300,random,0,6,1494,0,47920,0.31110000000000004,0.0,true
HiddenCover,16384,300,random,0,7,1494,0,47920,0.3088,0.0,true
HiddenCover,16384,300,random,0,8,1494,0,47920,0.29910000000000003,0.0,true
HiddenCover,16384,300,random,0,9,1494,0,47920,0.30929999999999996,0.0,true
HiddenCover,16384,300,random,0,10,1494,0,47920,0.3103,0.0,true
HiddenCover,16384,300,random,0,11,1494,0,47920,0.2999,0.0,true
HiddenCover,16384,300,random,0,12,1494,0,47920,0.31070000000000003,0.0,true
HiddenCover,16384,300,random,0,13,1494,0,47920,0.2989,0.0,true
HiddenCover,16384,300,random,0,14,1494,0,47920,0.3262,0.0,true
HiddenCover,16384,300,random,0,15,1494,0,47920,0.3057,0.0,true
HiddenCover,16384,300,random,0,16,1494,0,47920,0.3032,0.0,true
HiddenCover,16384,300,random,0,17,1494,0,47920,0.3076,0.0,true
HiddenCover,16384,300,random,0,18,1494,0,47920,0.298,0.0,true
HiddenCover,16384,300,random,0,19,1494,0,47920,0.3162,0.0,true
HiddenCover,16384,300,random,0,20,1494,0,47920,0.3072,0.0,true
HiddenCover,16384,300,random,0,21,1494,0,47920,0.314,0.0,true
HiddenCover,16384,300,random,0,22,1494,0,47920,0.311,0.0,true
HiddenCover,16384,300,random,0,23,1494,0,47920,0.3059,0.0,true
HiddenCover,16384,300,random,0,24,1494,0,47920,0.4243,0.0,true
HiddenCover,16384,300,random,0,25,1494,0,47920,0.3123,0.0,true
HiddenCover,16384,300,random,0,26,1494,0,47920,0.3203,0.0,true
HiddenCover,16384,300,random,0,27,1494,0,47920,0.3121,0.0,true
HiddenCover,16384,300,random,0,28,1494,0,47920,0.3,0.0,true
HiddenCover,16384,300,random,0,29,1494,0,47920,0.29619999999999996,0.0,true
HiddenCover,16384,300,random,1,0,1466,0,47024,0.3046,0.0,true
HiddenCover,16384,300,random,1,1,1466,0,47024,0.2979,0.0,true
HiddenCover,16384,300,random,1,2,1466,0,47024,0.3053,0.0,true
HiddenCover,16384,300,random,1,3,1466,0,47024,0.2915,0.0,true
HiddenCover,16384,300,random,1,4,1466,0,47024,0.2923,0.0,true
HiddenCover,16384,300,random,1,5,1466,0,47024,0.2917,0.0,true
HiddenCover,16384,300,random,1,6,1466,0,47024,0.29159999999999997,0.0,true
HiddenCover,16384,300,random,1,7,1466,0,47024,0.29329999999999995,0.0,true
HiddenCover,16384,300,random,1,8,1466,0,47024,0.2945,0.0,true
HiddenCover,16384,300,random,1,9,1466,0,47024,0.2925,0.0,true
HiddenCover,16384,300,random,1,10,1466,0,47024,0.294,0.0,true
HiddenCover,16384,300,random,1,11,1466,0,47024,0.3078,0.0,true
HiddenCover,16384,300,random,1,12,1466,0,47024,0.2977,0.0,true
HiddenCover,16384,300,random,1,13,1466,0,47024,0.30929999999999996,0.0,true
HiddenCover,16384,300,random,1,14,1466,0,47024,0.2961,0.0,true
HiddenCover,16384,300,random,1,15,1466,0,47024,0.2938,0.0,true
HiddenCover,16384,300,random,1,16,1466,0,47024,0.2952,0.0,true
HiddenCover,16384,300,random,1,17,1466,0,47024,0.2953,0.0,true
HiddenCover,16384,300,random,1,18,1466,0,47024,0.2935,0.0,true
HiddenCover,16384,300,random,1,19,1466,0,47024,0.296,0.0,true
HiddenCover,16384,300,random,1,20,1466,0,47024,0.3013,0.0,true
HiddenCover,16384,300,random,1,21,1466,0,47024,0.2939,0.0,true
HiddenCover,16384,300,random,1,22,1466,0,47024,0.29100000000000004,0.0,true
HiddenCover,16384,300,random,1,23,1466,0,47024,0.29369999999999996,0.0,true
HiddenCover,16384,300,random,1,24,1466,0,47024,0.2942,0.0,true
HiddenCover,16384,300,random,1,25,1466,0,47024,0.3203,0.0,true
HiddenCover,16384,300,random,1,26,1466,0,47024,0.2942,0.0,true
HiddenCover,16384,300,random,1,27,1466,0,47024,0.294,0.0,true
HiddenCover,16384,300,random,1,28,1466,0,47024,0.2926,0.0,true
HiddenCover,16384,300,random,1,29,1466,0,47024,0.3025,0.0,true
HiddenCover,16384,300,random,2,0,1477,0,47376,0.2999,0.0,true
HiddenCover,16384,300,random,2,1,1477,0,47376,0.29540000000000005,0.0,true
HiddenCover,16384,300,random,2,2,1477,0,47376,0.2935,0.0,true
HiddenCover,16384,300,random,2,3,1477,0,47376,0.2943,0.0,true
HiddenCover,16384,300,random,2,4,1477,0,47376,0.2941,0.0,true
HiddenCover,16384,300,random,2,5,1477,0,47376,0.2939,0.0,true
HiddenCover,16384,300,random,2,6,1477,0,47376,0.29329999999999995,0.0,true
HiddenCover,16384,300,random,2,7,1477,0,47376,0.3186,0.0,true
HiddenCover,16384,300,random,2,8,1477,0,47376,0.4419,0.0,true
HiddenCover,16384,300,random,2,9,1477,0,47376,0.7654,0.0,true
HiddenCover,16384,300,random,2,10,1477,0,47376,0.4527,0.0,true
HiddenCover,16384,300,random,2,11,1477,0,47376,0.4777,0.0,true
HiddenCover,16384,300,random,2,12,1477,0,47376,0.4795,0.0,true
HiddenCover,16384,300,random,2,13,1477,0,47376,0.5005,0.0,true
HiddenCover,16384,300,random,2,14,1477,0,47376,0.37829999999999997,0.0,true
HiddenCover,16384,300,random,2,15,1477,0,47376,0.3128,0.0,true
HiddenCover,16384,300,random,2,16,1477,0,47376,0.4176,0.0,true
HiddenCover,16384,300,random,2,17,1477,0,47376,0.39990000000000003,0.0,true
HiddenCover,16384,300,random,2,18,1477,0,47376,0.2969,0.0,true
HiddenCover,16384,300,random,2,19,1477,0,47376,0.2934,0.0,true
HiddenCover,16384,300,random,2,20,1477,0,47376,0.2998,0.0,true
HiddenCover,16384,300,random,2,21,1477,0,47376,0.2942,0.0,true
HiddenCover,16384,300,random,2,22,1477,0,47376,0.29300000000000004,0.0,true
HiddenCover,16384,300,random,2,23,1477,0,47376,0.29500000000000004,0.0,true
HiddenCover,16384,300,random,2,24,1477,0,47376,0.2964,0.0,true
HiddenCover,16384,300,random,2,25,1477,0,47376,0.2958,0.0,true
HiddenCover,16384,300,random,2,26,1477,0,47376,0.3058,0.0,true
HiddenCover,16384,300,random,2,27,1477,0,47376,0.2961,0.0,true
HiddenCover,16384,300,random,2,28,1477,0,47376,0.2952,0.0,true
HiddenCover,16384,300,random,2,29,1477,0,47376,0.29569999999999996,0.0,true
HiddenCover,16384,300,random,3,0,1471,0,47184,0.2913,0.0,true
HiddenCover,16384,300,random,3,1,1471,0,47184,0.2938,0.0,true
HiddenCover,16384,300,random,3,2,1471,0,47184,0.292,0.0,true
HiddenCover,16384,300,random,3,3,1471,0,47184,0.29300000000000004,0.0,true
HiddenCover,16384,300,random,3,4,1471,0,47184,0.29329999999999995,0.0,true
HiddenCover,16384,300,random,3,5,1471,0,47184,0.3883,0.0,true
HiddenCover,16384,300,random,3,6,1471,0,47184,0.37389999999999995,0.0,true
HiddenCover,16384,300,random,3,7,1471,0,47184,0.4289,0.0,true
HiddenCover,16384,300,random,3,8,1471,0,47184,0.3928,0.0,true
HiddenCover,16384,300,random,3,9,1471,0,47184,0.3079,0.0,true
HiddenCover,16384,300,random,3,10,1471,0,47184,0.2935,0.0,true
HiddenCover,16384,300,random,3,11,1471,0,47184,0.2952,0.0,true
HiddenCover,16384,300,random,3,12,1471,0,47184,0.29569999999999996,0.0,true
HiddenCover,16384,300,random,3,13,1471,0,47184,0.2967,0.0,true
HiddenCover,16384,300,random,3,14,1471,0,47184,0.30610000000000004,0.0,true
HiddenCover,16384,300,random,3,15,1471,0,47184,0.2922,0.0,true
HiddenCover,16384,300,random,3,16,1471,0,47184,0.29300000000000004,0.0,true
HiddenCover,16384,300,random,3,17,1471,0,47184,0.29359999999999997,0.0,true
HiddenCover,16384,300,random,3,18,1471,0,47184,0.35960000000000003,0.0,true
HiddenCover,16384,300,random,3,19,1471,0,47184,0.4541,0.0,true
HiddenCover,16384,300,random,3,20,1471,0,47184,0.31829999999999997,0.0,true
HiddenCover,16384,300,random,3,21,1471,0,47184,0.30679999999999996,0.0,true
HiddenCover,16384,300,random,3,22,1471,0,47184,0.3173,0.0,true
HiddenCover,16384,300,random,3,23,1471,0,47184,0.3208,0.0,true
HiddenCover,16384,300,random,3,24,1471,0,47184,0.3286,0.0,true
HiddenCover,16384,300,random,3,25,1471,0,47184,0.3056,0.0,true
HiddenCover,16384,300,random,3,26,1471,0,47184,0.3032,0.0,true
HiddenCover,16384,300,random,3,27,1471,0,47184,0.3074,0.0,true
HiddenCover,16384,300,random,3,28,1471,0,47184,0.2918,0.0,true
HiddenCover,16384,300,random,3,29,1471,0,47184,0.2973,0.0,true
HiddenCover,16384,300,random,4,0,1473,0,47248,0.2942,0.0,true
HiddenCover,16384,300,random,4,1,1473,0,47248,0.3084,0.0,true
HiddenCover,16384,300,random,4,2,1473,0,47248,0.2924,0.0,true
HiddenCover,16384,300,random,4,3,1473,0,47248,0.2953,0.0,true
HiddenCover,16384,300,random,4,4,1473,0,47248,0.2945,0.0,true
HiddenCover,16384,300,random,4,5,1473,0,47248,0.29359999999999997,0.0,true
HiddenCover,16384,300,random,4,6,1473,0,47248,0.2931,0.0,true
HiddenCover,16384,300,random,4,7,1473,0,47248,0.3053,0.0,true
HiddenCover,16384,300,random,4,8,1473,0,47248,0.2931,0.0,true
HiddenCover,16384,300,random,4,9,1473,0,47248,0.29369999999999996,0.0,true
HiddenCover,16384,300,random,4,10,1473,0,47248,0.29500000000000004,0.0,true
HiddenCover,16384,300,random,4,11,1473,0,47248,0.2952,0.0,true
HiddenCover,16384,300,random,4,12,1473,0,47248,0.2925,0.0,true
HiddenCover,16384,300,random,4,13,1473,0,47248,0.29329999999999995,0.0,true
HiddenCover,16384,300,random,4,14,1473,0,47248,0.29090000000000005,0.0,true
HiddenCover,16384,300,random,4,15,1473,0,47248,0.2953,0.0,true
HiddenCover,16384,300,random,4,16,1473,0,47248,0.30229999999999996,0.0,true
HiddenCover,16384,300,random,4,17,1473,0,47248,0.2947,0.0,true
HiddenCover,16384,300,random,4,18,1473,0,47248,0.3497,0.0,true
HiddenCover,16384,300,random,4,19,1473,0,47248,0.3347,0.0,true
HiddenCover,16384,300,random,4,20,1473,0,47248,0.2879,0.0,true
HiddenCover,16384,300,random,4,21,1473,0,47248,0.2856,0.0,true
HiddenCover,16384,300,random,4,22,1473,0,47248,0.28650000000000003,0.0,true
HiddenCover,16384,300,random,4,23,1473,0,47248,0.2854,0.0,true
HiddenCover,16384,300,random,4,24,1473,0,47248,0.2858,0.0,true
HiddenCover,16384,300,random,4,25,1473,0,47248,0.2985,0.0,true
HiddenCover,16384,300,random,4,26,1473,0,47248,0.2881,0.0,true
HiddenCover,16384,300,random,4,27,1473,0,47248,0.2869,0.0,true
HiddenCover,16384,300,random,4,28,1473,0,47248,0.2888,0.0,true
HiddenCover,16384,300,random,4,29,1473,0,47248,0.2869,0.0,true
HiddenCover,16384,300,random,5,0,1487,0,47696,0.3025,0.0,true
HiddenCover,16384,300,random,5,1,1487,0,47696,0.3049,0.0,true
HiddenCover,16384,300,random,5,2,1487,0,47696,0.3135,0.0,true
HiddenCover,16384,300,random,5,3,1487,0,47696,0.3011,0.0,true
HiddenCover,16384,300,random,5,4,1487,0,47696,0.297,0.0,true
HiddenCover,16384,300,random,5,5,1487,0,47696,0.3015,0.0,true
HiddenCover,16384,300,random,5,6,1487,0,47696,0.3009,0.0,true
HiddenCover,16384,300,random,5,7,1487,0,47696,0.2985,0.0,true
HiddenCover,16384,300,random,5,8,1487,0,47696,0.311,0.0,true
HiddenCover,16384,300,random,5,9,1487,0,47696,0.29510000000000003,0.0,true
HiddenCover,16384,300,random,5,10,1487,0,47696,0.3011,0.0,true
HiddenCover,16384,300,random,5,11,1487,0,47696,0.30889999999999995,0.0,true
HiddenCover,16384,300,random,5,12,1487,0,47696,0.2967,0.0,true
HiddenCover,16384,300,random,5,13,1487,0,47696,0.29779999999999995,0.0,true
HiddenCover,16384,300,random,5,14,1487,0,47696,0.2968,0.0,true
HiddenCover,16384,300,random,5,15,1487,0,47696,0.29710000000000003,0.0,true
HiddenCover,16384,300,random,5,16,1487,0,47696,0.2968,0.0,true
HiddenCover,16384,300,random,5,17,1487,0,47696,0.2967,0.0,true
HiddenCover,16384,300,random,5,18,1487,0,47696,0.29569999999999996,0.0,true
HiddenCover,16384,300,random,5,19,1487,0,47696,0.2993,0.0,true
HiddenCover,16384,300,random,5,20,1487,0,47696,0.2973,0.0,true
HiddenCover,16384,300,random,5,21,1487,0,47696,0.29750000000000004,0.0,true
HiddenCover,16384,300,random,5,22,1487,0,47696,0.298,0.0,true
HiddenCover,16384,300,random,5,23,1487,0,47696,0.29619999999999996,0.0,true
HiddenCover,16384,300,random,5,24,1487,0,47696,0.3005,0.0,true
HiddenCover,16384,300,random,5,25,1487,0,47696,0.3239,0.0,true
HiddenCover,16384,300,random,5,26,1487,0,47696,0.2966,0.0,true
HiddenCover,16384,300,random,5,27,1487,0,47696,0.29819999999999997,0.0,true
HiddenCover,16384,300,random,5,28,1487,0,47696,0.2964,0.0,true
HiddenCover,16384,300,random,5,29,1487,0,47696,0.2963,0.0,true
HiddenCover,16384,300,random,6,0,1503,0,48208,0.3525,0.0,true
HiddenCover,16384,300,random,6,1,1503,0,48208,0.33740000000000003,0.0,true
HiddenCover,16384,300,random,6,2,1503,0,48208,0.2997,0.0,true
HiddenCover,16384,300,random,6,3,1503,0,48208,0.30160000000000003,0.0,true
HiddenCover,16384,300,random,6,4,1503,0,48208,0.299,0.0,true
HiddenCover,16384,300,random,6,5,1503,0,48208,0.3,0.0,true
HiddenCover,16384,300,random,6,6,1503,0,48208,0.29710000000000003,0.0,true
HiddenCover,16384,300,random,6,7,1503,0,48208,0.3009,0.0,true
HiddenCover,16384,300,random,6,8,1503,0,48208,0.2889,0.0,true
HiddenCover,16384,300,random,6,9,1503,0,48208,0.2888,0.0,true
HiddenCover,16384,300,random,6,10,1503,0,48208,0.2961,0.0,true
HiddenCover,16384,300,random,6,11,1503,0,48208,0.3076,0.0,true
HiddenCover,16384,300,random,6,12,1503,0,48208,0.39189999999999997,0.0,true
HiddenCover,16384,300,random,6,13,1503,0,48208,0.49089999999999995,0.0,true
HiddenCover,16384,300,random,6,14,1503,0,48208,0.5337000000000001,0.0,true
HiddenCover,16384,300,random,6,15,1503,0,48208,0.4401,0.0,true
HiddenCover,16384,300,random,6,16,1503,0,48208,0.3173,0.0,true
HiddenCover,16384,300,random,6,17,1503,0,48208,0.3266,0.0,true
HiddenCover,16384,300,random,6,18,1503,0,48208,0.3136,0.0,true
HiddenCover,16384,300,random,6,19,1503,0,48208,0.49660000000000004,0.0,true
HiddenCover,16384,300,random,6,20,1503,0,48208,0.4638,0.0,true
HiddenCover,16384,300,random,6,21,1503,0,48208,0.4305,0.0,true
HiddenCover,16384,300,random,6,22,1503,0,48208,0.3512,0.0,true
HiddenCover,16384,300,random,6,23,1503,0,48208,0.3009,0.0,true
HiddenCover,16384,300,random,6,24,1503,0,48208,0.313,0.0,true
HiddenCover,16384,300,random,6,25,1503,0,48208,0.3013,0.0,true
HiddenCover,16384,300,random,6,26,1503,0,48208,0.3098,0.0,true
HiddenCover,16384,300,random,6,27,1503,0,48208,0.3036,0.0,true
HiddenCover,16384,300,random,6,28,1503,0,48208,0.3013,0.0,true
HiddenCover,16384,300,random,6,29,1503,0,48208,0.30029999999999996,0.0,true
HiddenCover,16384,300,random,7,0,1497,0,48016,0.30069999999999997,0.0,true
HiddenCover,16384,300,random,7,1,1497,0,48016,0.3373,0.0,true
HiddenCover,16384,300,random,7,2,1497,0,48016,0.3088,0.0,true
HiddenCover,16384,300,random,7,3,1497,0,48016,0.303,0.0,true
HiddenCover,16384,300,random,7,4,1497,0,48016,0.3025,0.0,true
HiddenCover,16384,300,random,7,5,1497,0,48016,0.30029999999999996,0.0,true
HiddenCover,16384,300,random,7,6,1497,0,48016,0.3017,0.0,true
HiddenCover,16384,300,random,7,7,1497,0,48016,0.3008,0.0,true
HiddenCover,16384,300,random,7,8,1497,0,48016,0.3121,0.0,true
HiddenCover,16384,300,random,7,9,1497,0,48016,0.3008,0.0,true
HiddenCover,16384,300,random,7,10,1497,0,48016,0.3004,0.0,true
HiddenCover,16384,300,random,7,11,1497,0,48016,0.3058,0.0,true
HiddenCover,16384,300,random,7,12,1497,0,48016,0.2985,0.0,true
HiddenCover,16384,300,random,7,13,1497,0,48016,0.2993,0.0,true
HiddenCover,16384,300,random,7,14,1497,0,48016,0.30029999999999996,0.0,true
HiddenCover,16384,300,random,7,15,1497,0,48016,0.3125,0.0,true
HiddenCover,16384,300,random,7,16,1497,0,48016,0.30160000000000003,0.0,true
HiddenCover,16384,300,random,7,17,1497,0,48016,0.3005,0.0,true
HiddenCover,16384,300,random,7,18,1497,0,48016,0.30019999999999997,0.0,true
HiddenCover,16384,300,random,7,19,1497,0,48016,0.2989,0.0,true
HiddenCover,16384,300,random,7,20,1497,0,48016,0.3031,0.0,true
HiddenCover,16384,300,random,7,21,1497,0,48016,0.2995,0.0,true
HiddenCover,16384,300,random,7,22,1497,0,48016,0.3017,0.0,true
HiddenCover,16384,300,random,7,23,1497,0,48016,0.3099,0.0,true
HiddenCover,16384,300,random,7,24,1497,0,48016,0.4039,0.0,true
HiddenCover,16384,300,random,7,25,1497,0,48016,0.4643,0.0,true
HiddenCover,16384,300,random,7,26,1497,0,48016,0.3174,0.0,true
HiddenCover,16384,300,random,7,27,1497,0,48016,0.2983,0.0,true
HiddenCover,16384,300,random,7,28,1497,0,48016,0.28959999999999997,0.0,true
HiddenCover,16384,300,random,7,29,1497,0,48016,0.29460000000000003,0.0,true
HiddenCover,16384,300,random,8,0,1495,0,47952,0.2893,0.0,true
HiddenCover,16384,300,random,8,1,1495,0,47952,0.2882,0.0,true
HiddenCover,16384,300,random,8,2,1495,0,47952,0.2869,0.0,true
HiddenCover,16384,300,random,8,3,1495,0,47952,0.285,0.0,true
HiddenCover,16384,300,random,8,4,1495,0,47952,0.2855,0.0,true
HiddenCover,16384,300,random,8,5,1495,0,47952,0.2862,0.0,true
HiddenCover,16384,300,random,8,6,1495,0,47952,0.29460000000000003,0.0,true
HiddenCover,16384,300,random,8,7,1495,0,47952,0.2848,0.0,true
HiddenCover,16384,300,random,8,8,1495,0,47952,0.28350000000000003,0.0,true
HiddenCover,16384,300,random,8,9,1495,0,47952,0.2849,0.0,true
HiddenCover,16384,300,random,8,10,1495,0,47952,0.2985,0.0,true
HiddenCover,16384,300,random,8,11,1495,0,47952,0.2869,0.0,true
HiddenCover,16384,300,random,8,12,1495,0,47952,0.34190000000000004,0.0,true
HiddenCover,16384,300,random,8,13,1495,0,47952,0.4497,0.0,true
HiddenCover,16384,300,random,8,14,1495,0,47952,0.3667,0.0,true
HiddenCover,16384,300,random,8,15,1495,0,47952,0.3221,0.0,true
HiddenCover,16384,300,random,8,16,1495,0,47952,0.298,0.0,true
HiddenCover,16384,300,random,8,17,1495,0,47952,0.2985,0.0,true
HiddenCover,16384,300,random,8,18,1495,0,47952,0.3006,0.0,true
HiddenCover,16384,300,random,8,19,1495,0,47952,0.2998,0.0,true
HiddenCover,16384,300,random,8,20,1495,0,47952,0.29910000000000003,0.0,true
HiddenCover,16384,300,random,8,21,1495,0,47952,0.29910000000000003,0.0,true
HiddenCover,16384,300,random,8,22,1495,0,47952,0.301,0.0,true
HiddenCover,16384,300,random,8,23,1495,0,47952,0.3097,0.0,true
HiddenCover,16384,300,random,8,24,1495,0,47952,0.30679999999999996,0.0,true
HiddenCover,16384,300,random,8,25,1495,0,47952,0.317,0.0,true
HiddenCover,16384,300,random,8,26,1495,0,47952,0.3014,0.0,true
HiddenCover,16384,300,random,8,27,1495,0,47952,0.3011,0.0,true
HiddenCover,16384,300,random,8,28,1495,0,47952,0.30069999999999997,0.0,true
HiddenCover,16384,300,random,8,29,1495,0,47952,0.3005,0.0,true
HiddenCover,16384,300,random,9,0,1463,0,46928,0.2943,0.0,true
HiddenCover,16384,300,random,9,1,1463,0,46928,0.29159999999999997,0.0,true
HiddenCover,16384,300,random,9,2,1463,0,46928,0.5899,0.0,true
HiddenCover,16384,300,random,9,3,1463,0,46928,0.5730000000000001,0.0,true
HiddenCover,16384,300,random,9,4,1463,0,46928,0.40230000000000005,0.0,true
HiddenCover,16384,300,random,9,5,1463,0,46928,0.3076,0.0,true
HiddenCover,16384,300,random,9,6,1463,0,46928,0.2987,0.0,true
HiddenCover,16384,300,random,9,7,1463,0,46928,0.2999,0.0,true
HiddenCover,16384,300,random,9,8,1463,0,46928,0.3078,0.0,true
HiddenCover,16384,300,random,9,9,1463,0,46928,0.298,0.0,true
HiddenCover,16384,300,random,9,10,1463,0,46928,0.31110000000000004,0.0,true
HiddenCover,16384,300,random,9,11,1463,0,46928,0.3253,0.0,true
HiddenCover,16384,300,random,9,12,1463,0,46928,0.33780000000000004,0.0,true
HiddenCover,16384,300,random,9,13,1463,0,46928,0.2825,0.0,true
HiddenCover,16384,300,random,9,14,1463,0,46928,0.2792,0.0,true
HiddenCover,16384,300,random,9,15,1463,0,46928,0.2782,0.0,true
HiddenCover,16384,300,random,9,16,1463,0,46928,0.28219999999999995,0.0,true
HiddenCover,16384,300,random,9,17,1463,0,46928,0.28200000000000003,0.0,true
HiddenCover,16384,300,random,9,18,1463,0,46928,0.28919999999999996,0.0,true
HiddenCover,16384,300,random,9,19,1463,0,46928,0.2812,0.0,true
HiddenCover,16384,300,random,9,20,1463,0,46928,0.28219999999999995,0.0,true
HiddenCover,16384,300,random,9,21,1463,0,46928,0.2811,0.0,true
HiddenCover,16384,300,random,9,22,1463,0,46928,0.30200000000000005,0.0,true
HiddenCover,16384,300,random,9,23,1463,0,46928,0.29100000000000004,0.0,true
HiddenCover,16384,300,random,9,24,1463,0,46928,0.29550000000000004,0.0,true
HiddenCover,16384,300,random,9,25,1463,0,46928,0.40059999999999996,0.0,true
HiddenCover,16384,300,random,9,26,1463,0,46928,0.4031,0.0,true
HiddenCover,16384,300,random,9,27,1463,0,46928,0.4185,0.0,true
HiddenCover,16384,300,random,9,28,1463,0,46928,0.29960000000000003,0.0,true
HiddenCover,16384,300,random,9,29,1463,0,46928,0.3049,0.0,true
HiddenCover,16384,300,random,10,0,1488,0,47728,0.2958,0.0,true
HiddenCover,16384,300,random,10,1,1488,0,47728,0.3025,0.0,true
HiddenCover,16384,300,random,10,2,1488,0,47728,0.2967,0.0,true
HiddenCover,16384,300,random,10,3,1488,0,47728,0.2994,0.0,true
HiddenCover,16384,300,random,10,4,1488,0,47728,0.2967,0.0,true
HiddenCover,16384,300,random,10,5,1488,0,47728,0.2947,0.0,true
HiddenCover,16384,300,random,10,6,1488,0,47728,0.29710000000000003,0.0,true
HiddenCover,16384,300,random,10,7,1488,0,47728,0.2988,0.0,true
HiddenCover,16384,300,random,10,8,1488,0,47728,0.3006,0.0,true
HiddenCover,16384,300,random,10,9,1488,0,47728,0.2992,0.0,true
HiddenCover,16384,300,random,10,10,1488,0,47728,0.298,0.0,true
HiddenCover,16384,300,random,10,11,1488,0,47728,0.299,0.0,true
HiddenCover,16384,300,random,10,12,1488,0,47728,0.29500000000000004,0.0,true
HiddenCover,16384,300,random,10,13,1488,0,47728,0.3085,0.0,true
HiddenCover,16384,300,random,10,14,1488,0,47728,0.2966,0.0,true
HiddenCover,16384,300,random,10,15,1488,0,47728,0.2966,0.0,true
HiddenCover,16384,300,random,10,16,1488,0,47728,0.3789,0.0,true
HiddenCover,16384,300,random,10,17,1488,0,47728,0.48990000000000006,0.0,true
HiddenCover,16384,300,random,10,18,1488,0,47728,0.5203,0.0,true
HiddenCover,16384,300,random,10,19,1488,0,47728,0.5238,0.0,true
HiddenCover,16384,300,random,10,20,1488,0,47728,0.5347999999999999,0.0,true
HiddenCover,16384,300,random,10,21,1488,0,47728,0.5174,0.0,true
HiddenCover,16384,300,random,10,22,1488,0,47728,0.49240000000000006,0.0,true
HiddenCover,16384,300,random,10,23,1488,0,47728,0.3209,0.0,true
HiddenCover,16384,300,random,10,24,1488,0,47728,0.304,0.0,true
HiddenCover,16384,300,random,10,25,1488,0,47728,0.2961,0.0,true
HiddenCover,16384,300,random,10,26,1488,0,47728,0.3018,0.0,true
HiddenCover,16384,300,random,10,27,1488,0,47728,0.2992,0.0,true
HiddenCover,16384,300,random,10,28,1488,0,47728,0.2983,0.0,true
HiddenCover,16384,300,random,10,29,1488,0,47728,0.29779999999999995,0.0,true
HiddenCover,16384,300,random,11,0,1462,0,46896,0.2922,0.0,true
HiddenCover,16384,300,random,11,1,1462,0,46896,0.2918,0.0,true
HiddenCover,16384,300,random,11,2,1462,0,46896,0.2931,0.0,true
HiddenCover,16384,300,random,11,3,1462,0,46896,0.2913,0.0,true
HiddenCover,16384,300,random,11,4,1462,0,46896,0.2921,0.0,true
HiddenCover,16384,300,random,11,5,1462,0,46896,0.2904,0.0,true
HiddenCover,16384,300,random,11,6,1462,0,46896,0.2939,0.0,true
HiddenCover,16384,300,random,11,7,1462,0,46896,0.2918,0.0,true
HiddenCover,16384,300,random,11,8,1462,0,46896,0.296,0.0,true
HiddenCover,16384,300,random,11,9,1462,0,46896,0.2928,0.0,true
HiddenCover,16384,300,random,11,10,1462,0,46896,0.2904,0.0,true
HiddenCover,16384,300,random,11,11,1462,0,46896,0.2974,0.0,true
HiddenCover,16384,300,random,11,12,1462,0,46896,0.30219999999999997,0.0,true
HiddenCover,16384,300,random,11,13,1462,0,46896,0.2985,0.0,true
HiddenCover,16384,300,random,11,14,1462,0,46896,0.29460000000000003,0.0,true
HiddenCover,16384,300,random,11,15,1462,0,46896,0.29109999999999997,0.0,true
HiddenCover,16384,300,random,11,16,1462,0,46896,0.294,0.0,true
HiddenCover,16384,300,random,11,17,1462,0,46896,0.292,0.0,true
HiddenCover,16384,300,random,11,18,1462,0,46896,0.31930000000000003,0.0,true
HiddenCover,16384,300,random,11,19,1462,0,46896,0.29460000000000003,0.0,true
HiddenCover,16384,300,random,11,20,1462,0,46896,0.29090000000000005,0.0,true
HiddenCover,16384,300,random,11,21,1462,0,46896,0.2923,0.0,true
HiddenCover,16384,300,random,11,22,1462,0,46896,0.2907,0.0,true
HiddenCover,16384,300,random,11,23,1462,0,46896,0.29329999999999995,0.0,true
HiddenCover,16384,300,random,11,24,1462,0,46896,0.313,0.0,true
HiddenCover,16384,300,random,11,25,1462,0,46896,0.29100000000000004,0.0,true
HiddenCover,16384,300,random,11,26,1462,0,46896,0.29109999999999997,0.0,true
HiddenCover,16384,300,random,11,27,1462,0,46896,0.29100000000000004,0.0,true
HiddenCover,16384,300,random,11,28,1462,0,46896,0.2898,0.0,true
HiddenCover,16384,300,random,11,29,1462,0,46896,0.4451,0.0,true
HiddenCover,16384,300,random,12,0,1507,0,48336,0.3215,0.0,true
HiddenCover,16384,300,random,12,1,1507,0,48336,0.2958,0.0,true
HiddenCover,16384,300,random,12,2,1507,0,48336,0.2918,0.0,true
HiddenCover,16384,300,random,12,3,1507,0,48336,0.3365,0.0,true
HiddenCover,16384,300,random,12,4,1507,0,48336,0.4092,0.0,true
HiddenCover,16384,300,random,12,5,1507,0,48336,0.3195,0.0,true
HiddenCover,16384,300,random,12,6,1507,0,48336,0.307,0.0,true
HiddenCover,16384,300,random,12,7,1507,0,48336,0.30219999999999997,0.0,true
HiddenCover,16384,300,random,12,8,1507,0,48336,0.304,0.0,true
HiddenCover,16384,300,random,12,9,1507,0,48336,0.30029999999999996,0.0,true
HiddenCover,16384,300,random,12,10,1507,0,48336,0.3018,0.0,true
HiddenCover,16384,300,random,12,11,1507,0,48336,0.3013,0.0,true
HiddenCover,16384,300,random,12,12,1507,0,48336,0.3264,0.0,true
HiddenCover,16384,300,random,12,13,1507,0,48336,0.3427,0.0,true
HiddenCover,16384,300,random,12,14,1507,0,48336,0.3581,0.0,true
HiddenCover,16384,300,random,12,15,1507,0,48336,0.3151,0.0,true
HiddenCover,16384,300,random,12,16,1507,0,48336,0.30650000000000005,0.0,true
HiddenCover,16384,300,random,12,17,1507,0,48336,0.3268,0.0,true
HiddenCover,16384,300,random,12,18,1507,0,48336,0.3005,0.0,true
HiddenCover,16384,300,random,12,19,1507,0,48336,0.3034,0.0,true
HiddenCover,16384,300,random,12,20,1507,0,48336,0.313,0.0,true
HiddenCover,16384,300,random,12,21,1507,0,48336,0.3,0.0,true
HiddenCover,16384,300,random,12,22,1507,0,48336,0.2995,0.0,true
HiddenCover,16384,300,random,12,23,1507,0,48336,0.2999,0.0,true
HiddenCover,16384,300,random,12,24,1507,0,48336,0.2994,0.0,true
HiddenCover,16384,300,random,12,25,1507,0,48336,0.2999,0.0,true
HiddenCover,16384,300,random,12,26,1507,0,48336,0.3005,0.0,true
HiddenCover,16384,300,random,12,27,1507,0,48336,0.3031,0.0,true
HiddenCover,16384,300,random,12,28,1507,0,48336,0.2984,0.0,true
HiddenCover,16384,300,random,12,29,1507,0,48336,0.3202,0.0,true
HiddenCover,16384,300,random,13,0,1467,0,47056,0.3084,0.0,true
HiddenCover,16384,300,random,13,1,1467,0,47056,0.2949,0.0,true
HiddenCover,16384,300,random,13,2,1467,0,47056,0.2941,0.0,true
HiddenCover,16384,300,random,13,3,1467,0,47056,0.2925,0.0,true
HiddenCover,16384,300,random,13,4,1467,0,47056,0.48109999999999997,0.0,true
HiddenCover,16384,300,random,13,5,1467,0,47056,0.6788000000000001,0.0,true
HiddenCover,16384,300,random,13,6,1467,0,47056,0.40059999999999996,0.0,true
HiddenCover,16384,300,random,13,7,1467,0,47056,0.3182,0.0,true
HiddenCover,16384,300,random,13,8,1467,0,47056,0.2861,0.0,true
HiddenCover,16384,300,random,13,9,1467,0,47056,0.3344,0.0,true
HiddenCover,16384,300,random,13,10,1467,0,47056,0.3266,0.0,true
HiddenCover,16384,300,random,13,11,1467,0,47056,0.2893,0.0,true
HiddenCover,16384,300,random,13,12,1467,0,47056,0.3117,0.0,true
HiddenCover,16384,300,random,13,13,1467,0,47056,0.2983,0.0,true
HiddenCover,16384,300,random,13,14,1467,0,47056,0.3013,0.0,true
HiddenCover,16384,300,random,13,15,1467,0,47056,0.3656,0.0,true
HiddenCover,16384,300,random,13,16,1467,0,47056,0.3343,0.0,true
HiddenCover,16384,300,random,13,17,1467,0,47056,0.2935,0.0,true
HiddenCover,16384,300,random,13,18,1467,0,47056,0.304,0.0,true
HiddenCover,16384,300,random,13,19,1467,0,47056,0.2929,0.0,true
HiddenCover,16384,300,random,13,20,1467,0,47056,0.2922,0.0,true
HiddenCover,16384,300,random,13,21,1467,0,47056,0.2939,0.0,true
HiddenCover,16384,300,random,13,22,1467,0,47056,0.29119999999999996,0.0,true
HiddenCover,16384,300,random,13,23,1467,0,47056,0.2921,0.0,true
HiddenCover,16384,300,random,13,24,1467,0,47056,0.2914,0.0,true
HiddenCover,16384,300,random,13,25,1467,0,47056,0.29329999999999995,0.0,true
HiddenCover,16384,300,random,13,26,1467,0,47056,0.2915,0.0,true
HiddenCover,16384,300,random,13,27,1467,0,47056,0.2932,0.0,true
HiddenCover,16384,300,random,13,28,1467,0,47056,0.29359999999999997,0.0,true
HiddenCover,16384,300,random,13,29,1467,0,47056,0.29540000000000005,0.0,true
HiddenCover,16384,300,random,14,0,1512,0,48496,0.30200000000000005,0.0,true
HiddenCover,16384,300,random,14,1,1512,0,48496,0.2995,0.0,true
HiddenCover,16384,300,random,14,2,1512,0,48496,0.3006,0.0,true
HiddenCover,16384,300,random,14,3,1512,0,48496,0.3014,0.0,true
HiddenCover,16384,300,random,14,4,1512,0,48496,0.3033,0.0,true
HiddenCover,16384,300,random,14,5,1512,0,48496,0.3044,0.0,true
HiddenCover,16384,300,random,14,6,1512,0,48496,0.3207,0.0,true
HiddenCover,16384,300,random,14,7,1512,0,48496,0.2995,0.0,true
HiddenCover,16384,300,random,14,8,1512,0,48496,0.3005,0.0,true
HiddenCover,16384,300,random,14,9,1512,0,48496,0.3057,0.0,true
HiddenCover,16384,300,random,14,10,1512,0,48496,0.3011,0.0,true
HiddenCover,16384,300,random,14,11,1512,0,48496,0.28669999999999995,0.0,true
HiddenCover,16384,300,random,14,12,1512,0,48496,0.283,0.0,true
HiddenCover,16384,300,random,14,13,1512,0,48496,0.2836,0.0,true
HiddenCover,16384,300,random,14,14,1512,0,48496,0.28659999999999997,0.0,true
HiddenCover,16384,300,random,14,15,1512,0,48496,0.2854,0.0,true
HiddenCover,16384,300,random,14,16,1512,0,48496,0.2901,0.0,true
HiddenCover,16384,300,random,14,17,1512,0,48496,0.2924,0.0,true
HiddenCover,16384,300,random,14,18,1512,0,48496,0.2855,0.0,true
HiddenCover,16384,300,random,14,19,1512,0,48496,0.3956,0.0,true
HiddenCover,16384,300,random,14,20,1512,0,48496,0.4677,0.0,true
HiddenCover,16384,300,random,14,21,1512,0,48496,0.5609999999999999,0.0,true
HiddenCover,16384,300,random,14,22,1512,0,48496,0.46900000000000003,0.0,true
HiddenCover,16384,300,random,14,23,1512,0,48496,0.4548,0.0,true
HiddenCover,16384,300,random,14,24,1512,0,48496,0.4643,0.0,true
HiddenCover,16384,300,random,14,25,1512,0,48496,0.44470000000000004,0.0,true
HiddenCover,16384,300,random,14,26,1512,0,48496,0.4126,0.0,true
HiddenCover,16384,300,random,14,27,1512,0,48496,0.4652,0.0,true
HiddenCover,16384,300,random,14,28,1512,0,48496,0.3658,0.0,true
HiddenCover,16384,300,random,14,29,1512,0,48496,0.30660000000000004,0.0,true
HiddenCover,16384,300,random,15,0,1521,0,48784,0.30229999999999996,0.0,true
HiddenCover,16384,300,random,15,1,1521,0,48784,0.3024,0.0,true
HiddenCover,16384,300,random,15,2,1521,0,48784,0.3074,0.0,true
HiddenCover,16384,300,random,15,3,1521,0,48784,0.307,0.0,true
HiddenCover,16384,300,random,15,4,1521,0,48784,0.3053,0.0,true
HiddenCover,16384,300,random,15,5,1521,0,48784,0.30889999999999995,0.0,true
HiddenCover,16384,300,random,15,6,1521,0,48784,0.32180000000000003,0.0,true
HiddenCover,16384,300,random,15,7,1521,0,48784,0.3034,0.0,true
HiddenCover,16384,300,random,15,8,1521,0,48784,0.3035,0.0,true
HiddenCover,16384,300,random,15,9,1521,0,48784,0.30219999999999997,0.0,true
HiddenCover,16384,300,random,15,10,1521,0,48784,0.30650000000000005,0.0,true
HiddenCover,16384,300,random,15,11,1521,0,48784,0.3056,0.0,true
HiddenCover,16384,300,random,15,12,1521,0,48784,0.3055,0.0,true
HiddenCover,16384,300,random,15,13,1521,0,48784,0.3034,0.0,true
HiddenCover,16384,300,random,15,14,1521,0,48784,0.3105,0.0,true
HiddenCover,16384,300,random,15,15,1521,0,48784,0.3056,0.0,true
HiddenCover,16384,300,random,15,16,1521,0,48784,0.3015,0.0,true
HiddenCover,16384,300,random,15,17,1521,0,48784,0.2998,0.0,true
HiddenCover,16384,300,random,15,18,1521,0,48784,0.3019,0.0,true
HiddenCover,16384,300,random,15,19,1521,0,48784,0.3105,0.0,true
HiddenCover,16384,300,random,15,20,1521,0,48784,0.3286,0.0,true
HiddenCover,16384,300,random,15,21,1521,0,48784,0.3053,0.0,true
HiddenCover,16384,300,random,15,22,1521,0,48784,0.3012,0.0,true
HiddenCover,16384,300,random,15,23,1521,0,48784,0.3042,0.0,true
HiddenCover,16384,300,random,15,24,1521,0,48784,0.3031,0.0,true
HiddenCover,16384,300,random,15,25,1521,0,48784,0.3013,0.0,true
HiddenCover,16384,300,random,15,26,1521,0,48784,0.2992,0.0,true
HiddenCover,16384,300,random,15,27,1521,0,48784,0.3001,0.0,true
HiddenCover,16384,300,random,15,28,1521,0,48784,0.2998,0.0,true
HiddenCover,16384,300,random,15,29,1521,0,48784,0.3019,0.0,true
HiddenCover,16384,300,random,16,0,1484,0,47600,0.31129999999999997,0.0,true
HiddenCover,16384,300,random,16,1,1484,0,47600,0.3187,0.0,true
HiddenCover,16384,300,random,16,2,1484,0,47600,0.3036,0.0,true
HiddenCover,16384,300,random,16,3,1484,0,47600,0.30019999999999997,0.0,true
HiddenCover,16384,300,random,16,4,1484,0,47600,0.2998,0.0,true
HiddenCover,16384,300,random,16,5,1484,0,47600,0.29960000000000003,0.0,true
HiddenCover,16384,300,random,16,6,1484,0,47600,0.2939,0.0,true
HiddenCover,16384,300,random,16,7,1484,0,47600,0.2944,0.0,true
HiddenCover,16384,300,random,16,8,1484,0,47600,0.3063,0.0,true
HiddenCover,16384,300,random,16,9,1484,0,47600,0.31110000000000004,0.0,true
HiddenCover,16384,300,random,16,10,1484,0,47600,0.2958,0.0,true
HiddenCover,16384,300,random,16,11,1484,0,47600,0.2966,0.0,true
HiddenCover,16384,300,random,16,12,1484,0,47600,0.2969,0.0,true
HiddenCover,16384,300,random,16,13,1484,0,47600,0.2964,0.0,true
HiddenCover,16384,300,random,16,14,1484,0,47600,0.3097,0.0,true
HiddenCover,16384,300,random,16,15,1484,0,47600,0.2986,0.0,true
HiddenCover,16384,300,random,16,16,1484,0,47600,0.30029999999999996,0.0,true
HiddenCover,16384,300,random,16,17,1484,0,47600,0.301,0.0,true
HiddenCover,16384,300,random,16,18,1484,0,47600,0.2983,0.0,true
HiddenCover,16384,300,random,16,19,1484,0,47600,0.2999,0.0,true
HiddenCover,16384,300,random,16,20,1484,0,47600,0.29819999999999997,0.0,true
HiddenCover,16384,300,random,16,21,1484,0,47600,0.2977,0.0,true
HiddenCover,16384,300,random,16,22,1484,0,47600,0.3019,0.0,true
HiddenCover,16384,300,random,16,23,1484,0,47600,0.3169,0.0,true
HiddenCover,16384,300,random,16,24,1484,0,47600,0.2993,0.0,true
HiddenCover,16384,300,random,16,25,1484,0,47600,0.2989,0.0,true
HiddenCover,16384,300,random,16,26,1484,0,47600,0.3034,0.0,true
HiddenCover,16384,300,random,16,27,1484,0,47600,0.2931,0.0,true
HiddenCover,16384,300,random,16,28,1484,0,47600,0.2934,0.0,true
HiddenCover,16384,300,random,16,29,1484,0,47600,0.2927,0.0,true
HiddenCover,16384,300,random,17,0,1471,0,47184,0.2925,0.0,true
HiddenCover,16384,300,random,17,1,1471,0,47184,0.2947,0.0,true
HiddenCover,16384,300,random,17,2,1471,0,47184,0.2889,0.0,true
HiddenCover,16384,300,random,17,3,1471,0,47184,0.28959999999999997,0.0,true
HiddenCover,16384,300,random,17,4,1471,0,47184,0.2918,0.0,true
HiddenCover,16384,300,random,17,5,1471,0,47184,0.28959999999999997,0.0,true
HiddenCover,16384,300,random,17,6,1471,0,47184,0.2949,0.0,true
HiddenCover,16384,300,random,17,7,1471,0,47184,0.3055,0.0,true
HiddenCover,16384,300,random,17,8,1471,0,47184,0.5069,0.0,true
HiddenCover,16384,300,random,17,9,1471,0,47184,0.4802,0.0,true
HiddenCover,16384,300,random,17,10,1471,0,47184,0.4827,0.0,true
HiddenCover,16384,300,random,17,11,1471,0,47184,0.3045,0.0,true
HiddenCover,16384,300,random,17,12,1471,0,47184,0.3109,0.0,true
HiddenCover,16384,300,random,17,13,1471,0,47184,0.3133,0.0,true
HiddenCover,16384,300,random,17,14,1471,0,47184,0.2924,0.0,true
HiddenCover,16384,300,random,17,15,1471,0,47184,0.28659999999999997,0.0,true
HiddenCover,16384,300,random,17,16,1471,0,47184,0.30210000000000004,0.0,true
HiddenCover,16384,300,random,17,17,1471,0,47184,0.2858,0.0,true
HiddenCover,16384,300,random,17,18,1471,0,47184,0.296,0.0,true
HiddenCover,16384,300,random,17,19,1471,0,47184,0.28190000000000004,0.0,true
HiddenCover,16384,300,random,17,20,1471,0,47184,0.2832,0.0,true
HiddenCover,16384,300,random,17,21,1471,0,47184,0.2841,0.0,true
HiddenCover,16384,300,random,17,22,1471,0,47184,0.2941,0.0,true
HiddenCover,16384,300,random,17,23,1471,0,47184,0.2796,0.0,true
HiddenCover,16384,300,random,17,24,1471,0,47184,0.27849999999999997,0.0,true
HiddenCover,16384,300,random,17,25,1471,0,47184,0.2784,0.0,true
HiddenCover,16384,300,random,17,26,1471,0,47184,0.2771,0.0,true
HiddenCover,16384,300,random,17,27,1471,0,47184,0.28709999999999997,0.0,true
HiddenCover,16384,300,random,17,28,1471,0,47184,0.2806,0.0,true
HiddenCover,16384,300,random,17,29,1471,0,47184,0.27799999999999997,0.0,true
HiddenCover,16384,300,random,18,0,1493,0,47888,0.2869,0.0,true
HiddenCover,16384,300,random,18,1,1493,0,47888,0.2854,0.0,true
HiddenCover,16384,300,random,18,2,1493,0,47888,0.2834,0.0,true
HiddenCover,16384,300,random,18,3,1493,0,47888,0.2907,0.0,true
HiddenCover,16384,300,random,18,4,1493,0,47888,0.2837,0.0,true
HiddenCover,16384,300,random,18,5,1493,0,47888,0.2823,0.0,true
HiddenCover,16384,300,random,18,6,1493,0,47888,0.28430000000000005,0.0,true
HiddenCover,16384,300,random,18,7,1493,0,47888,0.2833,0.0,true
HiddenCover,16384,300,random,18,8,1493,0,47888,0.283,0.0,true
HiddenCover,16384,300,random,18,9,1493,0,47888,0.2845,0.0,true
HiddenCover,16384,300,random,18,10,1493,0,47888,0.294,0.0,true
HiddenCover,16384,300,random,18,11,1493,0,47888,0.27999999999999997,0.0,true
HiddenCover,16384,300,random,18,12,1493,0,47888,0.2873,0.0,true
HiddenCover,16384,300,random,18,13,1493,0,47888,0.2861,0.0,true
HiddenCover,16384,300,random,18,14,1493,0,47888,0.28850000000000003,0.0,true
HiddenCover,16384,300,random,18,15,1493,0,47888,0.2821,0.0,true
HiddenCover,16384,300,random,18,16,1493,0,47888,0.2833,0.0,true
HiddenCover,16384,300,random,18,17,1493,0,47888,0.2879,0.0,true
HiddenCover,16384,300,random,18,18,1493,0,47888,0.28200000000000003,0.0,true
HiddenCover,16384,300,random,18,19,1493,0,47888,0.28259999999999996,0.0,true
HiddenCover,16384,300,random,18,20,1493,0,47888,0.2841,0.0,true
HiddenCover,16384,300,random,18,21,1493,0,47888,0.2879,0.0,true
HiddenCover,16384,300,random,18,22,1493,0,47888,0.28509999999999996,0.0,true
HiddenCover,16384,300,random,18,23,1493,0,47888,0.2917,0.0,true
HiddenCover,16384,300,random,18,24,1493,0,47888,0.4943,0.0,true
HiddenCover,16384,300,random,18,25,1493,0,47888,0.4547,0.0,true
HiddenCover,16384,300,random,18,26,1493,0,47888,0.5017,0.0,true
HiddenCover,16384,300,random,18,27,1493,0,47888,0.2972,0.0,true
HiddenCover,16384,300,random,18,28,1493,0,47888,0.3032,0.0,true
HiddenCover,16384,300,random,18,29,1493,0,47888,0.3042,0.0,true
HiddenCover,16384,300,random,19,0,1479,0,47440,0.29329999999999995,0.0,true
HiddenCover,16384,300,random,19,1,1479,0,47440,0.2944,0.0,true
HiddenCover,16384,300,random,19,2,1479,0,47440,0.29100000000000004,0.0,true
HiddenCover,16384,300,random,19,3,1479,0,47440,0.2947,0.0,true
HiddenCover,16384,300,random,19,4,1479,0,47440,0.2943,0.0,true
HiddenCover,16384,300,random,19,5,1479,0,47440,0.2958,0.0,true
HiddenCover,16384,300,random,19,6,1479,0,47440,0.2974,0.0,true
HiddenCover,16384,300,random,19,7,1479,0,47440,0.29619999999999996,0.0,true
HiddenCover,16384,300,random,19,8,1479,0,47440,0.2981,0.0,true
HiddenCover,16384,300,random,19,9,1479,0,47440,0.2926,0.0,true
HiddenCover,16384,300,random,19,10,1479,0,47440,0.297,0.0,true
HiddenCover,16384,300,random,19,11,1479,0,47440,0.2974,0.0,true
HiddenCover,16384,300,random,19,12,1479,0,47440,0.2942,0.0,true
HiddenCover,16384,300,random,19,13,1479,0,47440,0.29500000000000004,0.0,true
HiddenCover,16384,300,random,19,14,1479,0,47440,0.2918,0.0,true
HiddenCover,16384,300,random,19,15,1479,0,47440,0.2934,0.0,true
HiddenCover,16384,300,random,19,16,1479,0,47440,0.2949,0.0,true
HiddenCover,16384,300,random,19,17,1479,0,47440,0.2984,0.0,true
HiddenCover,16384,300,random,19,18,1479,0,47440,0.2988,0.0,true
HiddenCover,16384,300,random,19,19,1479,0,47440,0.29329999999999995,0.0,true
HiddenCover,16384,300,random,19,20,1479,0,47440,0.3088,0.0,true
HiddenCover,16384,300,random,19,21,1479,0,47440,0.29359999999999997,0.0,true
HiddenCover,16384,300,random,19,22,1479,0,47440,0.3043,0.0,true
HiddenCover,16384,300,random,19,23,1479,0,47440,0.3019,0.0,true
HiddenCover,16384,300,random,19,24,1479,0,47440,0.2958,0.0,true
HiddenCover,16384,300,random,19,25,1479,0,47440,0.294,0.0,true
HiddenCover,16384,300,random,19,26,1479,0,47440,0.2956,0.0,true
HiddenCover,16384,300,random,19,27,1479,0,47440,0.30229999999999996,0.0,true
HiddenCover,16384,300,random,19,28,1479,0,47440,0.29910000000000003,0.0,true
HiddenCover,16384,300,random,19,29,1479,0,47440,0.2972,0.0,true
HiddenCover,16384,300,dispersed,0,0,1712,0,54896,0.3223,0.0,true
HiddenCover,16384,300,dispersed,0,1,1712,0,54896,0.5053,0.0,true
HiddenCover,16384,300,dispersed,0,2,1712,0,54896,0.5207999999999999,0.0,true
HiddenCover,16384,300,dispersed,0,3,1712,0,54896,0.5185,0.0,true
HiddenCover,16384,300,dispersed,0,4,1712,0,54896,0.5064,0.0,true
HiddenCover,16384,300,dispersed,0,5,1712,0,54896,0.37570000000000003,0.0,true
HiddenCover,16384,300,dispersed,0,6,1712,0,54896,0.324,0.0,true
HiddenCover,16384,300,dispersed,0,7,1712,0,54896,0.322,0.0,true
HiddenCover,16384,300,dispersed,0,8,1712,0,54896,0.34600000000000003,0.0,true
HiddenCover,16384,300,dispersed,0,9,1712,0,54896,0.3389,0.0,true
HiddenCover,16384,300,dispersed,0,10,1712,0,54896,0.34,0.0,true
HiddenCover,16384,300,dispersed,0,11,1712,0,54896,0.3379,0.0,true
HiddenCover,16384,300,dispersed,0,12,1712,0,54896,0.3379,0.0,true
HiddenCover,16384,300,dispersed,0,13,1712,0,54896,0.3362,0.0,true
HiddenCover,16384,300,dispersed,0,14,1712,0,54896,0.34049999999999997,0.0,true
HiddenCover,16384,300,dispersed,0,15,1712,0,54896,0.33740000000000003,0.0,true
HiddenCover,16384,300,dispersed,0,16,1712,0,54896,0.33849999999999997,0.0,true
HiddenCover,16384,300,dispersed,0,17,1712,0,54896,0.3346,0.0,true
HiddenCover,16384,300,dispersed,0,18,1712,0,54896,0.3393,0.0,true
HiddenCover,16384,300,dispersed,0,19,1712,0,54896,0.3338,0.0,true
HiddenCover,16384,300,dispersed,0,20,1712,0,54896,0.3434,0.0,true
HiddenCover,16384,300,dispersed,0,21,1712,0,54896,0.3583,0.0,true
HiddenCover,16384,300,dispersed,0,22,1712,0,54896,0.3375,0.0,true
HiddenCover,16384,300,dispersed,0,23,1712,0,54896,0.3356,0.0,true
HiddenCover,16384,300,dispersed,0,24,1712,0,54896,0.3363,0.0,true
HiddenCover,16384,300,dispersed,0,25,1712,0,54896,0.3341,0.0,true
HiddenCover,16384,300,dispersed,0,26,1712,0,54896,0.33980000000000005,0.0,true
HiddenCover,16384,300,dispersed,0,27,1712,0,54896,0.3359,0.0,true
HiddenCover,16384,300,dispersed,0,28,1712,0,54896,0.3366,0.0,true
HiddenCover,16384,300,dispersed,0,29,1712,0,54896,0.3358,0.0,true
HiddenCover,16384,300,dispersed,1,0,1712,0,54896,0.342,0.0,true
HiddenCover,16384,300,dispersed,1,1,1712,0,54896,0.3375,0.0,true
HiddenCover,16384,300,dispersed,1,2,1712,0,54896,0.4046,0.0,true
HiddenCover,16384,300,dispersed,1,3,1712,0,54896,0.5202,0.0,true
HiddenCover,16384,300,dispersed,1,4,1712,0,54896,0.5193,0.0,true
HiddenCover,16384,300,dispersed,1,5,1712,0,54896,0.49069999999999997,0.0,true
HiddenCover,16384,300,dispersed,1,6,1712,0,54896,0.5255000000000001,0.0,true
HiddenCover,16384,300,dispersed,1,7,1712,0,54896,0.5279,0.0,true
HiddenCover,16384,300,dispersed,1,8,1712,0,54896,0.6341,0.0,true
HiddenCover,16384,300,dispersed,1,9,1712,0,54896,0.4485,0.0,true
HiddenCover,16384,300,dispersed,1,10,1712,0,54896,0.3527,0.0,true
HiddenCover,16384,300,dispersed,1,11,1712,0,54896,0.36689999999999995,0.0,true
HiddenCover,16384,300,dispersed,1,12,1712,0,54896,0.3574,0.0,true
HiddenCover,16384,300,dispersed,1,13,1712,0,54896,0.368,0.0,true
HiddenCover,16384,300,dispersed,1,14,1712,0,54896,0.342,0.0,true
HiddenCover,16384,300,dispersed,1,15,1712,0,54896,0.3397,0.0,true
HiddenCover,16384,300,dispersed,1,16,1712,0,54896,0.335,0.0,true
HiddenCover,16384,300,dispersed,1,17,1712,0,54896,0.324,0.0,true
HiddenCover,16384,300,dispersed,1,18,1712,0,54896,0.32699999999999996,0.0,true
HiddenCover,16384,300,dispersed,1,19,1712,0,54896,0.3526,0.0,true
HiddenCover,16384,300,dispersed,1,20,1712,0,54896,0.3441,0.0,true
HiddenCover,16384,300,dispersed,1,21,1712,0,54896,0.3417,0.0,true
HiddenCover,16384,300,dispersed,1,22,1712,0,54896,0.3412,0.0,true
HiddenCover,16384,300,dispersed,1,23,1712,0,54896,0.3364,0.0,true
HiddenCover,16384,300,dispersed,1,24,1712,0,54896,0.3387,0.0,true
HiddenCover,16384,300,dispersed,1,25,1712,0,54896,0.3356,0.0,true
HiddenCover,16384,300,dispersed,1,26,1712,0,54896,0.3386,0.0,true
HiddenCover,16384,300,dispersed,1,27,1712,0,54896,0.3372,0.0,true
HiddenCover,16384,300,dispersed,1,28,1712,0,54896,0.337,0.0,true
HiddenCover,16384,300,dispersed,1,29,1712,0,54896,0.3386,0.0,true
HiddenCover,16384,300,dispersed,2,0,1712,0,54896,0.33980000000000005,0.0,true
HiddenCover,16384,300,dispersed,2,1,1712,0,54896,0.34469999999999995,0.0,true
HiddenCover,16384,300,dispersed,2,2,1712,0,54896,0.3351,0.0,true
HiddenCover,16384,300,dispersed,2,3,1712,0,54896,0.3369,0.0,true
HiddenCover,16384,300,dispersed,2,4,1712,0,54896,0.3383,0.0,true
HiddenCover,16384,300,dispersed,2,5,1712,0,54896,0.33540000000000003,0.0,true
HiddenCover,16384,300,dispersed,2,6,1712,0,54896,0.3457,0.0,true
HiddenCover,16384,300,dispersed,2,7,1712,0,54896,0.3772,0.0,true
HiddenCover,16384,300,dispersed,2,8,1712,0,54896,0.3407,0.0,true
HiddenCover,16384,300,dispersed,2,9,1712,0,54896,0.335,0.0,true
HiddenCover,16384,300,dispersed,2,10,1712,0,54896,0.3392,0.0,true
HiddenCover,16384,300,dispersed,2,11,1712,0,54896,0.3386,0.0,true
HiddenCover,16384,300,dispersed,2,12,1712,0,54896,0.339,0.0,true
HiddenCover,16384,300,dispersed,2,13,1712,0,54896,0.36029999999999995,0.0,true
HiddenCover,16384,300,dispersed,2,14,1712,0,54896,0.3347,0.0,true
HiddenCover,16384,300,dispersed,2,15,1712,0,54896,0.3327,0.0,true
HiddenCover,16384,300,dispersed,2,16,1712,0,54896,0.3379,0.0,true
HiddenCover,16384,300,dispersed,2,17,1712,0,54896,0.5259,0.0,true
HiddenCover,16384,300,dispersed,2,18,1712,0,54896,0.5748,0.0,true
HiddenCover,16384,300,dispersed,2,19,1712,0,54896,0.5336,0.0,true
HiddenCover,16384,300,dispersed,2,20,1712,0,54896,0.5261,0.0,true
HiddenCover,16384,300,dispersed,2,21,1712,0,54896,0.39120000000000005,0.0,true
HiddenCover,16384,300,dispersed,2,22,1712,0,54896,0.3371,0.0,true
HiddenCover,16384,300,dispersed,2,23,1712,0,54896,0.3421,0.0,true
HiddenCover,16384,300,dispersed,2,24,1712,0,54896,0.3375,0.0,true
HiddenCover,16384,300,dispersed,2,25,1712,0,54896,0.33799999999999997,0.0,true
HiddenCover,16384,300,dispersed,2,26,1712,0,54896,0.3421,0.0,true
HiddenCover,16384,300,dispersed,2,27,1712,0,54896,0.3372,0.0,true
HiddenCover,16384,300,dispersed,2,28,1712,0,54896,0.337,0.0,true
HiddenCover,16384,300,dispersed,2,29,1712,0,54896,0.3386,0.0,true
HiddenCover,16384,300,dispersed,3,0,1712,0,54896,0.33799999999999997,0.0,true
HiddenCover,16384,300,dispersed,3,1,1712,0,54896,0.339,0.0,true
HiddenCover,16384,300,dispersed,3,2,1712,0,54896,0.3358,0.0,true
HiddenCover,16384,300,dispersed,3,3,1712,0,54896,0.3356,0.0,true
HiddenCover,16384,300,dispersed,3,4,1712,0,54896,0.34190000000000004,0.0,true
HiddenCover,16384,300,dispersed,3,5,1712,0,54896,0.34650000000000003,0.0,true
HiddenCover,16384,300,dispersed,3,6,1712,0,54896,0.3389,0.0,true
HiddenCover,16384,300,dispersed,3,7,1712,0,54896,0.3401,0.0,true
HiddenCover,16384,300,dispersed,3,8,1712,0,54896,0.3415,0.0,true
HiddenCover,16384,300,dispersed,3,9,1712,0,54896,0.3375,0.0,true
HiddenCover,16384,300,dispersed,3,10,1712,0,54896,0.3553,0.0,true
HiddenCover,16384,300,dispersed,3,11,1712,0,54896,0.4145,0.0,true
HiddenCover,16384,300,dispersed,3,12,1712,0,54896,0.3379,0.0,true
HiddenCover,16384,300,dispersed,3,13,1712,0,54896,0.3432,0.0,true
HiddenCover,16384,300,dispersed,3,14,1712,0,54896,0.33990000000000004,0.0,true
HiddenCover,16384,300,dispersed,3,15,1712,0,54896,0.3376,0.0,true
HiddenCover,16384,300,dispersed,3,16,1712,0,54896,0.379,0.0,true
HiddenCover,16384,300,dispersed,3,17,1712,0,54896,0.3568,0.0,true
HiddenCover,16384,300,dispersed,3,18,1712,0,54896,0.3376,0.0,true
HiddenCover,16384,300,dispersed,3,19,1712,0,54896,0.3384,0.0,true
HiddenCover,16384,300,dispersed,3,20,1712,0,54896,0.33940000000000003,0.0,true
HiddenCover,16384,300,dispersed,3,21,1712,0,54896,0.33849999999999997,0.0,true
HiddenCover,16384,300,dispersed,3,22,1712,0,54896,0.34,0.0,true
HiddenCover,16384,300,dispersed,3,23,1712,0,54896,0.3449,0.0,true
HiddenCover,16384,300,dispersed,3,24,1712,0,54896,0.3503,0.0,true
HiddenCover,16384,300,dispersed,3,25,1712,0,54896,0.6859000000000001,0.0,true
HiddenCover,16384,300,dispersed,3,26,1712,0,54896,0.578,0.0,true
HiddenCover,16384,300,dispersed,3,27,1712,0,54896,0.5337999999999999,0.0,true
HiddenCover,16384,300,dispersed,3,28,1712,0,54896,0.5207,0.0,true
HiddenCover,16384,300,dispersed,3,29,1712,0,54896,0.3388,0.0,true
HiddenCover,16384,300,dispersed,4,0,1712,0,54896,0.33540000000000003,0.0,true
HiddenCover,16384,300,dispersed,4,1,1712,0,54896,0.3455,0.0,true
HiddenCover,16384,300,dispersed,4,2,1712,0,54896,0.3396,0.0,true
HiddenCover,16384,300,dispersed,4,3,1712,0,54896,0.33540000000000003,0.0,true
HiddenCover,16384,300,dispersed,4,4,1712,0,54896,0.3391,0.0,true
HiddenCover,16384,300,dispersed,4,5,1712,0,54896,0.33780000000000004,0.0,true
HiddenCover,16384,300,dispersed,4,6,1712,0,54896,0.3372,0.0,true
HiddenCover,16384,300,dispersed,4,7,1712,0,54896,0.3469,0.0,true
HiddenCover,16384,300,dispersed,4,8,1712,0,54896,0.33540000000000003,0.0,true
HiddenCover,16384,300,dispersed,4,9,1712,0,54896,0.3364,0.0,true
HiddenCover,16384,300,dispersed,4,10,1712,0,54896,0.34259999999999996,0.0,true
HiddenCover,16384,300,dispersed,4,11,1712,0,54896,0.3413,0.0,true
HiddenCover,16384,300,dispersed,4,12,1712,0,54896,0.3504,0.0,true
HiddenCover,16384,300,dispersed,4,13,1712,0,54896,0.34890000000000004,0.0,true
HiddenCover,16384,300,dispersed,4,14,1712,0,54896,0.3401,0.0,true
HiddenCover,16384,300,dispersed,4,15,1712,0,54896,0.3367,0.0,true
HiddenCover,16384,300,dispersed,4,16,1712,0,54896,0.6074999999999999,0.0,true
HiddenCover,16384,300,dispersed,4,17,1712,0,54896,0.39580000000000004,0.0,true
HiddenCover,16384,300,dispersed,4,18,1712,0,54896,0.3346,0.0,true
HiddenCover,16384,300,dispersed,4,19,1712,0,54896,0.3355,0.0,true
HiddenCover,16384,300,dispersed,4,20,1712,0,54896,0.3369,0.0,true
HiddenCover,16384,300,dispersed,4,21,1712,0,54896,0.3373,0.0,true
HiddenCover,16384,300,dispersed,4,22,1712,0,54896,0.3357,0.0,true
HiddenCover,16384,300,dispersed,4,23,1712,0,54896,0.3375,0.0,true
HiddenCover,16384,300,dispersed,4,24,1712,0,54896,0.3382,0.0,true
HiddenCover,16384,300,dispersed,4,25,1712,0,54896,0.3361,0.0,true
HiddenCover,16384,300,dispersed,4,26,1712,0,54896,0.3415,0.0,true
HiddenCover,16384,300,dispersed,4,27,1712,0,54896,0.337,0.0,true
HiddenCover,16384,300,dispersed,4,28,1712,0,54896,0.33740000000000003,0.0,true
HiddenCover,16384,300,dispersed,4,29,1712,0,54896,0.3369,0.0,true
HiddenCover,16384,300,dispersed,5,0,1712,0,54896,0.3456,0.0,true
HiddenCover,16384,300,dispersed,5,1,1712,0,54896,0.3448,0.0,true
HiddenCover,16384,300,dispersed,5,2,1712,0,54896,0.3412,0.0,true
HiddenCover,16384,300,dispersed,5,3,1712,0,54896,0.3448,0.0,true
HiddenCover,16384,300,dispersed,5,4,1712,0,54896,0.3431,0.0,true
HiddenCover,16384,300,dispersed,5,5,1712,0,54896,0.35369999999999996,0.0,true
HiddenCover,16384,300,dispersed,5,6,1712,0,54896,0.3413,0.0,true
HiddenCover,16384,300,dispersed,5,7,1712,0,54896,0.33940000000000003,0.0,true
HiddenCover,16384,300,dispersed,5,8,1712,0,54896,0.3357,0.0,true
HiddenCover,16384,300,dispersed,5,9,1712,0,54896,0.3345,0.0,true
HiddenCover,16384,300,dispersed,5,10,1712,0,54896,0.33809999999999996,0.0,true
HiddenCover,16384,300,dispersed,5,11,1712,0,54896,0.3358,0.0,true
HiddenCover,16384,300,dispersed,5,12,1712,0,54896,0.3358,0.0,true
HiddenCover,16384,300,dispersed,5,13,1712,0,54896,0.3384,0.0,true
HiddenCover,16384,300,dispersed,5,14,1712,0,54896,0.3395,0.0,true
HiddenCover,16384,300,dispersed,5,15,1712,0,54896,0.3393,0.0,true
HiddenCover,16384,300,dispersed,5,16,1712,0,54896,0.3412,0.0,true
HiddenCover,16384,300,dispersed,5,17,1712,0,54896,0.3434,0.0,true
HiddenCover,16384,300,dispersed,5,18,1712,0,54896,0.3619,0.0,true
HiddenCover,16384,300,dispersed,5,19,1712,0,54896,0.34,0.0,true
HiddenCover,16384,300,dispersed,5,20,1712,0,54896,0.3389,0.0,true
HiddenCover,16384,300,dispersed,5,21,1712,0,54896,0.4176,0.0,true
HiddenCover,16384,300,dispersed,5,22,1712,0,54896,0.46900000000000003,0.0,true
HiddenCover,16384,300,dispersed,5,23,1712,0,54896,0.558,0.0,true
HiddenCover,16384,300,dispersed,5,24,1712,0,54896,0.5093,0.0,true
HiddenCover,16384,300,dispersed,5,25,1712,0,54896,0.5081,0.0,true
HiddenCover,16384,300,dispersed,5,26,1712,0,54896,0.4605,0.0,true
HiddenCover,16384,300,dispersed,5,27,1712,0,54896,0.4419,0.0,true
HiddenCover,16384,300,dispersed,5,28,1712,0,54896,0.46309999999999996,0.0,true
HiddenCover,16384,300,dispersed,5,29,1712,0,54896,0.4667,0.0,true
HiddenCover,16384,300,dispersed,6,0,1712,0,54896,0.5092,0.0,true
HiddenCover,16384,300,dispersed,6,1,1712,0,54896,0.5236000000000001,0.0,true
HiddenCover,16384,300,dispersed,6,2,1712,0,54896,0.514,0.0,true
HiddenCover,16384,300,dispersed,6,3,1712,0,54896,0.5096,0.0,true
HiddenCover,16384,300,dispersed,6,4,1712,0,54896,0.5111,0.0,true
HiddenCover,16384,300,dispersed,6,5,1712,0,54896,0.5096,0.0,true
HiddenCover,16384,300,dispersed,6,6,1712,0,54896,0.5139,0.0,true
HiddenCover,16384,300,dispersed,6,7,1712,0,54896,0.49739999999999995,0.0,true
HiddenCover,16384,300,dispersed,6,8,1712,0,54896,0.5231,0.0,true
HiddenCover,16384,300,dispersed,6,9,1712,0,54896,0.5287999999999999,0.0,true
HiddenCover,16384,300,dispersed,6,10,1712,0,54896,0.4918,0.0,true
HiddenCover,16384,300,dispersed,6,11,1712,0,54896,0.4994,0.0,true
HiddenCover,16384,300,dispersed,6,12,1712,0,54896,0.5142,0.0,true
HiddenCover,16384,300,dispersed,6,13,1712,0,54896,0.5403,0.0,true
HiddenCover,16384,300,dispersed,6,14,1712,0,54896,0.4839,0.0,true
HiddenCover,16384,300,dispersed,6,15,1712,0,54896,0.38029999999999997,0.0,true
HiddenCover,16384,300,dispersed,6,16,1712,0,54896,0.3362,0.0,true
HiddenCover,16384,300,dispersed,6,17,1712,0,54896,0.3361,0.0,true
HiddenCover,16384,300,dispersed,6,18,1712,0,54896,0.3404,0.0,true
HiddenCover,16384,300,dispersed,6,19,1712,0,54896,0.3659,0.0,true
HiddenCover,16384,300,dispersed,6,20,1712,0,54896,0.3774,0.0,true
HiddenCover,16384,300,dispersed,6,21,1712,0,54896,0.4111,0.0,true
HiddenCover,16384,300,dispersed,6,22,1712,0,54896,0.3611,0.0,true
HiddenCover,16384,300,dispersed,6,23,1712,0,54896,0.4042,0.0,true
HiddenCover,16384,300,dispersed,6,24,1712,0,54896,0.3387,0.0,true
HiddenCover,16384,300,dispersed,6,25,1712,0,54896,0.3401,0.0,true
HiddenCover,16384,300,dispersed,6,26,1712,0,54896,0.3437,0.0,true
HiddenCover,16384,300,dispersed,6,27,1712,0,54896,0.3547,0.0,true
HiddenCover,16384,300,dispersed,6,28,1712,0,54896,0.3412,0.0,true
HiddenCover,16384,300,dispersed,6,29,1712,0,54896,0.3376,0.0,true
HiddenCover,16384,300,dispersed,7,0,1712,0,54896,0.3411,0.0,true
HiddenCover,16384,300,dispersed,7,1,1712,0,54896,0.3821,0.0,true
HiddenCover,16384,300,dispersed,7,2,1712,0,54896,0.3565,0.0,true
HiddenCover,16384,300,dispersed,7,3,1712,0,54896,0.35710000000000003,0.0,true
HiddenCover,16384,300,dispersed,7,4,1712,0,54896,0.3786,0.0,true
HiddenCover,16384,300,dispersed,7,5,1712,0,54896,0.339,0.0,true
HiddenCover,16384,300,dispersed,7,6,1712,0,54896,0.33399999999999996,0.0,true
HiddenCover,16384,300,dispersed,7,7,1712,0,54896,0.3588,0.0,true
HiddenCover,16384,300,dispersed,7,8,1712,0,54896,0.3424,0.0,true
HiddenCover,16384,300,dispersed,7,9,1712,0,54896,0.3478,0.0,true
HiddenCover,16384,300,dispersed,7,10,1712,0,54896,0.3452,0.0,true
HiddenCover,16384,300,dispersed,7,11,1712,0,54896,0.3454,0.0,true
HiddenCover,16384,300,dispersed,7,12,1712,0,54896,0.33599999999999997,0.0,true
HiddenCover,16384,300,dispersed,7,13,1712,0,54896,0.342,0.0,true
HiddenCover,16384,300,dispersed,7,14,1712,0,54896,0.33540000000000003,0.0,true
HiddenCover,16384,300,dispersed,7,15,1712,0,54896,0.335,0.0,true
HiddenCover,16384,300,dispersed,7,16,1712,0,54896,0.371,0.0,true
HiddenCover,16384,300,dispersed,7,17,1712,0,54896,0.3439,0.0,true
HiddenCover,16384,300,dispersed,7,18,1712,0,54896,0.3363,0.0,true
HiddenCover,16384,300,dispersed,7,19,1712,0,54896,0.4218,0.0,true
HiddenCover,16384,300,dispersed,7,20,1712,0,54896,0.3611,0.0,true
HiddenCover,16384,300,dispersed,7,21,1712,0,54896,0.332,0.0,true
HiddenCover,16384,300,dispersed,7,22,1712,0,54896,0.33540000000000003,0.0,true
HiddenCover,16384,300,dispersed,7,23,1712,0,54896,0.3292,0.0,true
HiddenCover,16384,300,dispersed,7,24,1712,0,54896,0.3276,0.0,true
HiddenCover,16384,300,dispersed,7,25,1712,0,54896,0.32949999999999996,0.0,true
HiddenCover,16384,300,dispersed,7,26,1712,0,54896,0.3273,0.0,true
HiddenCover,16384,300,dispersed,7,27,1712,0,54896,0.3281,0.0,true
HiddenCover,16384,300,dispersed,7,28,1712,0,54896,0.3314,0.0,true
HiddenCover,16384,300,dispersed,7,29,1712,0,54896,0.3276,0.0,true
HiddenCover,16384,300,dispersed,8,0,1712,0,54896,0.3252,0.0,true
HiddenCover,16384,300,dispersed,8,1,1712,0,54896,0.3246,0.0,true
HiddenCover,16384,300,dispersed,8,2,1712,0,54896,0.3421,0.0,true
HiddenCover,16384,300,dispersed,8,3,1712,0,54896,0.3377,0.0,true
HiddenCover,16384,300,dispersed,8,4,1712,0,54896,0.3368,0.0,true
HiddenCover,16384,300,dispersed,8,5,1712,0,54896,0.3358,0.0,true
HiddenCover,16384,300,dispersed,8,6,1712,0,54896,0.4461,0.0,true
HiddenCover,16384,300,dispersed,8,7,1712,0,54896,0.5204,0.0,true
HiddenCover,16384,300,dispersed,8,8,1712,0,54896,0.41550000000000004,0.0,true
HiddenCover,16384,300,dispersed,8,9,1712,0,54896,0.34709999999999996,0.0,true
HiddenCover,16384,300,dispersed,8,10,1712,0,54896,0.34959999999999997,0.0,true
HiddenCover,16384,300,dispersed,8,11,1712,0,54896,0.3529,0.0,true
HiddenCover,16384,300,dispersed,8,12,1712,0,54896,0.37429999999999997,0.0,true
HiddenCover,16384,300,dispersed,8,13,1712,0,54896,0.3554,0.0,true
HiddenCover,16384,300,dispersed,8,14,1712,0,54896,0.3789,0.0,true
HiddenCover,16384,300,dispersed,8,15,1712,0,54896,0.3416,0.0,true
HiddenCover,16384,300,dispersed,8,16,1712,0,54896,0.342,0.0,true
HiddenCover,16384,300,dispersed,8,17,1712,0,54896,0.3418,0.0,true
HiddenCover,16384,300,dispersed,8,18,1712,0,54896,0.3475,0.0,true
HiddenCover,16384,300,dispersed,8,19,1712,0,54896,0.3386,0.0,true
HiddenCover,16384,300,dispersed,8,20,1712,0,54896,0.3524,0.0,true
HiddenCover,16384,300,dispersed,8,21,1712,0,54896,0.3367,0.0,true
HiddenCover,16384,300,dispersed,8,22,1712,0,54896,0.33980000000000005,0.0,true
HiddenCover,16384,300,dispersed,8,23,1712,0,54896,0.3478,0.0,true
HiddenCover,16384,300,dispersed,8,24,1712,0,54896,0.49030000000000007,0.0,true
HiddenCover,16384,300,dispersed,8,25,1712,0,54896,0.5204,0.0,true
HiddenCover,16384,300,dispersed,8,26,1712,0,54896,0.5085,0.0,true
HiddenCover,16384,300,dispersed,8,27,1712,0,54896,0.5132,0.0,true
HiddenCover,16384,300,dispersed,8,28,1712,0,54896,0.5113,0.0,true
HiddenCover,16384,300,dispersed,8,29,1712,0,54896,0.5228,0.0,true
HiddenCover,16384,300,dispersed,9,0,1712,0,54896,0.5131,0.0,true
HiddenCover,16384,300,dispersed,9,1,1712,0,54896,0.4795,0.0,true
HiddenCover,16384,300,dispersed,9,2,1712,0,54896,0.48210000000000003,0.0,true
HiddenCover,16384,300,dispersed,9,3,1712,0,54896,0.5153,0.0,true
HiddenCover,16384,300,dispersed,9,4,1712,0,54896,0.5421,0.0,true
HiddenCover,16384,300,dispersed,9,5,1712,0,54896,0.36010000000000003,0.0,true
HiddenCover,16384,300,dispersed,9,6,1712,0,54896,0.5445,0.0,true
HiddenCover,16384,300,dispersed,9,7,1712,0,54896,0.6679,0.0,true
HiddenCover,16384,300,dispersed,9,8,1712,0,54896,0.37570000000000003,0.0,true
HiddenCover,16384,300,dispersed,9,9,1712,0,54896,0.3775,0.0,true
HiddenCover,16384,300,dispersed,9,10,1712,0,54896,0.5789000000000001,0.0,true
HiddenCover,16384,300,dispersed,9,11,1712,0,54896,0.42279999999999995,0.0,true
HiddenCover,16384,300,dispersed,9,12,1712,0,54896,0.3638,0.0,true
HiddenCover,16384,300,dispersed,9,13,1712,0,54896,0.37879999999999997,0.0,true
HiddenCover,16384,300,dispersed,9,14,1712,0,54896,0.3384,0.0,true
HiddenCover,16384,300,dispersed,9,15,1712,0,54896,0.3559,0.0,true
HiddenCover,16384,300,dispersed,9,16,1712,0,54896,0.33980000000000005,0.0,true
HiddenCover,16384,300,dispersed,9,17,1712,0,54896,0.3355,0.0,true
HiddenCover,16384,300,dispersed,9,18,1712,0,54896,0.3393,0.0,true
HiddenCover,16384,300,dispersed,9,19,1712,0,54896,0.43179999999999996,0.0,true
HiddenCover,16384,300,dispersed,9,20,1712,0,54896,0.3617,0.0,true
HiddenCover,16384,300,dispersed,9,21,1712,0,54896,0.339,0.0,true
HiddenCover,16384,300,dispersed,9,22,1712,0,54896,0.3392,0.0,true
HiddenCover,16384,300,dispersed,9,23,1712,0,54896,0.3376,0.0,true
HiddenCover,16384,300,dispersed,9,24,1712,0,54896,0.3386,0.0,true
HiddenCover,16384,300,dispersed,9,25,1712,0,54896,0.3384,0.0,true
HiddenCover,16384,300,dispersed,9,26,1712,0,54896,0.3366,0.0,true
HiddenCover,16384,300,dispersed,9,27,1712,0,54896,0.3357,0.0,true
HiddenCover,16384,300,dispersed,9,28,1712,0,54896,0.3387,0.0,true
HiddenCover,16384,300,dispersed,9,29,1712,0,54896,0.3383,0.0,true
HiddenCover,16384,300,dispersed,10,0,1712,0,54896,0.33799999999999997,0.0,true
HiddenCover,16384,300,dispersed,10,1,1712,0,54896,0.3452,0.0,true
HiddenCover,16384,300,dispersed,10,2,1712,0,54896,0.3352,0.0,true
HiddenCover,16384,300,dispersed,10,3,1712,0,54896,0.3371,0.0,true
HiddenCover,16384,300,dispersed,10,4,1712,0,54896,0.34259999999999996,0.0,true
HiddenCover,16384,300,dispersed,10,5,1712,0,54896,0.3371,0.0,true
HiddenCover,16384,300,dispersed,10,6,1712,0,54896,0.33740000000000003,0.0,true
HiddenCover,16384,300,dispersed,10,7,1712,0,54896,0.34190000000000004,0.0,true
HiddenCover,16384,300,dispersed,10,8,1712,0,54896,0.3395,0.0,true
HiddenCover,16384,300,dispersed,10,9,1712,0,54896,0.3553,0.0,true
HiddenCover,16384,300,dispersed,10,10,1712,0,54896,0.3389,0.0,true
HiddenCover,16384,300,dispersed,10,11,1712,0,54896,0.33849999999999997,0.0,true
HiddenCover,16384,300,dispersed,10,12,1712,0,54896,0.3355,0.0,true
HiddenCover,16384,300,dispersed,10,13,1712,0,54896,0.4165,0.0,true
HiddenCover,16384,300,dispersed,10,14,1712,0,54896,0.6849,0.0,true
HiddenCover,16384,300,dispersed,10,15,1712,0,54896,0.5405,0.0,true
HiddenCover,16384,300,dispersed,10,16,1712,0,54896,0.5135,0.0,true
HiddenCover,16384,300,dispersed,10,17,1712,0,54896,0.5236000000000001,0.0,true
HiddenCover,16384,300,dispersed,10,18,1712,0,54896,0.4191,0.0,true
HiddenCover,16384,300,dispersed,10,19,1712,0,54896,0.3539,0.0,true
HiddenCover,16384,300,dispersed,10,20,1712,0,54896,0.3365,0.0,true
HiddenCover,16384,300,dispersed,10,21,1712,0,54896,0.3421,0.0,true
HiddenCover,16384,300,dispersed,10,22,1712,0,54896,0.3337,0.0,true
HiddenCover,16384,300,dispersed,10,23,1712,0,54896,0.3397,0.0,true
HiddenCover,16384,300,dispersed,10,24,1712,0,54896,0.3501,0.0,true
HiddenCover,16384,300,dispersed,10,25,1712,0,54896,0.4738,0.0,true
HiddenCover,16384,300,dispersed,10,26,1712,0,54896,0.383,0.0,true
HiddenCover,16384,300,dispersed,10,27,1712,0,54896,0.3384,0.0,true
HiddenCover,16384,300,dispersed,10,28,1712,0,54896,0.3365,0.0,true
HiddenCover,16384,300,dispersed,10,29,1712,0,54896,0.3369,0.0,true
HiddenCover,16384,300,dispersed,11,0,1712,0,54896,0.32130000000000003,0.0,true
HiddenCover,16384,300,dispersed,11,1,1712,0,54896,0.31760000000000005,0.0,true
HiddenCover,16384,300,dispersed,11,2,1712,0,54896,0.32,0.0,true
HiddenCover,16384,300,dispersed,11,3,1712,0,54896,0.3202,0.0,true
HiddenCover,16384,300,dispersed,11,4,1712,0,54896,0.3181,0.0,true
HiddenCover,16384,300,dispersed,11,5,1712,0,54896,0.31839999999999996,0.0,true
HiddenCover,16384,300,dispersed,11,6,1712,0,54896,0.3209,0.0,true
HiddenCover,16384,300,dispersed,11,7,1712,0,54896,0.3199,0.0,true
HiddenCover,16384,300,dispersed,11,8,1712,0,54896,0.3189,0.0,true
HiddenCover,16384,300,dispersed,11,9,1712,0,54896,0.32,0.0,true
HiddenCover,16384,300,dispersed,11,10,1712,0,54896,0.3185,0.0,true
HiddenCover,16384,300,dispersed,11,11,1712,0,54896,0.3189,0.0,true
HiddenCover,16384,300,dispersed,11,12,1712,0,54896,0.3234,0.0,true
HiddenCover,16384,300,dispersed,11,13,1712,0,54896,0.3234,0.0,true
HiddenCover,16384,300,dispersed,11,14,1712,0,54896,0.3226,0.0,true
HiddenCover,16384,300,dispersed,11,15,1712,0,54896,0.3209,0.0,true
HiddenCover,16384,300,dispersed,11,16,1712,0,54896,0.323,0.0,true
HiddenCover,16384,300,dispersed,11,17,1712,0,54896,0.3255,0.0,true
HiddenCover,16384,300,dispersed,11,18,1712,0,54896,0.3211,0.0,true
HiddenCover,16384,300,dispersed,11,19,1712,0,54896,0.3192,0.0,true
HiddenCover,16384,300,dispersed,11,20,1712,0,54896,0.31930000000000003,0.0,true
HiddenCover,16384,300,dispersed,11,21,1712,0,54896,0.3206,0.0,true
HiddenCover,16384,300,dispersed,11,22,1712,0,54896,0.4838,0.0,true
HiddenCover,16384,300,dispersed,11,23,1712,0,54896,0.5961,0.0,true
HiddenCover,16384,300,dispersed,11,24,1712,0,54896,0.358,0.0,true
HiddenCover,16384,300,dispersed,11,25,1712,0,54896,0.37520000000000003,0.0,true
HiddenCover,16384,300,dispersed,11,26,1712,0,54896,0.3515,0.0,true
HiddenCover,16384,300,dispersed,11,27,1712,0,54896,0.3429,0.0,true
HiddenCover,16384,300,dispersed,11,28,1712,0,54896,0.3592,0.0,true
HiddenCover,16384,300,dispersed,11,29,1712,0,54896,0.3442,0.0,true
HiddenCover,16384,300,dispersed,12,0,1712,0,54896,0.33599999999999997,0.0,true
HiddenCover,16384,300,dispersed,12,1,1712,0,54896,0.33599999999999997,0.0,true
HiddenCover,16384,300,dispersed,12,2,1712,0,54896,0.3367,0.0,true
HiddenCover,16384,300,dispersed,12,3,1712,0,54896,0.3364,0.0,true
HiddenCover,16384,300,dispersed,12,4,1712,0,54896,0.3372,0.0,true
HiddenCover,16384,300,dispersed,12,5,1712,0,54896,0.3379,0.0,true
HiddenCover,16384,300,dispersed,12,6,1712,0,54896,0.33780000000000004,0.0,true
HiddenCover,16384,300,dispersed,12,7,1712,0,54896,0.3418,0.0,true
HiddenCover,16384,300,dispersed,12,8,1712,0,54896,0.33740000000000003,0.0,true
HiddenCover,16384,300,dispersed,12,9,1712,0,54896,0.3377,0.0,true
HiddenCover,16384,300,dispersed,12,10,1712,0,54896,0.33780000000000004,0.0,true
HiddenCover,16384,300,dispersed,12,11,1712,0,54896,0.3384,0.0,true
HiddenCover,16384,300,dispersed,12,12,1712,0,54896,0.3458,0.0,true
HiddenCover,16384,300,dispersed,12,13,1712,0,54896,0.3443,0.0,true
HiddenCover,16384,300,dispersed,12,14,1712,0,54896,0.3367,0.0,true
HiddenCover,16384,300,dispersed,12,15,1712,0,54896,0.3367,0.0,true
HiddenCover,16384,300,dispersed,12,16,1712,0,54896,0.3375,0.0,true
HiddenCover,16384,300,dispersed,12,17,1712,0,54896,0.3388,0.0,true
HiddenCover,16384,300,dispersed,12,18,1712,0,54896,0.3377,0.0,true
HiddenCover,16384,300,dispersed,12,19,1712,0,54896,0.3369,0.0,true
HiddenCover,16384,300,dispersed,12,20,1712,0,54896,0.3361,0.0,true
HiddenCover,16384,300,dispersed,12,21,1712,0,54896,0.3355,0.0,true
HiddenCover,16384,300,dispersed,12,22,1712,0,54896,0.3387,0.0,true
HiddenCover,16384,300,dispersed,12,23,1712,0,54896,0.3392,0.0,true
HiddenCover,16384,300,dispersed,12,24,1712,0,54896,0.3417,0.0,true
HiddenCover,16384,300,dispersed,12,25,1712,0,54896,0.3522,0.0,true
HiddenCover,16384,300,dispersed,12,26,1712,0,54896,0.3364,0.0,true
HiddenCover,16384,300,dispersed,12,27,1712,0,54896,0.33490000000000003,0.0,true
HiddenCover,16384,300,dispersed,12,28,1712,0,54896,0.3351,0.0,true
HiddenCover,16384,300,dispersed,12,29,1712,0,54896,0.3343,0.0,true
HiddenCover,16384,300,dispersed,13,0,1712,0,54896,0.3696,0.0,true
HiddenCover,16384,300,dispersed,13,1,1712,0,54896,0.3413,0.0,true
HiddenCover,16384,300,dispersed,13,2,1712,0,54896,0.3403,0.0,true
HiddenCover,16384,300,dispersed,13,3,1712,0,54896,0.345,0.0,true
HiddenCover,16384,300,dispersed,13,4,1712,0,54896,0.34259999999999996,0.0,true
HiddenCover,16384,300,dispersed,13,5,1712,0,54896,0.3462,0.0,true
HiddenCover,16384,300,dispersed,13,6,1712,0,54896,0.34850000000000003,0.0,true
HiddenCover,16384,300,dispersed,13,7,1712,0,54896,0.3443,0.0,true
HiddenCover,16384,300,dispersed,13,8,1712,0,54896,0.3402,0.0,true
HiddenCover,16384,300,dispersed,13,9,1712,0,54896,0.3473,0.0,true
HiddenCover,16384,300,dispersed,13,10,1712,0,54896,0.3395,0.0,true
HiddenCover,16384,300,dispersed,13,11,1712,0,54896,0.3418,0.0,true
HiddenCover,16384,300,dispersed,13,12,1712,0,54896,0.34059999999999996,0.0,true
HiddenCover,16384,300,dispersed,13,13,1712,0,54896,0.3403,0.0,true
HiddenCover,16384,300,dispersed,13,14,1712,0,54896,0.3427,0.0,true
HiddenCover,16384,300,dispersed,13,15,1712,0,54896,0.33980000000000005,0.0,true
HiddenCover,16384,300,dispersed,13,16,1712,0,54896,0.3431,0.0,true
HiddenCover,16384,300,dispersed,13,17,1712,0,54896,0.3421,0.0,true
HiddenCover,16384,300,dispersed,13,18,1712,0,54896,0.34400000000000003,0.0,true
HiddenCover,16384,300,dispersed,13,19,1712,0,54896,0.33809999999999996,0.0,true
HiddenCover,16384,300,dispersed,13,20,1712,0,54896,0.3476,0.0,true
HiddenCover,16384,300,dispersed,13,21,1712,0,54896,0.3522,0.0,true
HiddenCover,16384,300,dispersed,13,22,1712,0,54896,0.3261,0.0,true
HiddenCover,16384,300,dispersed,13,23,1712,0,54896,0.3276,0.0,true
HiddenCover,16384,300,dispersed,13,24,1712,0,54896,0.3241,0.0,true
HiddenCover,16384,300,dispersed,13,25,1712,0,54896,0.3311,0.0,true
HiddenCover,16384,300,dispersed,13,26,1712,0,54896,0.32699999999999996,0.0,true
HiddenCover,16384,300,dispersed,13,27,1712,0,54896,0.3331,0.0,true
HiddenCover,16384,300,dispersed,13,28,1712,0,54896,0.3304,0.0,true
HiddenCover,16384,300,dispersed,13,29,1712,0,54896,0.3219,0.0,true
HiddenCover,16384,300,dispersed,14,0,1712,0,54896,0.32249999999999995,0.0,true
HiddenCover,16384,300,dispersed,14,1,1712,0,54896,0.5346,0.0,true
HiddenCover,16384,300,dispersed,14,2,1712,0,54896,0.6901999999999999,0.0,true
HiddenCover,16384,300,dispersed,14,3,1712,0,54896,0.5267,0.0,true
HiddenCover,16384,300,dispersed,14,4,1712,0,54896,0.3342,0.0,true
HiddenCover,16384,300,dispersed,14,5,1712,0,54896,0.3389,0.0,true
HiddenCover,16384,300,dispersed,14,6,1712,0,54896,0.3461,0.0,true
HiddenCover,16384,300,dispersed,14,7,1712,0,54896,0.34059999999999996,0.0,true
HiddenCover,16384,300,dispersed,14,8,1712,0,54896,0.3474,0.0,true
HiddenCover,16384,300,dispersed,14,9,1712,0,54896,0.34190000000000004,0.0,true
HiddenCover,16384,300,dispersed,14,10,1712,0,54896,0.3402,0.0,true
HiddenCover,16384,300,dispersed,14,11,1712,0,54896,0.3396,0.0,true
HiddenCover,16384,300,dispersed,14,12,1712,0,54896,0.3396,0.0,true
HiddenCover,16384,300,dispersed,14,13,1712,0,54896,0.33940000000000003,0.0,true
HiddenCover,16384,300,dispersed,14,14,1712,0,54896,0.3366,0.0,true
HiddenCover,16384,300,dispersed,14,15,1712,0,54896,0.339,0.0,true
HiddenCover,16384,300,dispersed,14,16,1712,0,54896,0.3377,0.0,true
HiddenCover,16384,300,dispersed,14,17,1712,0,54896,0.335,0.0,true
HiddenCover,16384,300,dispersed,14,18,1712,0,54896,0.34190000000000004,0.0,true
HiddenCover,16384,300,dispersed,14,19,1712,0,54896,0.3359,0.0,true
HiddenCover,16384,300,dispersed,14,20,1712,0,54896,0.3403,0.0,true
HiddenCover,16384,300,dispersed,14,21,1712,0,54896,0.3415,0.0,true
HiddenCover,16384,300,dispersed,14,22,1712,0,54896,0.33780000000000004,0.0,true
HiddenCover,16384,300,dispersed,14,23,1712,0,54896,0.3428,0.0,true
HiddenCover,16384,300,dispersed,14,24,1712,0,54896,0.3352,0.0,true
HiddenCover,16384,300,dispersed,14,25,1712,0,54896,0.3346,0.0,true
HiddenCover,16384,300,dispersed,14,26,1712,0,54896,0.33980000000000005,0.0,true
HiddenCover,16384,300,dispersed,14,27,1712,0,54896,0.342,0.0,true
HiddenCover,16384,300,dispersed,14,28,1712,0,54896,0.3382,0.0,true
HiddenCover,16384,300,dispersed,14,29,1712,0,54896,0.3367,0.0,true
HiddenCover,16384,300,dispersed,15,0,1712,0,54896,0.3416,0.0,true
HiddenCover,16384,300,dispersed,15,1,1712,0,54896,0.3365,0.0,true
HiddenCover,16384,300,dispersed,15,2,1712,0,54896,0.34890000000000004,0.0,true
HiddenCover,16384,300,dispersed,15,3,1712,0,54896,0.3368,0.0,true
HiddenCover,16384,300,dispersed,15,4,1712,0,54896,0.3437,0.0,true
HiddenCover,16384,300,dispersed,15,5,1712,0,54896,0.34640000000000004,0.0,true
HiddenCover,16384,300,dispersed,15,6,1712,0,54896,0.33599999999999997,0.0,true
HiddenCover,16384,300,dispersed,15,7,1712,0,54896,0.3441,0.0,true
HiddenCover,16384,300,dispersed,15,8,1712,0,54896,0.3815,0.0,true
HiddenCover,16384,300,dispersed,15,9,1712,0,54896,0.34190000000000004,0.0,true
HiddenCover,16384,300,dispersed,15,10,1712,0,54896,0.3431,0.0,true
HiddenCover,16384,300,dispersed,15,11,1712,0,54896,0.9293,0.0,true
HiddenCover,16384,300,dispersed,15,12,1712,0,54896,0.46040000000000003,0.0,true
HiddenCover,16384,300,dispersed,15,13,1712,0,54896,0.3572,0.0,true
HiddenCover,16384,300,dispersed,15,14,1712,0,54896,0.381,0.0,true
HiddenCover,16384,300,dispersed,15,15,1712,0,54896,0.3903,0.0,true
HiddenCover,16384,300,dispersed,15,16,1712,0,54896,0.3698,0.0,true
HiddenCover,16384,300,dispersed,15,17,1712,0,54896,0.3452,0.0,true
HiddenCover,16384,300,dispersed,15,18,1712,0,54896,0.3414,0.0,true
HiddenCover,16384,300,dispersed,15,19,1712,0,54896,0.3609,0.0,true
HiddenCover,16384,300,dispersed,15,20,1712,0,54896,0.3528,0.0,true
HiddenCover,16384,300,dispersed,15,21,1712,0,54896,0.34099999999999997,0.0,true
HiddenCover,16384,300,dispersed,15,22,1712,0,54896,0.3361,0.0,true
HiddenCover,16384,300,dispersed,15,23,1712,0,54896,0.3415,0.0,true
HiddenCover,16384,300,dispersed,15,24,1712,0,54896,0.3433,0.0,true
HiddenCover,16384,300,dispersed,15,25,1712,0,54896,0.3359,0.0,true
HiddenCover,16384,300,dispersed,15,26,1712,0,54896,0.33799999999999997,0.0,true
HiddenCover,16384,300,dispersed,15,27,1712,0,54896,0.3369,0.0,true
HiddenCover,16384,300,dispersed,15,28,1712,0,54896,0.3365,0.0,true
HiddenCover,16384,300,dispersed,15,29,1712,0,54896,0.3372,0.0,true
HiddenCover,16384,300,dispersed,16,0,1712,0,54896,0.3458,0.0,true
HiddenCover,16384,300,dispersed,16,1,1712,0,54896,0.3382,0.0,true
HiddenCover,16384,300,dispersed,16,2,1712,0,54896,0.3379,0.0,true
HiddenCover,16384,300,dispersed,16,3,1712,0,54896,0.3365,0.0,true
HiddenCover,16384,300,dispersed,16,4,1712,0,54896,0.3403,0.0,true
HiddenCover,16384,300,dispersed,16,5,1712,0,54896,0.3375,0.0,true
HiddenCover,16384,300,dispersed,16,6,1712,0,54896,0.3362,0.0,true
HiddenCover,16384,300,dispersed,16,7,1712,0,54896,0.3391,0.0,true
HiddenCover,16384,300,dispersed,16,8,1712,0,54896,0.34259999999999996,0.0,true
HiddenCover,16384,300,dispersed,16,9,1712,0,54896,0.3348,0.0,true
HiddenCover,16384,300,dispersed,16,10,1712,0,54896,0.3379,0.0,true
HiddenCover,16384,300,dispersed,16,11,1712,0,54896,0.3369,0.0,true
HiddenCover,16384,300,dispersed,16,12,1712,0,54896,0.3762,0.0,true
HiddenCover,16384,300,dispersed,16,13,1712,0,54896,0.3396,0.0,true
HiddenCover,16384,300,dispersed,16,14,1712,0,54896,0.3497,0.0,true
HiddenCover,16384,300,dispersed,16,15,1712,0,54896,0.33990000000000004,0.0,true
HiddenCover,16384,300,dispersed,16,16,1712,0,54896,0.345,0.0,true
HiddenCover,16384,300,dispersed,16,17,1712,0,54896,0.4091,0.0,true
HiddenCover,16384,300,dispersed,16,18,1712,0,54896,0.656,0.0,true
HiddenCover,16384,300,dispersed,16,19,1712,0,54896,0.5597,0.0,true
HiddenCover,16384,300,dispersed,16,20,1712,0,54896,0.5877,0.0,true
HiddenCover,16384,300,dispersed,16,21,1712,0,54896,0.5576,0.0,true
HiddenCover,16384,300,dispersed,16,22,1712,0,54896,0.5025999999999999,0.0,true
HiddenCover,16384,300,dispersed,16,23,1712,0,54896,0.4466,0.0,true
HiddenCover,16384,300,dispersed,16,24,1712,0,54896,0.5680000000000001,0.0,true
HiddenCover,16384,300,dispersed,16,25,1712,0,54896,0.40499999999999997,0.0,true
HiddenCover,16384,300,dispersed,16,26,1712,0,54896,0.3421,0.0,true
HiddenCover,16384,300,dispersed,16,27,1712,0,54896,0.3478,0.0,true
HiddenCover,16384,300,dispersed,16,28,1712,0,54896,0.3402,0.0,true
HiddenCover,16384,300,dispersed,16,29,1712,0,54896,0.3391,0.0,true
HiddenCover,16384,300,dispersed,17,0,1712,0,54896,0.3392,0.0,true
HiddenCover,16384,300,dispersed,17,1,1712,0,54896,0.34059999999999996,0.0,true
HiddenCover,16384,300,dispersed,17,2,1712,0,54896,0.3395,0.0,true
HiddenCover,16384,300,dispersed,17,3,1712,0,54896,0.3391,0.0,true
HiddenCover,16384,300,dispersed,17,4,1712,0,54896,0.3435,0.0,true
HiddenCover,16384,300,dispersed,17,5,1712,0,54896,0.3402,0.0,true
HiddenCover,16384,300,dispersed,17,6,1712,0,54896,0.3393,0.0,true
HiddenCover,16384,300,dispersed,17,7,1712,0,54896,0.33740000000000003,0.0,true
HiddenCover,16384,300,dispersed,17,8,1712,0,54896,0.3386,0.0,true
HiddenCover,16384,300,dispersed,17,9,1712,0,54896,0.3392,0.0,true
HiddenCover,16384,300,dispersed,17,10,1712,0,54896,0.3395,0.0,true
HiddenCover,16384,300,dispersed,17,11,1712,0,54896,0.33980000000000005,0.0,true
HiddenCover,16384,300,dispersed,17,12,1712,0,54896,0.3389,0.0,true
HiddenCover,16384,300,dispersed,17,13,1712,0,54896,0.33740000000000003,0.0,true
HiddenCover,16384,300,dispersed,17,14,1712,0,54896,0.3434,0.0,true
HiddenCover,16384,300,dispersed,17,15,1712,0,54896,0.3415,0.0,true
HiddenCover,16384,300,dispersed,17,16,1712,0,54896,0.34299999999999997,0.0,true
HiddenCover,16384,300,dispersed,17,17,1712,0,54896,0.34259999999999996,0.0,true
HiddenCover,16384,300,dispersed,17,18,1712,0,54896,0.3413,0.0,true
HiddenCover,16384,300,dispersed,17,19,1712,0,54896,0.3372,0.0,true
HiddenCover,16384,300,dispersed,17,20,1712,0,54896,0.4799,0.0,true
HiddenCover,16384,300,dispersed,17,21,1712,0,54896,0.3844,0.0,true
HiddenCover,16384,300,dispersed,17,22,1712,0,54896,0.3572,0.0,true
HiddenCover,16384,300,dispersed,17,23,1712,0,54896,0.5085,0.0,true
HiddenCover,16384,300,dispersed,17,24,1712,0,54896,0.5247999999999999,0.0,true
HiddenCover,16384,300,dispersed,17,25,1712,0,54896,0.5162,0.0,true
HiddenCover,16384,300,dispersed,17,26,1712,0,54896,0.3856,0.0,true
HiddenCover,16384,300,dispersed,17,27,1712,0,54896,0.35960000000000003,0.0,true
HiddenCover,16384,300,dispersed,17,28,1712,0,54896,0.3776,0.0,true
HiddenCover,16384,300,dispersed,17,29,1712,0,54896,0.38380000000000003,0.0,true
HiddenCover,16384,300,dispersed,18,0,1712,0,54896,0.34259999999999996,0.0,true
HiddenCover,16384,300,dispersed,18,1,1712,0,54896,0.34259999999999996,0.0,true
HiddenCover,16384,300,dispersed,18,2,1712,0,54896,0.3397,0.0,true
HiddenCover,16384,300,dispersed,18,3,1712,0,54896,0.3421,0.0,true
HiddenCover,16384,300,dispersed,18,4,1712,0,54896,0.35,0.0,true
HiddenCover,16384,300,dispersed,18,5,1712,0,54896,0.3384,0.0,true
HiddenCover,16384,300,dispersed,18,6,1712,0,54896,0.3389,0.0,true
HiddenCover,16384,300,dispersed,18,7,1712,0,54896,0.337,0.0,true
HiddenCover,16384,300,dispersed,18,8,1712,0,54896,0.3371,0.0,true
HiddenCover,16384,300,dispersed,18,9,1712,0,54896,0.3377,0.0,true
HiddenCover,16384,300,dispersed,18,10,1712,0,54896,0.3388,0.0,true
HiddenCover,16384,300,dispersed,18,11,1712,0,54896,0.3371,0.0,true
HiddenCover,16384,300,dispersed,18,12,1712,0,54896,0.3414,0.0,true
HiddenCover,16384,300,dispersed,18,13,1712,0,54896,0.3393,0.0,true
HiddenCover,16384,300,dispersed,18,14,1712,0,54896,0.3367,0.0,true
HiddenCover,16384,300,dispersed,18,15,1712,0,54896,0.3452,0.0,true
HiddenCover,16384,300,dispersed,18,16,1712,0,54896,0.3418,0.0,true
HiddenCover,16384,300,dispersed,18,17,1712,0,54896,0.3553,0.0,true
HiddenCover,16384,300,dispersed,18,18,1712,0,54896,0.3393,0.0,true
HiddenCover,16384,300,dispersed,18,19,1712,0,54896,0.33799999999999997,0.0,true
HiddenCover,16384,300,dispersed,18,20,1712,0,54896,0.3427,0.0,true
HiddenCover,16384,300,dispersed,18,21,1712,0,54896,0.3592,0.0,true
HiddenCover,16384,300,dispersed,18,22,1712,0,54896,0.34099999999999997,0.0,true
HiddenCover,16384,300,dispersed,18,23,1712,0,54896,0.3501,0.0,true
HiddenCover,16384,300,dispersed,18,24,1712,0,54896,0.34459999999999996,0.0,true
HiddenCover,16384,300,dispersed,18,25,1712,0,54896,0.34059999999999996,0.0,true
HiddenCover,16384,300,dispersed,18,26,1712,0,54896,0.49,0.0,true
HiddenCover,16384,300,dispersed,18,27,1712,0,54896,0.3831,0.0,true
HiddenCover,16384,300,dispersed,18,28,1712,0,54896,0.34190000000000004,0.0,true
HiddenCover,16384,300,dispersed,18,29,1712,0,54896,0.3416,0.0,true
HiddenCover,16384,300,dispersed,19,0,1712,0,54896,0.33849999999999997,0.0,true
HiddenCover,16384,300,dispersed,19,1,1712,0,54896,0.34230000000000005,0.0,true
HiddenCover,16384,300,dispersed,19,2,1712,0,54896,0.3401,0.0,true
HiddenCover,16384,300,dispersed,19,3,1712,0,54896,0.33980000000000005,0.0,true
HiddenCover,16384,300,dispersed,19,4,1712,0,54896,0.3412,0.0,true
HiddenCover,16384,300,dispersed,19,5,1712,0,54896,0.3443,0.0,true
HiddenCover,16384,300,dispersed,19,6,1712,0,54896,0.3367,0.0,true
HiddenCover,16384,300,dispersed,19,7,1712,0,54896,0.3369,0.0,true
HiddenCover,16384,300,dispersed,19,8,1712,0,54896,0.3416,0.0,true
HiddenCover,16384,300,dispersed,19,9,1712,0,54896,0.3449,0.0,true
HiddenCover,16384,300,dispersed,19,10,1712,0,54896,0.339,0.0,true
HiddenCover,16384,300,dispersed,19,11,1712,0,54896,0.33780000000000004,0.0,true
HiddenCover,16384,300,dispersed,19,12,1712,0,54896,0.3435,0.0,true
HiddenCover,16384,300,dispersed,19,13,1712,0,54896,0.3401,0.0,true
HiddenCover,16384,300,dispersed,19,14,1712,0,54896,0.3404,0.0,true
HiddenCover,16384,300,dispersed,19,15,1712,0,54896,0.3413,0.0,true
HiddenCover,16384,300,dispersed,19,16,1712,0,54896,0.3402,0.0,true
HiddenCover,16384,300,dispersed,19,17,1712,0,54896,0.3453,0.0,true
HiddenCover,16384,300,dispersed,19,18,1712,0,54896,0.36000000000000004,0.0,true
HiddenCover,16384,300,dispersed,19,19,1712,0,54896,0.3371,0.0,true
HiddenCover,16384,300,dispersed,19,20,1712,0,54896,0.3377,0.0,true
HiddenCover,16384,300,dispersed,19,21,1712,0,54896,0.3357,0.0,true
HiddenCover,16384,300,dispersed,19,22,1712,0,54896,0.3395,0.0,true
HiddenCover,16384,300,dispersed,19,23,1712,0,54896,0.3401,0.0,true
HiddenCover,16384,300,dispersed,19,24,1712,0,54896,0.3404,0.0,true
HiddenCover,16384,300,dispersed,19,25,1712,0,54896,0.3376,0.0,true
HiddenCover,16384,300,dispersed,19,26,1712,0,54896,0.33540000000000003,0.0,true
HiddenCover,16384,300,dispersed,19,27,1712,0,54896,0.3463,0.0,true
HiddenCover,16384,300,dispersed,19,28,1712,0,54896,0.337,0.0,true
HiddenCover,16384,300,dispersed,19,29,1712,0,54896,0.3557,0.0,true
HiddenCover,16384,1000,clustered,0,0,11,0,464,0.0292,0.0,true
HiddenCover,16384,1000,clustered,0,1,11,0,464,0.0292,0.0,true
HiddenCover,16384,1000,clustered,0,2,11,0,464,0.028399999999999998,0.0,true
HiddenCover,16384,1000,clustered,0,3,11,0,464,0.0283,0.0,true
HiddenCover,16384,1000,clustered,0,4,11,0,464,0.0283,0.0,true
HiddenCover,16384,1000,clustered,0,5,11,0,464,0.0286,0.0,true
HiddenCover,16384,1000,clustered,0,6,11,0,464,0.0283,0.0,true
HiddenCover,16384,1000,clustered,0,7,11,0,464,0.028399999999999998,0.0,true
HiddenCover,16384,1000,clustered,0,8,11,0,464,0.028399999999999998,0.0,true
HiddenCover,16384,1000,clustered,0,9,11,0,464,0.028399999999999998,0.0,true
HiddenCover,16384,1000,clustered,0,10,11,0,464,0.0282,0.0,true
HiddenCover,16384,1000,clustered,0,11,11,0,464,0.028399999999999998,0.0,true
HiddenCover,16384,1000,clustered,0,12,11,0,464,0.0286,0.0,true
HiddenCover,16384,1000,clustered,0,13,11,0,464,0.0283,0.0,true
HiddenCover,16384,1000,clustered,0,14,11,0,464,0.0283,0.0,true
HiddenCover,16384,1000,clustered,0,15,11,0,464,0.0283,0.0,true
HiddenCover,16384,1000,clustered,0,16,11,0,464,0.0283,0.0,true
HiddenCover,16384,1000,clustered,0,17,11,0,464,0.028399999999999998,0.0,true
HiddenCover,16384,1000,clustered,0,18,11,0,464,0.0283,0.0,true
HiddenCover,16384,1000,clustered,0,19,11,0,464,0.0286,0.0,true
HiddenCover,16384,1000,clustered,0,20,11,0,464,0.028399999999999998,0.0,true
HiddenCover,16384,1000,clustered,0,21,11,0,464,0.028399999999999998,0.0,true
HiddenCover,16384,1000,clustered,0,22,11,0,464,0.0283,0.0,true
HiddenCover,16384,1000,clustered,0,23,11,0,464,0.028399999999999998,0.0,true
HiddenCover,16384,1000,clustered,0,24,11,0,464,0.0283,0.0,true
HiddenCover,16384,1000,clustered,0,25,11,0,464,0.0282,0.0,true
HiddenCover,16384,1000,clustered,0,26,11,0,464,0.0286,0.0,true
HiddenCover,16384,1000,clustered,0,27,11,0,464,0.0282,0.0,true
HiddenCover,16384,1000,clustered,0,28,11,0,464,0.0283,0.0,true
HiddenCover,16384,1000,clustered,0,29,11,0,464,0.0283,0.0,true
HiddenCover,16384,1000,clustered,1,0,9,0,400,0.028,0.0,true
HiddenCover,16384,1000,clustered,1,1,9,0,400,0.0281,0.0,true
HiddenCover,16384,1000,clustered,1,2,9,0,400,0.028,0.0,true
HiddenCover,16384,1000,clustered,1,3,9,0,400,0.0279,0.0,true
HiddenCover,16384,1000,clustered,1,4,9,0,400,0.028,0.0,true
HiddenCover,16384,1000,clustered,1,5,9,0,400,0.028399999999999998,0.0,true
HiddenCover,16384,1000,clustered,1,6,9,0,400,0.028,0.0,true
HiddenCover,16384,1000,clustered,1,7,9,0,400,0.0281,0.0,true
HiddenCover,16384,1000,clustered,1,8,9,0,400,0.0283,0.0,true
HiddenCover,16384,1000,clustered,1,9,9,0,400,0.028,0.0,true
HiddenCover,16384,1000,clustered,1,10,9,0,400,0.0279,0.0,true
HiddenCover,16384,1000,clustered,1,11,9,0,400,0.028,0.0,true
HiddenCover,16384,1000,clustered,1,12,9,0,400,0.028,0.0,true
HiddenCover,16384,1000,clustered,1,13,9,0,400,0.0281,0.0,true
HiddenCover,16384,1000,clustered,1,14,9,0,400,0.028399999999999998,0.0,true
HiddenCover,16384,1000,clustered,1,15,9,0,400,0.028,0.0,true
HiddenCover,16384,1000,clustered,1,16,9,0,400,0.028,0.0,true
HiddenCover,16384,1000,clustered,1,17,9,0,400,0.0305,0.0,true
HiddenCover,16384,1000,clustered,1,18,9,0,400,0.028,0.0,true
HiddenCover,16384,1000,clustered,1,19,9,0,400,0.0279,0.0,true
HiddenCover,16384,1000,clustered,1,20,9,0,400,0.028,0.0,true
HiddenCover,16384,1000,clustered,1,21,9,0,400,0.0279,0.0,true
HiddenCover,16384,1000,clustered,1,22,9,0,400,0.0282,0.0,true
HiddenCover,16384,1000,clustered,1,23,9,0,400,0.0279,0.0,true
HiddenCover,16384,1000,clustered,1,24,9,0,400,0.028,0.0,true
HiddenCover,16384,1000,clustered,1,25,9,0,400,0.028,0.0,true
HiddenCover,16384,1000,clustered,1,26,9,0,400,0.0279,0.0,true
HiddenCover,16384,1000,clustered,1,27,9,0,400,0.0279,0.0,true
HiddenCover,16384,1000,clustered,1,28,9,0,400,0.028,0.0,true
HiddenCover,16384,1000,clustered,1,29,9,0,400,0.028,0.0,true
HiddenCover,16384,1000,clustered,2,0,12,0,496,0.036399999999999995,0.0,true
HiddenCover,16384,1000,clustered,2,1,12,0,496,0.0286,0.0,true
HiddenCover,16384,1000,clustered,2,2,12,0,496,0.0285,0.0,true
HiddenCover,16384,1000,clustered,2,3,12,0,496,0.0285,0.0,true
HiddenCover,16384,1000,clustered,2,4,12,0,496,0.0285,0.0,true
HiddenCover,16384,1000,clustered,2,5,12,0,496,0.0286,0.0,true
HiddenCover,16384,1000,clustered,2,6,12,0,496,0.0285,0.0,true
HiddenCover,16384,1000,clustered,2,7,12,0,496,0.0288,0.0,true
HiddenCover,16384,1000,clustered,2,8,12,0,496,0.028399999999999998,0.0,true
HiddenCover,16384,1000,clustered,2,9,12,0,496,0.028399999999999998,0.0,true
HiddenCover,16384,1000,clustered,2,10,12,0,496,0.0286,0.0,true
HiddenCover,16384,1000,clustered,2,11,12,0,496,0.0285,0.0,true
HiddenCover,16384,1000,clustered,2,12,12,0,496,0.0286,0.0,true
HiddenCover,16384,1000,clustered,2,13,12,0,496,0.0288,0.0,true
HiddenCover,16384,1000,clustered,2,14,12,0,496,0.0286,0.0,true
HiddenCover,16384,1000,clustered,2,15,12,0,496,0.028399999999999998,0.0,true
HiddenCover,16384,1000,clustered,2,16,12,0,496,0.0285,0.0,true
HiddenCover,16384,1000,clustered,2,17,12,0,496,0.0285,0.0,true
HiddenCover,16384,1000,clustered,2,18,12,0,496,0.0285,0.0,true
HiddenCover,16384,1000,clustered,2,19,12,0,496,0.028399999999999998,0.0,true
HiddenCover,16384,1000,clustered,2,20,12,0,496,0.028900000000000002,0.0,true
HiddenCover,16384,1000,clustered,2,21,12,0,496,0.0309,0.0,true
HiddenCover,16384,1000,clustered,2,22,12,0,496,0.0347,0.0,true
HiddenCover,16384,1000,clustered,2,23,12,0,496,0.0331,0.0,true
HiddenCover,16384,1000,clustered,2,24,12,0,496,0.034,0.0,true
HiddenCover,16384,1000,clustered,2,25,12,0,496,0.0318,0.0,true
HiddenCover,16384,1000,clustered,2,26,12,0,496,0.0332,0.0,true
HiddenCover,16384,1000,clustered,2,27,12,0,496,0.0686,0.0,true
HiddenCover,16384,1000,clustered,2,28,12,0,496,0.056799999999999996,0.0,true
HiddenCover,16384,1000,clustered,2,29,12,0,496,0.0385,0.0,true
HiddenCover,16384,1000,clustered,3,0,16,0,624,0.039,0.0,true
HiddenCover,16384,1000,clustered,3,1,16,0,624,0.0384,0.0,true
HiddenCover,16384,1000,clustered,3,2,16,0,624,0.0376,0.0,true
HiddenCover,16384,1000,clustered,3,3,16,0,624,0.0375,0.0,true
HiddenCover,16384,1000,clustered,3,4,16,0,624,0.0361,0.0,true
HiddenCover,16384,1000,clustered,3,5,16,0,624,0.0438,0.0,true
HiddenCover,16384,1000,clustered,3,6,16,0,624,0.033,0.0,true
HiddenCover,16384,1000,clustered,3,7,16,0,624,0.030199999999999998,0.0,true
HiddenCover,16384,1000,clustered,3,8,16,0,624,0.0324,0.0,true
HiddenCover,16384,1000,clustered,3,9,16,0,624,0.0374,0.0,true
HiddenCover,16384,1000,clustered,3,10,16,0,624,0.0303,0.0,true
HiddenCover,16384,1000,clustered,3,11,16,0,624,0.0297,0.0,true
HiddenCover,16384,1000,clustered,3,12,16,0,624,0.033,0.0,true
HiddenCover,16384,1000,clustered,3,13,16,0,624,0.0317,0.0,true
HiddenCover,16384,1000,clustered,3,14,16,0,624,0.0313,0.0,true
HiddenCover,16384,1000,clustered,3,15,16,0,624,0.031900000000000005,0.0,true
HiddenCover,16384,1000,clustered,3,16,16,0,624,0.0337,0.0,true
HiddenCover,16384,1000,clustered,3,17,16,0,624,0.0314,0.0,true
HiddenCover,16384,1000,clustered,3,18,16,0,624,0.032,0.0,true
HiddenCover,16384,1000,clustered,3,19,16,0,624,0.032499999999999994,0.0,true
HiddenCover,16384,1000,clustered,3,20,16,0,624,0.036199999999999996,0.0,true
HiddenCover,16384,1000,clustered,3,21,16,0,624,0.0329,0.0,true
HiddenCover,16384,1000,clustered,3,22,16,0,624,0.0314,0.0,true
HiddenCover,16384,1000,clustered,3,23,16,0,624,0.032100000000000004,0.0,true
HiddenCover,16384,1000,clustered,3,24,16,0,624,0.0336,0.0,true
HiddenCover,16384,1000,clustered,3,25,16,0,624,0.0335,0.0,true
HiddenCover,16384,1000,clustered,3,26,16,0,624,0.0366,0.0,true
HiddenCover,16384,1000,clustered,3,27,16,0,624,0.032,0.0,true
HiddenCover,16384,1000,clustered,3,28,16,0,624,0.0336,0.0,true
HiddenCover,16384,1000,clustered,3,29,16,0,624,0.0324,0.0,true
HiddenCover,16384,1000,clustered,4,0,9,0,400,0.032,0.0,true
HiddenCover,16384,1000,clustered,4,1,9,0,400,0.032499999999999994,0.0,true
HiddenCover,16384,1000,clustered,4,2,9,0,400,0.0287,0.0,true
HiddenCover,16384,1000,clustered,4,3,9,0,400,0.0317,0.0,true
HiddenCover,16384,1000,clustered,4,4,9,0,400,0.0314,0.0,true
HiddenCover,16384,1000,clustered,4,5,9,0,400,0.030000000000000002,0.0,true
HiddenCover,16384,1000,clustered,4,6,9,0,400,0.0292,0.0,true
HiddenCover,16384,1000,clustered,4,7,9,0,400,0.0299,0.0,true
HiddenCover,16384,1000,clustered,4,8,9,0,400,0.0337,0.0,true
HiddenCover,16384,1000,clustered,4,9,9,0,400,0.0322,0.0,true
HiddenCover,16384,1000,clustered,4,10,9,0,400,0.0294,0.0,true
HiddenCover,16384,1000,clustered,4,11,9,0,400,0.0317,0.0,true
HiddenCover,16384,1000,clustered,4,12,9,0,400,0.0313,0.0,true
HiddenCover,16384,1000,clustered,4,13,9,0,400,0.0291,0.0,true
HiddenCover,16384,1000,clustered,4,14,9,0,400,0.0301,0.0,true
HiddenCover,16384,1000,clustered,4,15,9,0,400,0.0283,0.0,true
HiddenCover,16384,1000,clustered,4,16,9,0,400,0.0312,0.0,true
HiddenCover,16384,1000,clustered,4,17,9,0,400,0.033,0.0,true
HiddenCover,16384,1000,clustered,4,18,9,0,400,0.0317,0.0,true
HiddenCover,16384,1000,clustered,4,19,9,0,400,0.0286,0.0,true
HiddenCover,16384,1000,clustered,4,20,9,0,400,0.0283,0.0,true
HiddenCover,16384,1000,clustered,4,21,9,0,400,0.030000000000000002,0.0,true
HiddenCover,16384,1000,clustered,4,22,9,0,400,0.030800000000000004,0.0,true
HiddenCover,16384,1000,clustered,4,23,9,0,400,0.0283,0.0,true
HiddenCover,16384,1000,clustered,4,24,9,0,400,0.0294,0.0,true
HiddenCover,16384,1000,clustered,4,25,9,0,400,0.0297,0.0,true
HiddenCover,16384,1000,clustered,4,26,9,0,400,0.0299,0.0,true
HiddenCover,16384,1000,clustered,4,27,9,0,400,0.029,0.0,true
HiddenCover,16384,1000,clustered,4,28,9,0,400,0.028399999999999998,0.0,true
HiddenCover,16384,1000,clustered,4,29,9,0,400,0.0299,0.0,true
HiddenCover,16384,1000,clustered,5,0,13,0,528,0.0286,0.0,true
HiddenCover,16384,1000,clustered,5,1,13,0,528,0.0285,0.0,true
HiddenCover,16384,1000,clustered,5,2,13,0,528,0.0306,0.0,true
HiddenCover,16384,1000,clustered,5,3,13,0,528,0.0288,0.0,true
HiddenCover,16384,1000,clustered,5,4,13,0,528,0.0306,0.0,true
HiddenCover,16384,1000,clustered,5,5,13,0,528,0.031099999999999996,0.0,true
HiddenCover,16384,1000,clustered,5,6,13,0,528,0.028900000000000002,0.0,true
HiddenCover,16384,1000,clustered,5,7,13,0,528,0.0286,0.0,true
HiddenCover,16384,1000,clustered,5,8,13,0,528,0.0299,0.0,true
HiddenCover,16384,1000,clustered,5,9,13,0,528,0.0291,0.0,true
HiddenCover,16384,1000,clustered,5,10,13,0,528,0.0288,0.0,true
HiddenCover,16384,1000,clustered,5,11,13,0,528,0.0317,0.0,true
HiddenCover,16384,1000,clustered,5,12,13,0,528,0.0299,0.0,true
HiddenCover,16384,1000,clustered,5,13,13,0,528,0.0287,0.0,true
HiddenCover,16384,1000,clustered,5,14,13,0,528,0.0299,0.0,true
HiddenCover,16384,1000,clustered,5,15,13,0,528,0.029,0.0,true
HiddenCover,16384,1000,clustered,5,16,13,0,528,0.0285,0.0,true
HiddenCover,16384,1000,clustered,5,17,13,0,528,0.028399999999999998,0.0,true
HiddenCover,16384,1000,clustered,5,18,13,0,528,0.0285,0.0,true
HiddenCover,16384,1000,clustered,5,19,13,0,528,0.0385,0.0,true
HiddenCover,16384,1000,clustered,5,20,13,0,528,0.0286,0.0,true
HiddenCover,16384,1000,clustered,5,21,13,0,528,0.028900000000000002,0.0,true
HiddenCover,16384,1000,clustered,5,22,13,0,528,0.0283,0.0,true
HiddenCover,16384,1000,clustered,5,23,13,0,528,0.028399999999999998,0.0,true
HiddenCover,16384,1000,clustered,5,24,13,0,528,0.0301,0.0,true
HiddenCover,16384,1000,clustered,5,25,13,0,528,0.0285,0.0,true
HiddenCover,16384,1000,clustered,5,26,13,0,528,0.0285,0.0,true
HiddenCover,16384,1000,clustered,5,27,13,0,528,0.0291,0.0,true
HiddenCover,16384,1000,clustered,5,28,13,0,528,0.0287,0.0,true
HiddenCover,16384,1000,clustered,5,29,13,0,528,0.027200000000000002,0.0,true
HiddenCover,16384,1000,clustered,6,0,11,0,464,0.027,0.0,true
HiddenCover,16384,1000,clustered,6,1,11,0,464,0.0269,0.0,true
HiddenCover,16384,1000,clustered,6,2,11,0,464,0.027,0.0,true
HiddenCover,16384,1000,clustered,6,3,11,0,464,0.028399999999999998,0.0,true
HiddenCover,16384,1000,clustered,6,4,11,0,464,0.0286,0.0,true
HiddenCover,16384,1000,clustered,6,5,11,0,464,0.0283,0.0,true
HiddenCover,16384,1000,clustered,6,6,11,0,464,0.0283,0.0,true
HiddenCover,16384,1000,clustered,6,7,11,0,464,0.0283,0.0,true
HiddenCover,16384,1000,clustered,6,8,11,0,464,0.0297,0.0,true
HiddenCover,16384,1000,clustered,6,9,11,0,464,0.027,0.0,true
HiddenCover,16384,1000,clustered,6,10,11,0,464,0.0269,0.0,true
HiddenCover,16384,1000,clustered,6,11,11,0,464,0.027299999999999998,0.0,true
HiddenCover,16384,1000,clustered,6,12,11,0,464,0.027,0.0,true
HiddenCover,16384,1000,clustered,6,13,11,0,464,0.027100000000000003,0.0,true
HiddenCover,16384,1000,clustered,6,14,11,0,464,0.0268,0.0,true
HiddenCover,16384,1000,clustered,6,15,11,0,464,0.027,0.0,true
HiddenCover,16384,1000,clustered,6,16,11,0,464,0.0269,0.0,true
HiddenCover,16384,1000,clustered,6,17,11,0,464,0.0276,0.0,true
HiddenCover,16384,1000,clustered,6,18,11,0,464,0.0286,0.0,true
HiddenCover,16384,1000,clustered,6,19,11,0,464,0.0282,0.0,true
HiddenCover,16384,1000,clustered,6,20,11,0,464,0.0283,0.0,true
HiddenCover,16384,1000,clustered,6,21,11,0,464,0.0283,0.0,true
HiddenCover,16384,1000,clustered,6,22,11,0,464,0.0269,0.0,true
HiddenCover,16384,1000,clustered,6,23,11,0,464,0.027,0.0,true
HiddenCover,16384,1000,clustered,6,24,11,0,464,0.027100000000000003,0.0,true
HiddenCover,16384,1000,clustered,6,25,11,0,464,0.027399999999999997,0.0,true
HiddenCover,16384,1000,clustered,6,26,11,0,464,0.027,0.0,true
HiddenCover,16384,1000,clustered,6,27,11,0,464,0.027,0.0,true
HiddenCover,16384,1000,clustered,6,28,11,0,464,0.0269,0.0,true
HiddenCover,16384,1000,clustered,6,29,11,0,464,0.0269,0.0,true
HiddenCover,16384,1000,clustered,7,0,14,0,560,0.0281,0.0,true
HiddenCover,16384,1000,clustered,7,1,14,0,560,0.027800000000000002,0.0,true
HiddenCover,16384,1000,clustered,7,2,14,0,560,0.0277,0.0,true
HiddenCover,16384,1000,clustered,7,3,14,0,560,0.0294,0.0,true
HiddenCover,16384,1000,clustered,7,4,14,0,560,0.0279,0.0,true
HiddenCover,16384,1000,clustered,7,5,14,0,560,0.0276,0.0,true
HiddenCover,16384,1000,clustered,7,6,14,0,560,0.028,0.0,true
HiddenCover,16384,1000,clustered,7,7,14,0,560,0.0277,0.0,true
HiddenCover,16384,1000,clustered,7,8,14,0,560,0.0276,0.0,true
HiddenCover,16384,1000,clustered,7,9,14,0,560,0.0277,0.0,true
HiddenCover,16384,1000,clustered,7,10,14,0,560,0.0276,0.0,true
HiddenCover,16384,1000,clustered,7,11,14,0,560,0.0279,0.0,true
HiddenCover,16384,1000,clustered,7,12,14,0,560,0.028,0.0,true
HiddenCover,16384,1000,clustered,7,13,14,0,560,0.0277,0.0,true
HiddenCover,16384,1000,clustered,7,14,14,0,560,0.0277,0.0,true
HiddenCover,16384,1000,clustered,7,15,14,0,560,0.0277,0.0,true
HiddenCover,16384,1000,clustered,7,16,14,0,560,0.0277,0.0,true
HiddenCover,16384,1000,clustered,7,17,14,0,560,0.0282,0.0,true
HiddenCover,16384,1000,clustered,7,18,14,0,560,0.0276,0.0,true
HiddenCover,16384,1000,clustered,7,19,14,0,560,0.027800000000000002,0.0,true
HiddenCover,16384,1000,clustered,7,20,14,0,560,0.027800000000000002,0.0,true
HiddenCover,16384,1000,clustered,7,21,14,0,560,0.027800000000000002,0.0,true
HiddenCover,16384,1000,clustered,7,22,14,0,560,0.0277,0.0,true
HiddenCover,16384,1000,clustered,7,23,14,0,560,0.0281,0.0,true
HiddenCover,16384,1000,clustered,7,24,14,0,560,0.0277,0.0,true
HiddenCover,16384,1000,clustered,7,25,14,0,560,0.0277,0.0,true
HiddenCover,16384,1000,clustered,7,26,14,0,560,0.0276,0.0,true
HiddenCover,16384,1000,clustered,7,27,14,0,560,0.0277,0.0,true
HiddenCover,16384,1000,clustered,7,28,14,0,560,0.0277,0.0,true
HiddenCover,16384,1000,clustered,7,29,14,0,560,0.0279,0.0,true
HiddenCover,16384,1000,clustered,8,0,13,0,528,0.031,0.0,true
HiddenCover,16384,1000,clustered,8,1,13,0,528,0.0279,0.0,true
HiddenCover,16384,1000,clustered,8,2,13,0,528,0.027399999999999997,0.0,true
HiddenCover,16384,1000,clustered,8,3,13,0,528,0.027299999999999998,0.0,true
HiddenCover,16384,1000,clustered,8,4,13,0,528,0.028900000000000002,0.0,true
HiddenCover,16384,1000,clustered,8,5,13,0,528,0.0288,0.0,true
HiddenCover,16384,1000,clustered,8,6,13,0,528,0.028900000000000002,0.0,true
HiddenCover,16384,1000,clustered,8,7,13,0,528,0.0288,0.0,true
HiddenCover,16384,1000,clustered,8,8,13,0,528,0.0288,0.0,true
HiddenCover,16384,1000,clustered,8,9,13,0,528,0.0298,0.0,true
HiddenCover,16384,1000,clustered,8,10,13,0,528,0.0277,0.0,true
HiddenCover,16384,1000,clustered,8,11,13,0,528,0.027399999999999997,0.0,true
HiddenCover,16384,1000,clustered,8,12,13,0,528,0.027299999999999998,0.0,true
HiddenCover,16384,1000,clustered,8,13,13,0,528,0.0276,0.0,true
HiddenCover,16384,1000,clustered,8,14,13,0,528,0.027800000000000002,0.0,true
HiddenCover,16384,1000,clustered,8,15,13,0,528,0.0287,0.0,true
HiddenCover,16384,1000,clustered,8,16,13,0,528,0.029,0.0,true
HiddenCover,16384,1000,clustered,8,17,13,0,528,0.028900000000000002,0.0,true
HiddenCover,16384,1000,clustered,8,18,13,0,528,0.027399999999999997,0.0,true
HiddenCover,16384,1000,clustered,8,19,13,0,528,0.0275,0.0,true
HiddenCover,16384,1000,clustered,8,20,13,0,528,0.027399999999999997,0.0,true
HiddenCover,16384,1000,clustered,8,21,13,0,528,0.0275,0.0,true
HiddenCover,16384,1000,clustered,8,22,13,0,528,0.0277,0.0,true
HiddenCover,16384,1000,clustered,8,23,13,0,528,0.0277,0.0,true
HiddenCover,16384,1000,clustered,8,24,13,0,528,0.0276,0.0,true
HiddenCover,16384,1000,clustered,8,25,13,0,528,0.0275,0.0,true
HiddenCover,16384,1000,clustered,8,26,13,0,528,0.0275,0.0,true
HiddenCover,16384,1000,clustered,8,27,13,0,528,0.027399999999999997,0.0,true
HiddenCover,16384,1000,clustered,8,28,13,0,528,0.027800000000000002,0.0,true
HiddenCover,16384,1000,clustered,8,29,13,0,528,0.027399999999999997,0.0,true
HiddenCover,16384,1000,clustered,9,0,13,0,528,0.027399999999999997,0.0,true
HiddenCover,16384,1000,clustered,9,1,13,0,528,0.027399999999999997,0.0,true
HiddenCover,16384,1000,clustered,9,2,13,0,528,0.027399999999999997,0.0,true
HiddenCover,16384,1000,clustered,9,3,13,0,528,0.0275,0.0,true
HiddenCover,16384,1000,clustered,9,4,13,0,528,0.0277,0.0,true
HiddenCover,16384,1000,clustered,9,5,13,0,528,0.027399999999999997,0.0,true
HiddenCover,16384,1000,clustered,9,6,13,0,528,0.0275,0.0,true
HiddenCover,16384,1000,clustered,9,7,13,0,528,0.0275,0.0,true
HiddenCover,16384,1000,clustered,9,8,13,0,528,0.0276,0.0,true
HiddenCover,16384,1000,clustered,9,9,13,0,528,0.027299999999999998,0.0,true
HiddenCover,16384,1000,clustered,9,10,13,0,528,0.027800000000000002,0.0,true
HiddenCover,16384,1000,clustered,9,11,13,0,528,0.027399999999999997,0.0,true
HiddenCover,16384,1000,clustered,9,12,13,0,528,0.027399999999999997,0.0,true
HiddenCover,16384,1000,clustered,9,13,13,0,528,0.0276,0.0,true
HiddenCover,16384,1000,clustered,9,14,13,0,528,0.0287,0.0,true
HiddenCover,16384,1000,clustered,9,15,13,0,528,0.0288,0.0,true
HiddenCover,16384,1000,clustered,9,16,13,0,528,0.0291,0.0,true
HiddenCover,16384,1000,clustered,9,17,13,0,528,0.0287,0.0,true
HiddenCover,16384,1000,clustered,9,18,13,0,528,0.0288,0.0,true
HiddenCover,16384,1000,clustered,9,19,13,0,528,0.027399999999999997,0.0,true
HiddenCover,16384,1000,clustered,9,20,13,0,528,0.027299999999999998,0.0,true
HiddenCover,16384,1000,clustered,9,21,13,0,528,0.027299999999999998,0.0,true
HiddenCover,16384,1000,clustered,9,22,13,0,528,0.0277,0.0,true
HiddenCover,16384,1000,clustered,9,23,13,0,528,0.027399999999999997,0.0,true
HiddenCover,16384,1000,clustered,9,24,13,0,528,0.027299999999999998,0.0,true
HiddenCover,16384,1000,clustered,9,25,13,0,528,0.027399999999999997,0.0,true
HiddenCover,16384,1000,clustered,9,26,13,0,528,0.027299999999999998,0.0,true
HiddenCover,16384,1000,clustered,9,27,13,0,528,0.027399999999999997,0.0,true
HiddenCover,16384,1000,clustered,9,28,13,0,528,0.027800000000000002,0.0,true
HiddenCover,16384,1000,clustered,9,29,13,0,528,0.027299999999999998,0.0,true
HiddenCover,16384,1000,clustered,10,0,12,0,496,0.027200000000000002,0.0,true
HiddenCover,16384,1000,clustered,10,1,12,0,496,0.027100000000000003,0.0,true
HiddenCover,16384,1000,clustered,10,2,12,0,496,0.027100000000000003,0.0,true
HiddenCover,16384,1000,clustered,10,3,12,0,496,0.027100000000000003,0.0,true
HiddenCover,16384,1000,clustered,10,4,12,0,496,0.027399999999999997,0.0,true
HiddenCover,16384,1000,clustered,10,5,12,0,496,0.027,0.0,true
HiddenCover,16384,1000,clustered,10,6,12,0,496,0.027,0.0,true
HiddenCover,16384,1000,clustered,10,7,12,0,496,0.027100000000000003,0.0,true
HiddenCover,16384,1000,clustered,10,8,12,0,496,0.027,0.0,true
HiddenCover,16384,1000,clustered,10,9,12,0,496,0.027,0.0,true
HiddenCover,16384,1000,clustered,10,10,12,0,496,0.0269,0.0,true
HiddenCover,16384,1000,clustered,10,11,12,0,496,0.027399999999999997,0.0,true
HiddenCover,16384,1000,clustered,10,12,12,0,496,0.027200000000000002,0.0,true
HiddenCover,16384,1000,clustered,10,13,12,0,496,0.028399999999999998,0.0,true
HiddenCover,16384,1000,clustered,10,14,12,0,496,0.028399999999999998,0.0,true
HiddenCover,16384,1000,clustered,10,15,12,0,496,0.028399999999999998,0.0,true
HiddenCover,16384,1000,clustered,10,16,12,0,496,0.028399999999999998,0.0,true
HiddenCover,16384,1000,clustered,10,17,12,0,496,0.0287,0.0,true
HiddenCover,16384,1000,clustered,10,18,12,0,496,0.028399999999999998,0.0,true
HiddenCover,16384,1000,clustered,10,19,12,0,496,0.027100000000000003,0.0,true
HiddenCover,16384,1000,clustered,10,20,12,0,496,0.027,0.0,true
HiddenCover,16384,1000,clustered,10,21,12,0,496,0.027100000000000003,0.0,true
HiddenCover,16384,1000,clustered,10,22,12,0,496,0.027200000000000002,0.0,true
HiddenCover,16384,1000,clustered,10,23,12,0,496,0.027200000000000002,0.0,true
HiddenCover,16384,1000,clustered,10,24,12,0,496,0.027299999999999998,0.0,true
HiddenCover,16384,1000,clustered,10,25,12,0,496,0.027100000000000003,0.0,true
HiddenCover,16384,1000,clustered,10,26,12,0,496,0.027,0.0,true
HiddenCover,16384,1000,clustered,10,27,12,0,496,0.027,0.0,true
HiddenCover,16384,1000,clustered,10,28,12,0,496,0.0285,0.0,true
HiddenCover,16384,1000,clustered,10,29,12,0,496,0.0283,0.0,true
HiddenCover,16384,1000,clustered,11,0,15,0,592,0.027800000000000002,0.0,true
HiddenCover,16384,1000,clustered,11,1,15,0,592,0.027800000000000002,0.0,true
HiddenCover,16384,1000,clustered,11,2,15,0,592,0.027800000000000002,0.0,true
HiddenCover,16384,1000,clustered,11,3,15,0,592,0.0291,0.0,true
HiddenCover,16384,1000,clustered,11,4,15,0,592,0.0282,0.0,true
HiddenCover,16384,1000,clustered,11,5,15,0,592,0.027800000000000002,0.0,true
HiddenCover,16384,1000,clustered,11,6,15,0,592,0.027800000000000002,0.0,true
HiddenCover,16384,1000,clustered,11,7,15,0,592,0.027800000000000002,0.0,true
HiddenCover,16384,1000,clustered,11,8,15,0,592,0.027800000000000002,0.0,true
HiddenCover,16384,1000,clustered,11,9,15,0,592,0.0283,0.0,true
HiddenCover,16384,1000,clustered,11,10,15,0,592,0.027800000000000002,0.0,true
HiddenCover,16384,1000,clustered,11,11,15,0,592,0.027800000000000002,0.0,true
HiddenCover,16384,1000,clustered,11,12,15,0,592,0.027800000000000002,0.0,true
HiddenCover,16384,1000,clustered,11,13,15,0,592,0.027800000000000002,0.0,true
HiddenCover,16384,1000,clustered,11,14,15,0,592,0.0282,0.0,true
HiddenCover,16384,1000,clustered,11,15,15,0,592,0.027800000000000002,0.0,true
HiddenCover,16384,1000,clustered,11,16,15,0,592,0.028,0.0,true
HiddenCover,16384,1000,clustered,11,17,15,0,592,0.027800000000000002,0.0,true
HiddenCover,16384,1000,clustered,11,18,15,0,592,0.027800000000000002,0.0,true
HiddenCover,16384,1000,clustered,11,19,15,0,592,0.027800000000000002,0.0,true
HiddenCover,16384,1000,clustered,11,20,15,0,592,0.0282,0.0,true
HiddenCover,16384,1000,clustered,11,21,15,0,592,0.027800000000000002,0.0,true
HiddenCover,16384,1000,clustered,11,22,15,0,592,0.027800000000000002,0.0,true
HiddenCover,16384,1000,clustered,11,23,15,0,592,0.027800000000000002,0.0,true
HiddenCover,16384,1000,clustered,11,24,15,0,592,0.0279,0.0,true
HiddenCover,16384,1000,clustered,11,25,15,0,592,0.0282,0.0,true
HiddenCover,16384,1000,clustered,11,26,15,0,592,0.0279,0.0,true
HiddenCover,16384,1000,clustered,11,27,15,0,592,0.0279,0.0,true
HiddenCover,16384,1000,clustered,11,28,15,0,592,0.0279,0.0,true
HiddenCover,16384,1000,clustered,11,29,15,0,592,0.0279,0.0,true
HiddenCover,16384,1000,clustered,12,0,13,0,528,0.0275,0.0,true
HiddenCover,16384,1000,clustered,12,1,13,0,528,0.027200000000000002,0.0,true
HiddenCover,16384,1000,clustered,12,2,13,0,528,0.027100000000000003,0.0,true
HiddenCover,16384,1000,clustered,12,3,13,0,528,0.027100000000000003,0.0,true
HiddenCover,16384,1000,clustered,12,4,13,0,528,0.027100000000000003,0.0,true
HiddenCover,16384,1000,clustered,12,5,13,0,528,0.027100000000000003,0.0,true
HiddenCover,16384,1000,clustered,12,6,13,0,528,0.027399999999999997,0.0,true
HiddenCover,16384,1000,clustered,12,7,13,0,528,0.027100000000000003,0.0,true
HiddenCover,16384,1000,clustered,12,8,13,0,528,0.027200000000000002,0.0,true
HiddenCover,16384,1000,clustered,12,9,13,0,528,0.027200000000000002,0.0,true
HiddenCover,16384,1000,clustered,12,10,13,0,528,0.0277,0.0,true
HiddenCover,16384,1000,clustered,12,11,13,0,528,0.0285,0.0,true
HiddenCover,16384,1000,clustered,12,12,13,0,528,0.028900000000000002,0.0,true
HiddenCover,16384,1000,clustered,12,13,13,0,528,0.0286,0.0,true
HiddenCover,16384,1000,clustered,12,14,13,0,528,0.0293,0.0,true
HiddenCover,16384,1000,clustered,12,15,13,0,528,0.027100000000000003,0.0,true
HiddenCover,16384,1000,clustered,12,16,13,0,528,0.027200000000000002,0.0,true
HiddenCover,16384,1000,clustered,12,17,13,0,528,0.0297,0.0,true
HiddenCover,16384,1000,clustered,12,18,13,0,528,0.0275,0.0,true
HiddenCover,16384,1000,clustered,12,19,13,0,528,0.027,0.0,true
HiddenCover,16384,1000,clustered,12,20,13,0,528,0.027100000000000003,0.0,true
HiddenCover,16384,1000,clustered,12,21,13,0,528,0.027,0.0,true
HiddenCover,16384,1000,clustered,12,22,13,0,528,0.027,0.0,true
HiddenCover,16384,1000,clustered,12,23,13,0,528,0.027100000000000003,0.0,true
HiddenCover,16384,1000,clustered,12,24,13,0,528,0.0275,0.0,true
HiddenCover,16384,1000,clustered,12,25,13,0,528,0.027,0.0,true
HiddenCover,16384,1000,clustered,12,26,13,0,528,0.027,0.0,true
HiddenCover,16384,1000,clustered,12,27,13,0,528,0.027100000000000003,0.0,true
HiddenCover,16384,1000,clustered,12,28,13,0,528,0.027100000000000003,0.0,true
HiddenCover,16384,1000,clustered,12,29,13,0,528,0.027,0.0,true
HiddenCover,16384,1000,clustered,13,0,12,0,496,0.0276,0.0,true
HiddenCover,16384,1000,clustered,13,1,12,0,496,0.027299999999999998,0.0,true
HiddenCover,16384,1000,clustered,13,2,12,0,496,0.027399999999999997,0.0,true
HiddenCover,16384,1000,clustered,13,3,12,0,496,0.027299999999999998,0.0,true
HiddenCover,16384,1000,clustered,13,4,12,0,496,0.027299999999999998,0.0,true
HiddenCover,16384,1000,clustered,13,5,12,0,496,0.027299999999999998,0.0,true
HiddenCover,16384,1000,clustered,13,6,12,0,496,0.0276,0.0,true
HiddenCover,16384,1000,clustered,13,7,12,0,496,0.027200000000000002,0.0,true
HiddenCover,16384,1000,clustered,13,8,12,0,496,0.027399999999999997,0.0,true
HiddenCover,16384,1000,clustered,13,9,12,0,496,0.027299999999999998,0.0,true
HiddenCover,16384,1000,clustered,13,10,12,0,496,0.027399999999999997,0.0,true
HiddenCover,16384,1000,clustered,13,11,12,0,496,0.0279,0.0,true
HiddenCover,16384,1000,clustered,13,12,12,0,496,0.0285,0.0,true
HiddenCover,16384,1000,clustered,13,13,12,0,496,0.029,0.0,true
HiddenCover,16384,1000,clustered,13,14,12,0,496,0.0287,0.0,true
HiddenCover,16384,1000,clustered,13,15,12,0,496,0.0286,0.0,true
HiddenCover,16384,1000,clustered,13,16,12,0,496,0.0286,0.0,true
HiddenCover,16384,1000,clustered,13,17,12,0,496,0.0287,0.0,true
HiddenCover,16384,1000,clustered,13,18,12,0,496,0.029,0.0,true
HiddenCover,16384,1000,clustered,13,19,12,0,496,0.031,0.0,true
HiddenCover,16384,1000,clustered,13,20,12,0,496,0.0286,0.0,true
HiddenCover,16384,1000,clustered,13,21,12,0,496,0.0286,0.0,true
HiddenCover,16384,1000,clustered,13,22,12,0,496,0.0285,0.0,true
HiddenCover,16384,1000,clustered,13,23,12,0,496,0.0287,0.0,true
HiddenCover,16384,1000,clustered,13,24,12,0,496,0.0286,0.0,true
HiddenCover,16384,1000,clustered,13,25,12,0,496,0.0287,0.0,true
HiddenCover,16384,1000,clustered,13,26,12,0,496,0.029,0.0,true
HiddenCover,16384,1000,clustered,13,27,12,0,496,0.0286,0.0,true
HiddenCover,16384,1000,clustered,13,28,12,0,496,0.0287,0.0,true
HiddenCover,16384,1000,clustered,13,29,12,0,496,0.0286,0.0,true
HiddenCover,16384,1000,clustered,14,0,17,0,656,0.0295,0.0,true
HiddenCover,16384,1000,clustered,14,1,17,0,656,0.0292,0.0,true
HiddenCover,16384,1000,clustered,14,2,17,0,656,0.0293,0.0,true
HiddenCover,16384,1000,clustered,14,3,17,0,656,0.0293,0.0,true
HiddenCover,16384,1000,clustered,14,4,17,0,656,0.0297,0.0,true
HiddenCover,16384,1000,clustered,14,5,17,0,656,0.0294,0.0,true
HiddenCover,16384,1000,clustered,14,6,17,0,656,0.0294,0.0,true
HiddenCover,16384,1000,clustered,14,7,17,0,656,0.0484,0.0,true
HiddenCover,16384,1000,clustered,14,8,17,0,656,0.0348,0.0,true
HiddenCover,16384,1000,clustered,14,9,17,0,656,0.0348,0.0,true
HiddenCover,16384,1000,clustered,14,10,17,0,656,0.034100000000000005,0.0,true
HiddenCover,16384,1000,clustered,14,11,17,0,656,0.0347,0.0,true
HiddenCover,16384,1000,clustered,14,12,17,0,656,0.033800000000000004,0.0,true
HiddenCover,16384,1000,clustered,14,13,17,0,656,0.0335,0.0,true
HiddenCover,16384,1000,clustered,14,14,17,0,656,0.0339,0.0,true
HiddenCover,16384,1000,clustered,14,15,17,0,656,0.0344,0.0,true
HiddenCover,16384,1000,clustered,14,16,17,0,656,0.034,0.0,true
HiddenCover,16384,1000,clustered,14,17,17,0,656,0.034,0.0,true
HiddenCover,16384,1000,clustered,14,18,17,0,656,0.0349,0.0,true
HiddenCover,16384,1000,clustered,14,19,17,0,656,0.0339,0.0,true
HiddenCover,16384,1000,clustered,14,20,17,0,656,0.0323,0.0,true
HiddenCover,16384,1000,clustered,14,21,17,0,656,0.0294,0.0,true
HiddenCover,16384,1000,clustered,14,22,17,0,656,0.0293,0.0,true
HiddenCover,16384,1000,clustered,14,23,17,0,656,0.0297,0.0,true
HiddenCover,16384,1000,clustered,14,24,17,0,656,0.0292,0.0,true
HiddenCover,16384,1000,clustered,14,25,17,0,656,0.0293,0.0,true
HiddenCover,16384,1000,clustered,14,26,17,0,656,0.0293,0.0,true
HiddenCover,16384,1000,clustered,14,27,17,0,656,0.0293,0.0,true
HiddenCover,16384,1000,clustered,14,28,17,0,656,0.0297,0.0,true
HiddenCover,16384,1000,clustered,14,29,17,0,656,0.0293,0.0,true
HiddenCover,16384,1000,clustered,15,0,14,0,560,0.029,0.0,true
HiddenCover,16384,1000,clustered,15,1,14,0,560,0.0291,0.0,true
HiddenCover,16384,1000,clustered,15,2,14,0,560,0.0294,0.0,true
HiddenCover,16384,1000,clustered,15,3,14,0,560,0.029,0.0,true
HiddenCover,16384,1000,clustered,15,4,14,0,560,0.0291,0.0,true
HiddenCover,16384,1000,clustered,15,5,14,0,560,0.0299,0.0,true
HiddenCover,16384,1000,clustered,15,6,14,0,560,0.0275,0.0,true
HiddenCover,16384,1000,clustered,15,7,14,0,560,0.0276,0.0,true
HiddenCover,16384,1000,clustered,15,8,14,0,560,0.0281,0.0,true
HiddenCover,16384,1000,clustered,15,9,14,0,560,0.0276,0.0,true
HiddenCover,16384,1000,clustered,15,10,14,0,560,0.0277,0.0,true
HiddenCover,16384,1000,clustered,15,11,14,0,560,0.0276,0.0,true
HiddenCover,16384,1000,clustered,15,12,14,0,560,0.0277,0.0,true
HiddenCover,16384,1000,clustered,15,13,14,0,560,0.028,0.0,true
HiddenCover,16384,1000,clustered,15,14,14,0,560,0.0276,0.0,true
HiddenCover,16384,1000,clustered,15,15,14,0,560,0.0276,0.0,true
HiddenCover,16384,1000,clustered,15,16,14,0,560,0.0276,0.0,true
HiddenCover,16384,1000,clustered,15,17,14,0,560,0.0277,0.0,true
HiddenCover,16384,1000,clustered,15,18,14,0,560,0.0275,0.0,true
HiddenCover,16384,1000,clustered,15,19,14,0,560,0.028,0.0,true
HiddenCover,16384,1000,clustered,15,20,14,0,560,0.0276,0.0,true
HiddenCover,16384,1000,clustered,15,21,14,0,560,0.0276,0.0,true
HiddenCover,16384,1000,clustered,15,22,14,0,560,0.0277,0.0,true
HiddenCover,16384,1000,clustered,15,23,14,0,560,0.0276,0.0,true
HiddenCover,16384,1000,clustered,15,24,14,0,560,0.0276,0.0,true
HiddenCover,16384,1000,clustered,15,25,14,0,560,0.028,0.0,true
HiddenCover,16384,1000,clustered,15,26,14,0,560,0.0277,0.0,true
HiddenCover,16384,1000,clustered,15,27,14,0,560,0.0276,0.0,true
HiddenCover,16384,1000,clustered,15,28,14,0,560,0.0275,0.0,true
HiddenCover,16384,1000,clustered,15,29,14,0,560,0.0277,0.0,true
HiddenCover,16384,1000,clustered,16,0,17,0,656,0.0293,0.0,true
HiddenCover,16384,1000,clustered,16,1,17,0,656,0.0292,0.0,true
HiddenCover,16384,1000,clustered,16,2,17,0,656,0.0291,0.0,true
HiddenCover,16384,1000,clustered,16,3,17,0,656,0.0312,0.0,true
HiddenCover,16384,1000,clustered,16,4,17,0,656,0.0277,0.0,true
HiddenCover,16384,1000,clustered,16,5,17,0,656,0.027800000000000002,0.0,true
HiddenCover,16384,1000,clustered,16,6,17,0,656,0.0277,0.0,true
HiddenCover,16384,1000,clustered,16,7,17,0,656,0.0281,0.0,true
HiddenCover,16384,1000,clustered,16,8,17,0,656,0.027800000000000002,0.0,true
HiddenCover,16384,1000,clustered,16,9,17,0,656,0.0276,0.0,true
HiddenCover,16384,1000,clustered,16,10,17,0,656,0.027800000000000002,0.0,true
HiddenCover,16384,1000,clustered,16,11,17,0,656,0.0276,0.0,true
HiddenCover,16384,1000,clustered,16,12,17,0,656,0.0281,0.0,true
HiddenCover,16384,1000,clustered,16,13,17,0,656,0.0279,0.0,true
HiddenCover,16384,1000,clustered,16,14,17,0,656,0.027800000000000002,0.0,true
HiddenCover,16384,1000,clustered,16,15,17,0,656,0.027800000000000002,0.0,true
HiddenCover,16384,1000,clustered,16,16,17,0,656,0.027800000000000002,0.0,true
HiddenCover,16384,1000,clustered,16,17,17,0,656,0.0281,0.0,true
HiddenCover,16384,1000,clustered,16,18,17,0,656,0.0277,0.0,true
HiddenCover,16384,1000,clustered,16,19,17,0,656,0.027800000000000002,0.0,true
HiddenCover,16384,1000,clustered,16,20,17,0,656,0.0277,0.0,true
HiddenCover,16384,1000,clustered,16,21,17,0,656,0.0279,0.0,true
HiddenCover,16384,1000,clustered,16,22,17,0,656,0.0281,0.0,true
HiddenCover,16384,1000,clustered,16,23,17,0,656,0.0279,0.0,true
HiddenCover,16384,1000,clustered,16,24,17,0,656,0.0277,0.0,true
HiddenCover,16384,1000,clustered,16,25,17,0,656,0.0277,0.0,true
HiddenCover,16384,1000,clustered,16,26,17,0,656,0.0281,0.0,true
HiddenCover,16384,1000,clustered,16,27,17,0,656,0.0277,0.0,true
HiddenCover,16384,1000,clustered,16,28,17,0,656,0.027800000000000002,0.0,true
HiddenCover,16384,1000,clustered,16,29,17,0,656,0.0277,0.0,true
HiddenCover,16384,1000,clustered,17,0,15,0,592,0.0293,0.0,true
HiddenCover,16384,1000,clustered,17,1,15,0,592,0.029,0.0,true
HiddenCover,16384,1000,clustered,17,2,15,0,592,0.029,0.0,true
HiddenCover,16384,1000,clustered,17,3,15,0,592,0.029,0.0,true
HiddenCover,16384,1000,clustered,17,4,15,0,592,0.0293,0.0,true
HiddenCover,16384,1000,clustered,17,5,15,0,592,0.0279,0.0,true
HiddenCover,16384,1000,clustered,17,6,15,0,592,0.0277,0.0,true
HiddenCover,16384,1000,clustered,17,7,15,0,592,0.0276,0.0,true
HiddenCover,16384,1000,clustered,17,8,15,0,592,0.0276,0.0,true
HiddenCover,16384,1000,clustered,17,9,15,0,592,0.0275,0.0,true
HiddenCover,16384,1000,clustered,17,10,15,0,592,0.0279,0.0,true
HiddenCover,16384,1000,clustered,17,11,15,0,592,0.0275,0.0,true
HiddenCover,16384,1000,clustered,17,12,15,0,592,0.0276,0.0,true
HiddenCover,16384,1000,clustered,17,13,15,0,592,0.0275,0.0,true
HiddenCover,16384,1000,clustered,17,14,15,0,592,0.027399999999999997,0.0,true
HiddenCover,16384,1000,clustered,17,15,15,0,592,0.0276,0.0,true
HiddenCover,16384,1000,clustered,17,16,15,0,592,0.0279,0.0,true
HiddenCover,16384,1000,clustered,17,17,15,0,592,0.036699999999999997,0.0,true
HiddenCover,16384,1000,clustered,17,18,15,0,592,0.0277,0.0,true
HiddenCover,16384,1000,clustered,17,19,15,0,592,0.0276,0.0,true
HiddenCover,16384,1000,clustered,17,20,15,0,592,0.0277,0.0,true
HiddenCover,16384,1000,clustered,17,21,15,0,592,0.0279,0.0,true
HiddenCover,16384,1000,clustered,17,22,15,0,592,0.0276,0.0,true
HiddenCover,16384,1000,clustered,17,23,15,0,592,0.0275,0.0,true
HiddenCover,16384,1000,clustered,17,24,15,0,592,0.0276,0.0,true
HiddenCover,16384,1000,clustered,17,25,15,0,592,0.0275,0.0,true
HiddenCover,16384,1000,clustered,17,26,15,0,592,0.0279,0.0,true
HiddenCover,16384,1000,clustered,17,27,15,0,592,0.0276,0.0,true
HiddenCover,16384,1000,clustered,17,28,15,0,592,0.0276,0.0,true
HiddenCover,16384,1000,clustered,17,29,15,0,592,0.0277,0.0,true
HiddenCover,16384,1000,clustered,18,0,11,0,464,0.033,0.0,true
HiddenCover,16384,1000,clustered,18,1,11,0,464,0.0333,0.0,true
HiddenCover,16384,1000,clustered,18,2,11,0,464,0.0336,0.0,true
HiddenCover,16384,1000,clustered,18,3,11,0,464,0.0336,0.0,true
HiddenCover,16384,1000,clustered,18,4,11,0,464,0.0365,0.0,true
HiddenCover,16384,1000,clustered,18,5,11,0,464,0.0333,0.0,true
HiddenCover,16384,1000,clustered,18,6,11,0,464,0.0327,0.0,true
HiddenCover,16384,1000,clustered,18,7,11,0,464,0.028900000000000002,0.0,true
HiddenCover,16384,1000,clustered,18,8,11,0,464,0.0333,0.0,true
HiddenCover,16384,1000,clustered,18,9,11,0,464,0.0361,0.0,true
HiddenCover,16384,1000,clustered,18,10,11,0,464,0.0332,0.0,true
HiddenCover,16384,1000,clustered,18,11,11,0,464,0.034,0.0,true
HiddenCover,16384,1000,clustered,18,12,11,0,464,0.0333,0.0,true
HiddenCover,16384,1000,clustered,18,13,11,0,464,0.0361,0.0,true
HiddenCover,16384,1000,clustered,18,14,11,0,464,0.0331,0.0,true
HiddenCover,16384,1000,clustered,18,15,11,0,464,0.0324,0.0,true
HiddenCover,16384,1000,clustered,18,16,11,0,464,0.034,0.0,true
HiddenCover,16384,1000,clustered,18,17,11,0,464,0.034,0.0,true
HiddenCover,16384,1000,clustered,18,18,11,0,464,0.0323,0.0,true
HiddenCover,16384,1000,clustered,18,19,11,0,464,0.0324,0.0,true
HiddenCover,16384,1000,clustered,18,20,11,0,464,0.0342,0.0,true
HiddenCover,16384,1000,clustered,18,21,11,0,464,0.0366,0.0,true
HiddenCover,16384,1000,clustered,18,22,11,0,464,0.036199999999999996,0.0,true
HiddenCover,16384,1000,clustered,18,23,11,0,464,0.036699999999999997,0.0,true
HiddenCover,16384,1000,clustered,18,24,11,0,464,0.036000000000000004,0.0,true
HiddenCover,16384,1000,clustered,18,25,11,0,464,0.030199999999999998,0.0,true
HiddenCover,16384,1000,clustered,18,26,11,0,464,0.0307,0.0,true
HiddenCover,16384,1000,clustered,18,27,11,0,464,0.0335,0.0,true
HiddenCover,16384,1000,clustered,18,28,11,0,464,0.0333,0.0,true
HiddenCover,16384,1000,clustered,18,29,11,0,464,0.036000000000000004,0.0,true
HiddenCover,16384,1000,clustered,19,0,15,0,592,0.0291,0.0,true
HiddenCover,16384,1000,clustered,19,1,15,0,592,0.029,0.0,true
HiddenCover,16384,1000,clustered,19,2,15,0,592,0.029,0.0,true
HiddenCover,16384,1000,clustered,19,3,15,0,592,0.029,0.0,true
HiddenCover,16384,1000,clustered,19,4,15,0,592,0.0294,0.0,true
HiddenCover,16384,1000,clustered,19,5,15,0,592,0.0291,0.0,true
HiddenCover,16384,1000,clustered,19,6,15,0,592,0.0307,0.0,true
HiddenCover,16384,1000,clustered,19,7,15,0,592,0.029,0.0,true
HiddenCover,16384,1000,clustered,19,8,15,0,592,0.0292,0.0,true
HiddenCover,16384,1000,clustered,19,9,15,0,592,0.029,0.0,true
HiddenCover,16384,1000,clustered,19,10,15,0,592,0.0293,0.0,true
HiddenCover,16384,1000,clustered,19,11,15,0,592,0.029,0.0,true
HiddenCover,16384,1000,clustered,19,12,15,0,592,0.0304,0.0,true
HiddenCover,16384,1000,clustered,19,13,15,0,592,0.0291,0.0,true
HiddenCover,16384,1000,clustered,19,14,15,0,592,0.0317,0.0,true
HiddenCover,16384,1000,clustered,19,15,15,0,592,0.0307,0.0,true
HiddenCover,16384,1000,clustered,19,16,15,0,592,0.029,0.0,true
HiddenCover,16384,1000,clustered,19,17,15,0,592,0.0288,0.0,true
HiddenCover,16384,1000,clustered,19,18,15,0,592,0.028900000000000002,0.0,true
HiddenCover,16384,1000,clustered,19,19,15,0,592,0.028900000000000002,0.0,true
HiddenCover,16384,1000,clustered,19,20,15,0,592,0.0292,0.0,true
HiddenCover,16384,1000,clustered,19,21,15,0,592,0.028900000000000002,0.0,true
HiddenCover,16384,1000,clustered,19,22,15,0,592,0.029,0.0,true
HiddenCover,16384,1000,clustered,19,23,15,0,592,0.0291,0.0,true
HiddenCover,16384,1000,clustered,19,24,15,0,592,0.0291,0.0,true
HiddenCover,16384,1000,clustered,19,25,15,0,592,0.0292,0.0,true
HiddenCover,16384,1000,clustered,19,26,15,0,592,0.030800000000000004,0.0,true
HiddenCover,16384,1000,clustered,19,27,15,0,592,0.0291,0.0,true
HiddenCover,16384,1000,clustered,19,28,15,0,592,0.0291,0.0,true
HiddenCover,16384,1000,clustered,19,29,15,0,592,0.028900000000000002,0.0,true
HiddenCover,16384,1000,random,0,0,3353,0,107408,0.6399,0.0,true
HiddenCover,16384,1000,random,0,1,3353,0,107408,0.6589,0.0,true
HiddenCover,16384,1000,random,0,2,3353,0,107408,0.6416,0.0,true
HiddenCover,16384,1000,random,0,3,3353,0,107408,0.6346,0.0,true
HiddenCover,16384,1000,random,0,4,3353,0,107408,0.6457999999999999,0.0,true
HiddenCover,16384,1000,random,0,5,3353,0,107408,0.6449999999999999,0.0,true
HiddenCover,16384,1000,random,0,6,3353,0,107408,0.7433,0.0,true
HiddenCover,16384,1000,random,0,7,3353,0,107408,0.7652,0.0,true
HiddenCover,16384,1000,random,0,8,3353,0,107408,0.6546,0.0,true
HiddenCover,16384,1000,random,0,9,3353,0,107408,0.6728,0.0,true
HiddenCover,16384,1000,random,0,10,3353,0,107408,0.6605,0.0,true
HiddenCover,16384,1000,random,0,11,3353,0,107408,0.6531,0.0,true
HiddenCover,16384,1000,random,0,12,3353,0,107408,0.6457,0.0,true
HiddenCover,16384,1000,random,0,13,3353,0,107408,1.1813,0.0,true
HiddenCover,16384,1000,random,0,14,3353,0,107408,1.0276,0.0,true
HiddenCover,16384,1000,random,0,15,3353,0,107408,0.8207000000000001,0.0,true
HiddenCover,16384,1000,random,0,16,3353,0,107408,0.6556,0.0,true
HiddenCover,16384,1000,random,0,17,3353,0,107408,0.6288,0.0,true
HiddenCover,16384,1000,random,0,18,3353,0,107408,0.6567,0.0,true
HiddenCover,16384,1000,random,0,19,3353,0,107408,0.6776,0.0,true
HiddenCover,16384,1000,random,0,20,3353,0,107408,0.648,0.0,true
HiddenCover,16384,1000,random,0,21,3353,0,107408,0.6374,0.0,true
HiddenCover,16384,1000,random,0,22,3353,0,107408,0.6421,0.0,true
HiddenCover,16384,1000,random,0,23,3353,0,107408,0.6415000000000001,0.0,true
HiddenCover,16384,1000,random,0,24,3353,0,107408,0.6413,0.0,true
HiddenCover,16384,1000,random,0,25,3353,0,107408,0.6346999999999999,0.0,true
HiddenCover,16384,1000,random,0,26,3353,0,107408,0.6376,0.0,true
HiddenCover,16384,1000,random,0,27,3353,0,107408,0.6622,0.0,true
HiddenCover,16384,1000,random,0,28,3353,0,107408,0.8180000000000001,0.0,true
HiddenCover,16384,1000,random,0,29,3353,0,107408,1.044,0.0,true
HiddenCover,16384,1000,random,1,0,3314,0,106160,0.6536,0.0,true
HiddenCover,16384,1000,random,1,1,3314,0,106160,0.6668000000000001,0.0,true
HiddenCover,16384,1000,random,1,2,3314,0,106160,0.6556,0.0,true
HiddenCover,16384,1000,random,1,3,3314,0,106160,0.6286,0.0,true
HiddenCover,16384,1000,random,1,4,3314,0,106160,0.6417,0.0,true
HiddenCover,16384,1000,random,1,5,3314,0,106160,0.6296,0.0,true
HiddenCover,16384,1000,random,1,6,3314,0,106160,0.6256999999999999,0.0,true
HiddenCover,16384,1000,random,1,7,3314,0,106160,0.6331,0.0,true
HiddenCover,16384,1000,random,1,8,3314,0,106160,0.6296,0.0,true
HiddenCover,16384,1000,random,1,9,3314,0,106160,0.6571,0.0,true
HiddenCover,16384,1000,random,1,10,3314,0,106160,0.6399,0.0,true
HiddenCover,16384,1000,random,1,11,3314,0,106160,0.6441,0.0,true
HiddenCover,16384,1000,random,1,12,3314,0,106160,0.7016,0.0,true
HiddenCover,16384,1000,random,1,13,3314,0,106160,0.6233000000000001,0.0,true
HiddenCover,16384,1000,random,1,14,3314,0,106160,0.6275999999999999,0.0,true
HiddenCover,16384,1000,random,1,15,3314,0,106160,0.6323,0.0,true
HiddenCover,16384,1000,random,1,16,3314,0,106160,0.6314,0.0,true
HiddenCover,16384,1000,random,1,17,3314,0,106160,0.6312,0.0,true
HiddenCover,16384,1000,random,1,18,3314,0,106160,0.6294,0.0,true
HiddenCover,16384,1000,random,1,19,3314,0,106160,0.6414,0.0,true
HiddenCover,16384,1000,random,1,20,3314,0,106160,0.6329,0.0,true
HiddenCover,16384,1000,random,1,21,3314,0,106160,0.6298,0.0,true
HiddenCover,16384,1000,random,1,22,3314,0,106160,0.6322,0.0,true
HiddenCover,16384,1000,random,1,23,3314,0,106160,0.9065,0.0,true
HiddenCover,16384,1000,random,1,24,3314,0,106160,1.0467,0.0,true
HiddenCover,16384,1000,random,1,25,3314,0,106160,0.9406,0.0,true
HiddenCover,16384,1000,random,1,26,3314,0,106160,0.6573,0.0,true
HiddenCover,16384,1000,random,1,27,3314,0,106160,0.6497999999999999,0.0,true
HiddenCover,16384,1000,random,1,28,3314,0,106160,0.6371,0.0,true
HiddenCover,16384,1000,random,1,29,3314,0,106160,0.6332,0.0,true
HiddenCover,16384,1000,random,2,0,3290,0,105392,0.6446,0.0,true
HiddenCover,16384,1000,random,2,1,3290,0,105392,0.628,0.0,true
HiddenCover,16384,1000,random,2,2,3290,0,105392,0.6373000000000001,0.0,true
HiddenCover,16384,1000,random,2,3,3290,0,105392,0.6193000000000001,0.0,true
HiddenCover,16384,1000,random,2,4,3290,0,105392,0.6325999999999999,0.0,true
HiddenCover,16384,1000,random,2,5,3290,0,105392,0.6269,0.0,true
HiddenCover,16384,1000,random,2,6,3290,0,105392,0.6278,0.0,true
HiddenCover,16384,1000,random,2,7,3290,0,105392,0.627,0.0,true
HiddenCover,16384,1000,random,2,8,3290,0,105392,0.6353,0.0,true
HiddenCover,16384,1000,random,2,9,3290,0,105392,0.7963,0.0,true
HiddenCover,16384,1000,random,2,10,3290,0,105392,0.9204,0.0,true
HiddenCover,16384,1000,random,2,11,3290,0,105392,0.6506,0.0,true
HiddenCover,16384,1000,random,2,12,3290,0,105392,0.7496,0.0,true
HiddenCover,16384,1000,random,2,13,3290,0,105392,0.6507000000000001,0.0,true
HiddenCover,16384,1000,random,2,14,3290,0,105392,0.6404,0.0,true
HiddenCover,16384,1000,random,2,15,3290,0,105392,0.6308,0.0,true
HiddenCover,16384,1000,random,2,16,3290,0,105392,0.6214999999999999,0.0,true
HiddenCover,16384,1000,random,2,17,3290,0,105392,0.6485,0.0,true
HiddenCover,16384,1000,random,2,18,3290,0,105392,0.6743,0.0,true
HiddenCover,16384,1000,random,2,19,3290,0,105392,0.6324,0.0,true
HiddenCover,16384,1000,random,2,20,3290,0,105392,0.6989,0.0,true
HiddenCover,16384,1000,random,2,21,3290,0,105392,0.6225999999999999,0.0,true
HiddenCover,16384,1000,random,2,22,3290,0,105392,0.6051,0.0,true
HiddenCover,16384,1000,random,2,23,3290,0,105392,0.5998,0.0,true
HiddenCover,16384,1000,random,2,24,3290,0,105392,0.5934999999999999,0.0,true
HiddenCover,16384,1000,random,2,25,3290,0,105392,0.6106,0.0,true
HiddenCover,16384,1000,random,2,26,3290,0,105392,0.5944,0.0,true
HiddenCover,16384,1000,random,2,27,3290,0,105392,0.6062,0.0,true
HiddenCover,16384,1000,random,2,28,3290,0,105392,0.5909,0.0,true
HiddenCover,16384,1000,random,2,29,3290,0,105392,0.6023,0.0,true
HiddenCover,16384,1000,random,3,0,3246,0,103984,0.6399,0.0,true
HiddenCover,16384,1000,random,3,1,3246,0,103984,0.6438,0.0,true
HiddenCover,16384,1000,random,3,2,3246,0,103984,0.6338999999999999,0.0,true
HiddenCover,16384,1000,random,3,3,3246,0,103984,0.6357999999999999,0.0,true
HiddenCover,16384,1000,random,3,4,3246,0,103984,0.6279,0.0,true
HiddenCover,16384,1000,random,3,5,3246,0,103984,0.6143000000000001,0.0,true
HiddenCover,16384,1000,random,3,6,3246,0,103984,0.6174000000000001,0.0,true
HiddenCover,16384,1000,random,3,7,3246,0,103984,0.6877,0.0,true
HiddenCover,16384,1000,random,3,8,3246,0,103984,0.6541,0.0,true
HiddenCover,16384,1000,random,3,9,3246,0,103984,0.6139,0.0,true
HiddenCover,16384,1000,random,3,10,3246,0,103984,0.615,0.0,true
HiddenCover,16384,1000,random,3,11,3246,0,103984,0.6111,0.0,true
HiddenCover,16384,1000,random,3,12,3246,0,103984,0.6179,0.0,true
HiddenCover,16384,1000,random,3,13,3246,0,103984,0.6102,0.0,true
HiddenCover,16384,1000,random,3,14,3246,0,103984,0.6181,0.0,true
HiddenCover,16384,1000,random,3,15,3246,0,103984,0.6183,0.0,true
HiddenCover,16384,1000,random,3,16,3246,0,103984,0.6164999999999999,0.0,true
HiddenCover,16384,1000,random,3,17,3246,0,103984,0.6185999999999999,0.0,true
HiddenCover,16384,1000,random,3,18,3246,0,103984,0.6118,0.0,true
HiddenCover,16384,1000,random,3,19,3246,0,103984,0.6105,0.0,true
HiddenCover,16384,1000,random,3,20,3246,0,103984,0.6139,0.0,true
HiddenCover,16384,1000,random,3,21,3246,0,103984,0.6275000000000001,0.0,true
HiddenCover,16384,1000,random,3,22,3246,0,103984,0.6388,0.0,true
HiddenCover,16384,1000,random,3,23,3246,0,103984,1.0456,0.0,true
HiddenCover,16384,1000,random,3,24,3246,0,103984,0.6919,0.0,true
HiddenCover,16384,1000,random,3,25,3246,0,103984,0.6825,0.0,true
HiddenCover,16384,1000,random,3,26,3246,0,103984,0.6369,0.0,true
HiddenCover,16384,1000,random,3,27,3246,0,103984,0.6267999999999999,0.0,true
HiddenCover,16384,1000,random,3,28,3246,0,103984,0.6103999999999999,0.0,true
HiddenCover,16384,1000,random,3,29,3246,0,103984,0.5902999999999999,0.0,true
HiddenCover,16384,1000,random,4,0,3284,0,105200,0.6163,0.0,true
HiddenCover,16384,1000,random,4,1,3284,0,105200,0.6161,0.0,true
HiddenCover,16384,1000,random,4,2,3284,0,105200,0.6401,0.0,true
HiddenCover,16384,1000,random,4,3,3284,0,105200,0.6402,0.0,true
HiddenCover,16384,1000,random,4,4,3284,0,105200,0.6324,0.0,true
HiddenCover,16384,1000,random,4,5,3284,0,105200,0.6373000000000001,0.0,true
HiddenCover,16384,1000,random,4,6,3284,0,105200,0.6278,0.0,true
HiddenCover,16384,1000,random,4,7,3284,0,105200,0.6203,0.0,true
HiddenCover,16384,1000,random,4,8,3284,0,105200,0.6194,0.0,true
HiddenCover,16384,1000,random,4,9,3284,0,105200,0.656,0.0,true
HiddenCover,16384,1000,random,4,10,3284,0,105200,0.9666,0.0,true
HiddenCover,16384,1000,random,4,11,3284,0,105200,1.1129,0.0,true
HiddenCover,16384,1000,random,4,12,3284,0,105200,1.0735000000000001,0.0,true
HiddenCover,16384,1000,random,4,13,3284,0,105200,1.0672,0.0,true
HiddenCover,16384,1000,random,4,14,3284,0,105200,1.0868,0.0,true
HiddenCover,16384,1000,random,4,15,3284,0,105200,1.1102,0.0,true
HiddenCover,16384,1000,random,4,16,3284,0,105200,1.1205,0.0,true
HiddenCover,16384,1000,random,4,17,3284,0,105200,1.0947,0.0,true
HiddenCover,16384,1000,random,4,18,3284,0,105200,1.0901999999999998,0.0,true
HiddenCover,16384,1000,random,4,19,3284,0,105200,1.0897999999999999,0.0,true
HiddenCover,16384,1000,random,4,20,3284,0,105200,1.0923,0.0,true
HiddenCover,16384,1000,random,4,21,3284,0,105200,1.091,0.0,true
HiddenCover,16384,1000,random,4,22,3284,0,105200,1.0951,0.0,true
HiddenCover,16384,1000,random,4,23,3284,0,105200,1.1081,0.0,true
HiddenCover,16384,1000,random,4,24,3284,0,105200,1.0958999999999999,0.0,true
HiddenCover,16384,1000,random,4,25,3284,0,105200,1.0852,0.0,true
HiddenCover,16384,1000,random,4,26,3284,0,105200,1.0623,0.0,true
HiddenCover,16384,1000,random,4,27,3284,0,105200,1.0233,0.0,true
HiddenCover,16384,1000,random,4,28,3284,0,105200,1.1088,0.0,true
HiddenCover,16384,1000,random,4,29,3284,0,105200,0.6839,0.0,true
HiddenCover,16384,1000,random,5,0,3330,0,106672,0.6274,0.0,true
HiddenCover,16384,1000,random,5,1,3330,0,106672,0.6275000000000001,0.0,true
HiddenCover,16384,1000,random,5,2,3330,0,106672,0.6298,0.0,true
HiddenCover,16384,1000,random,5,3,3330,0,106672,0.6291,0.0,true
HiddenCover,16384,1000,random,5,4,3330,0,106672,0.6286,0.0,true
HiddenCover,16384,1000,random,5,5,3330,0,106672,0.6289,0.0,true
HiddenCover,16384,1000,random,5,6,3330,0,106672,0.6267999999999999,0.0,true
HiddenCover,16384,1000,random,5,7,3330,0,106672,0.6457,0.0,true
HiddenCover,16384,1000,random,5,8,3330,0,106672,0.6816,0.0,true
HiddenCover,16384,1000,random,5,9,3330,0,106672,1.0016999999999998,0.0,true
HiddenCover,16384,1000,random,5,10,3330,0,106672,1.0734,0.0,true
HiddenCover,16384,1000,random,5,11,3330,0,106672,1.0666,0.0,true
HiddenCover,16384,1000,random,5,12,3330,0,106672,0.6473,0.0,true
HiddenCover,16384,1000,random,5,13,3330,0,106672,0.63,0.0,true
HiddenCover,16384,1000,random,5,14,3330,0,106672,0.6333000000000001,0.0,true
HiddenCover,16384,1000,random,5,15,3330,0,106672,0.6293,0.0,true
HiddenCover,16384,1000,random,5,16,3330,0,106672,0.6333000000000001,0.0,true
HiddenCover,16384,1000,random,5,17,3330,0,106672,0.6336999999999999,0.0,true
HiddenCover,16384,1000,random,5,18,3330,0,106672,0.6336999999999999,0.0,true
HiddenCover,16384,1000,random,5,19,3330,0,106672,0.6431,0.0,true
HiddenCover,16384,1000,random,5,20,3330,0,106672,0.6328,0.0,true
HiddenCover,16384,1000,random,5,21,3330,0,106672,0.6049,0.0,true
HiddenCover,16384,1000,random,5,22,3330,0,106672,0.6114999999999999,0.0,true
HiddenCover,16384,1000,random,5,23,3330,0,106672,0.6029,0.0,true
HiddenCover,16384,1000,random,5,24,3330,0,106672,0.6325999999999999,0.0,true
HiddenCover,16384,1000,random,5,25,3330,0,106672,0.6252,0.0,true
HiddenCover,16384,1000,random,5,26,3330,0,106672,0.6273,0.0,true
HiddenCover,16384,1000,random,5,27,3330,0,106672,0.6167,0.0,true
HiddenCover,16384,1000,random,5,28,3330,0,106672,0.6109,0.0,true
HiddenCover,16384,1000,random,5,29,3330,0,106672,0.6225999999999999,0.0,true
HiddenCover,16384,1000,random,6,0,3314,0,106160,0.612,0.0,true
HiddenCover,16384,1000,random,6,1,3314,0,106160,0.5948,0.0,true
HiddenCover,16384,1000,random,6,2,3314,0,106160,0.6024999999999999,0.0,true
HiddenCover,16384,1000,random,6,3,3314,0,106160,0.5966,0.0,true
HiddenCover,16384,1000,random,6,4,3314,0,106160,0.5948,0.0,true
HiddenCover,16384,1000,random,6,5,3314,0,106160,0.6003999999999999,0.0,true
HiddenCover,16384,1000,random,6,6,3314,0,106160,0.5984999999999999,0.0,true
HiddenCover,16384,1000,random,6,7,3314,0,106160,0.5962,0.0,true
HiddenCover,16384,1000,random,6,8,3314,0,106160,0.6,0.0,true
HiddenCover,16384,1000,random,6,9,3314,0,106160,0.6415000000000001,0.0,true
HiddenCover,16384,1000,random,6,10,3314,0,106160,0.624,0.0,true
HiddenCover,16384,1000,random,6,11,3314,0,106160,0.6026,0.0,true
HiddenCover,16384,1000,random,6,12,3314,0,106160,0.6034,0.0,true
HiddenCover,16384,1000,random,6,13,3314,0,106160,0.6016,0.0,true
HiddenCover,16384,1000,random,6,14,3314,0,106160,0.7879999999999999,0.0,true
HiddenCover,16384,1000,random,6,15,3314,0,106160,1.1593,0.0,true
HiddenCover,16384,1000,random,6,16,3314,0,106160,0.9691,0.0,true
HiddenCover,16384,1000,random,6,17,3314,0,106160,1.2705,0.0,true
HiddenCover,16384,1000,random,6,18,3314,0,106160,0.6579999999999999,0.0,true
HiddenCover,16384,1000,random,6,19,3314,0,106160,0.6643,0.0,true
HiddenCover,16384,1000,random,6,20,3314,0,106160,0.6452,0.0,true
HiddenCover,16384,1000,random,6,21,3314,0,106160,0.6373000000000001,0.0,true
HiddenCover,16384,1000,random,6,22,3314,0,106160,0.6579999999999999,0.0,true
HiddenCover,16384,1000,random,6,23,3314,0,106160,0.6262000000000001,0.0,true
HiddenCover,16384,1000,random,6,24,3314,0,106160,0.6362,0.0,true
HiddenCover,16384,1000,random,6,25,3314,0,106160,0.6314,0.0,true
HiddenCover,16384,1000,random,6,26,3314,0,106160,0.6269,0.0,true
HiddenCover,16384,1000,random,6,27,3314,0,106160,0.6323,0.0,true
HiddenCover,16384,1000,random,6,28,3314,0,106160,0.6613,0.0,true
HiddenCover,16384,1000,random,6,29,3314,0,106160,0.6364,0.0,true
HiddenCover,16384,1000,random,7,0,3291,0,105424,0.9592999999999999,0.0,true
HiddenCover,16384,1000,random,7,1,3291,0,105424,0.6263,0.0,true
HiddenCover,16384,1000,random,7,2,3291,0,105424,0.6336,0.0,true
HiddenCover,16384,1000,random,7,3,3291,0,105424,0.6244999999999999,0.0,true
HiddenCover,16384,1000,random,7,4,3291,0,105424,0.6261,0.0,true
HiddenCover,16384,1000,random,7,5,3291,0,105424,0.6443,0.0,true
HiddenCover,16384,1000,random,7,6,3291,0,105424,0.6491,0.0,true
HiddenCover,16384,1000,random,7,7,3291,0,105424,0.6278,0.0,true
HiddenCover,16384,1000,random,7,8,3291,0,105424,0.6306,0.0,true
HiddenCover,16384,1000,random,7,9,3291,0,105424,0.6296999999999999,0.0,true
HiddenCover,16384,1000,random,7,10,3291,0,105424,0.6283000000000001,0.0,true
HiddenCover,16384,1000,random,7,11,3291,0,105424,0.6331,0.0,true
HiddenCover,16384,1000,random,7,12,3291,0,105424,0.6279,0.0,true
HiddenCover,16384,1000,random,7,13,3291,0,105424,0.6313,0.0,true
HiddenCover,16384,1000,random,7,14,3291,0,105424,0.632,0.0,true
HiddenCover,16384,1000,random,7,15,3291,0,105424,0.6235,0.0,true
HiddenCover,16384,1000,random,7,16,3291,0,105424,0.6233000000000001,0.0,true
HiddenCover,16384,1000,random,7,17,3291,0,105424,0.6217,0.0,true
HiddenCover,16384,1000,random,7,18,3291,0,105424,0.6248,0.0,true
HiddenCover,16384,1000,random,7,19,3291,0,105424,0.7240000000000001,0.0,true
HiddenCover,16384,1000,random,7,20,3291,0,105424,0.6244,0.0,true
HiddenCover,16384,1000,random,7,21,3291,0,105424,0.6248,0.0,true
HiddenCover,16384,1000,random,7,22,3291,0,105424,0.644,0.0,true
HiddenCover,16384,1000,random,7,23,3291,0,105424,0.8124,0.0,true
HiddenCover,16384,1000,random,7,24,3291,0,105424,1.0273999999999999,0.0,true
HiddenCover,16384,1000,random,7,25,3291,0,105424,0.6721,0.0,true
HiddenCover,16384,1000,random,7,26,3291,0,105424,0.6488,0.0,true
HiddenCover,16384,1000,random,7,27,3291,0,105424,0.6331,0.0,true
HiddenCover,16384,1000,random,7,28,3291,0,105424,0.6275000000000001,0.0,true
HiddenCover,16384,1000,random,7,29,3291,0,105424,0.6213,0.0,true
HiddenCover,16384,1000,random,8,0,3262,0,104496,0.6444000000000001,0.0,true
HiddenCover,16384,1000,random,8,1,3262,0,104496,0.6204999999999999,0.0,true
HiddenCover,16384,1000,random,8,2,3262,0,104496,0.6304000000000001,0.0,true
HiddenCover,16384,1000,random,8,3,3262,0,104496,0.617,0.0,true
HiddenCover,16384,1000,random,8,4,3262,0,104496,0.6780999999999999,0.0,true
HiddenCover,16384,1000,random,8,5,3262,0,104496,0.6317999999999999,0.0,true
HiddenCover,16384,1000,random,8,6,3262,0,104496,0.6155,0.0,true
HiddenCover,16384,1000,random,8,7,3262,0,104496,0.6179,0.0,true
HiddenCover,16384,1000,random,8,8,3262,0,104496,0.6254000000000001,0.0,true
HiddenCover,16384,1000,random,8,9,3262,0,104496,0.6345,0.0,true
HiddenCover,16384,1000,random,8,10,3262,0,104496,0.7649,0.0,true
HiddenCover,16384,1000,random,8,11,3262,0,104496,0.9941,0.0,true
HiddenCover,16384,1000,random,8,12,3262,0,104496,0.6688,0.0,true
HiddenCover,16384,1000,random,8,13,3262,0,104496,0.6927,0.0,true
HiddenCover,16384,1000,random,8,14,3262,0,104496,0.6746,0.0,true
HiddenCover,16384,1000,random,8,15,3262,0,104496,0.6367999999999999,0.0,true
HiddenCover,16384,1000,random,8,16,3262,0,104496,0.6189,0.0,true
HiddenCover,16384,1000,random,8,17,3262,0,104496,0.6394000000000001,0.0,true
HiddenCover,16384,1000,random,8,18,3262,0,104496,0.628,0.0,true
HiddenCover,16384,1000,random,8,19,3262,0,104496,0.6246,0.0,true
HiddenCover,16384,1000,random,8,20,3262,0,104496,0.6301,0.0,true
HiddenCover,16384,1000,random,8,21,3262,0,104496,0.6196,0.0,true
HiddenCover,16384,1000,random,8,22,3262,0,104496,0.6158,0.0,true
HiddenCover,16384,1000,random,8,23,3262,0,104496,0.6376,0.0,true
HiddenCover,16384,1000,random,8,24,3262,0,104496,0.6193000000000001,0.0,true
HiddenCover,16384,1000,random,8,25,3262,0,104496,0.6185999999999999,0.0,true
HiddenCover,16384,1000,random,8,26,3262,0,104496,0.6221,0.0,true
HiddenCover,16384,1000,random,8,27,3262,0,104496,0.6154,0.0,true
HiddenCover,16384,1000,random,8,28,3262,0,104496,0.7593,0.0,true
HiddenCover,16384,1000,random,8,29,3262,0,104496,0.6679,0.0,true
HiddenCover,16384,1000,random,9,0,3297,0,105616,0.6497999999999999,0.0,true
HiddenCover,16384,1000,random,9,1,3297,0,105616,0.6296999999999999,0.0,true
HiddenCover,16384,1000,random,9,2,3297,0,105616,0.6227999999999999,0.0,true
HiddenCover,16384,1000,random,9,3,3297,0,105616,0.6199,0.0,true
HiddenCover,16384,1000,random,9,4,3297,0,105616,0.6232,0.0,true
HiddenCover,16384,1000,random,9,5,3297,0,105616,0.6591,0.0,true
HiddenCover,16384,1000,random,9,6,3297,0,105616,0.6354000000000001,0.0,true
HiddenCover,16384,1000,random,9,7,3297,0,105616,0.6372,0.0,true
HiddenCover,16384,1000,random,9,8,3297,0,105616,0.6221,0.0,true
HiddenCover,16384,1000,random,9,9,3297,0,105616,0.6235999999999999,0.0,true
HiddenCover,16384,1000,random,9,10,3297,0,105616,0.6233000000000001,0.0,true
HiddenCover,16384,1000,random,9,11,3297,0,105616,0.6296,0.0,true
HiddenCover,16384,1000,random,9,12,3297,0,105616,1.1042999999999998,0.0,true
HiddenCover,16384,1000,random,9,13,3297,0,105616,1.1102,0.0,true
HiddenCover,16384,1000,random,9,14,3297,0,105616,1.0968,0.0,true
HiddenCover,16384,1000,random,9,15,3297,0,105616,1.0882,0.0,true
HiddenCover,16384,1000,random,9,16,3297,0,105616,1.095,0.0,true
HiddenCover,16384,1000,random,9,17,3297,0,105616,1.0981,0.0,true
HiddenCover,16384,1000,random,9,18,3297,0,105616,0.9205,0.0,true
HiddenCover,16384,1000,random,9,19,3297,0,105616,0.6801,0.0,true
HiddenCover,16384,1000,random,9,20,3297,0,105616,0.6891,0.0,true
HiddenCover,16384,1000,random,9,21,3297,0,105616,0.648,0.0,true
HiddenCover,16384,1000,random,9,22,3297,0,105616,0.6642,0.0,true
HiddenCover,16384,1000,random,9,23,3297,0,105616,0.6293,0.0,true
HiddenCover,16384,1000,random,9,24,3297,0,105616,0.6336999999999999,0.0,true
HiddenCover,16384,1000,random,9,25,3297,0,105616,0.6312,0.0,true
HiddenCover,16384,1000,random,9,26,3297,0,105616,0.6288,0.0,true
HiddenCover,16384,1000,random,9,27,3297,0,105616,0.624,0.0,true
HiddenCover,16384,1000,random,9,28,3297,0,105616,0.6275000000000001,0.0,true
HiddenCover,16384,1000,random,9,29,3297,0,105616,0.6286,0.0,true
HiddenCover,16384,1000,random,10,0,3362,0,107696,0.6521,0.0,true
HiddenCover,16384,1000,random,10,1,3362,0,107696,0.6343,0.0,true
HiddenCover,16384,1000,random,10,2,3362,0,107696,0.653,0.0,true
HiddenCover,16384,1000,random,10,3,3362,0,107696,0.6536,0.0,true
HiddenCover,16384,1000,random,10,4,3362,0,107696,0.7832,0.0,true
HiddenCover,16384,1000,random,10,5,3362,0,107696,1.071,0.0,true
HiddenCover,16384,1000,random,10,6,3362,0,107696,0.8223,0.0,true
HiddenCover,16384,1000,random,10,7,3362,0,107696,0.6322,0.0,true
HiddenCover,16384,1000,random,10,8,3362,0,107696,0.6418,0.0,true
HiddenCover,16384,1000,random,10,9,3362,0,107696,0.6399,0.0,true
HiddenCover,16384,1000,random,10,10,3362,0,107696,0.6505000000000001,0.0,true
HiddenCover,16384,1000,random,10,11,3362,0,107696,0.6365000000000001,0.0,true
HiddenCover,16384,1000,random,10,12,3362,0,107696,0.6378,0.0,true
HiddenCover,16384,1000,random,10,13,3362,0,107696,0.6562,0.0,true
HiddenCover,16384,1000,random,10,14,3362,0,107696,0.6386999999999999,0.0,true
HiddenCover,16384,1000,random,10,15,3362,0,107696,0.6434,0.0,true
HiddenCover,16384,1000,random,10,16,3362,0,107696,0.7716999999999999,0.0,true
HiddenCover,16384,1000,random,10,17,3362,0,107696,0.6811,0.0,true
HiddenCover,16384,1000,random,10,18,3362,0,107696,0.6396999999999999,0.0,true
HiddenCover,16384,1000,random,10,19,3362,0,107696,0.6357,0.0,true
HiddenCover,16384,1000,random,10,20,3362,0,107696,0.6341,0.0,true
HiddenCover,16384,1000,random,10,21,3362,0,107696,0.632,0.0,true
HiddenCover,16384,1000,random,10,22,3362,0,107696,0.6356,0.0,true
HiddenCover,16384,1000,random,10,23,3362,0,107696,0.6345,0.0,true
HiddenCover,16384,1000,random,10,24,3362,0,107696,0.6612,0.0,true
HiddenCover,16384,1000,random,10,25,3362,0,107696,0.6354000000000001,0.0,true
HiddenCover,16384,1000,random,10,26,3362,0,107696,0.6384,0.0,true
HiddenCover,16384,1000,random,10,27,3362,0,107696,0.6346999999999999,0.0,true
HiddenCover,16384,1000,random,10,28,3362,0,107696,0.6357,0.0,true
HiddenCover,16384,1000,random,10,29,3362,0,107696,0.9861,0.0,true
HiddenCover,16384,1000,random,11,0,3280,0,105072,0.6225999999999999,0.0,true
HiddenCover,16384,1000,random,11,1,3280,0,105072,1.0369000000000002,0.0,true
HiddenCover,16384,1000,random,11,2,3280,0,105072,0.6769000000000001,0.0,true
HiddenCover,16384,1000,random,11,3,3280,0,105072,0.6325000000000001,0.0,true
HiddenCover,16384,1000,random,11,4,3280,0,105072,0.6577,0.0,true
HiddenCover,16384,1000,random,11,5,3280,0,105072,0.6664,0.0,true
HiddenCover,16384,1000,random,11,6,3280,0,105072,0.6413,0.0,true
HiddenCover,16384,1000,random,11,7,3280,0,105072,0.6206,0.0,true
HiddenCover,16384,1000,random,11,8,3280,0,105072,0.6303,0.0,true
HiddenCover,16384,1000,random,11,9,3280,0,105072,0.641,0.0,true
HiddenCover,16384,1000,random,11,10,3280,0,105072,0.625,0.0,true
HiddenCover,16384,1000,random,11,11,3280,0,105072,0.6237,0.0,true
HiddenCover,16384,1000,random,11,12,3280,0,105072,0.6294,0.0,true
HiddenCover,16384,1000,random,11,13,3280,0,105072,0.6217,0.0,true
HiddenCover,16384,1000,random,11,14,3280,0,105072,0.6283000000000001,0.0,true
HiddenCover,16384,1000,random,11,15,3280,0,105072,0.625,0.0,true
HiddenCover,16384,1000,random,11,16,3280,0,105072,1.1814,0.0,true
HiddenCover,16384,1000,random,11,17,3280,0,105072,1.2080000000000002,0.0,true
HiddenCover,16384,1000,random,11,18,3280,0,105072,0.7964,0.0,true
HiddenCover,16384,1000,random,11,19,3280,0,105072,0.6785,0.0,true
HiddenCover,16384,1000,random,11,20,3280,0,105072,0.6625,0.0,true
HiddenCover,16384,1000,random,11,21,3280,0,105072,0.6499,0.0,true
HiddenCover,16384,1000,random,11,22,3280,0,105072,0.6296999999999999,0.0,true
HiddenCover,16384,1000,random,11,23,3280,0,105072,0.8857,0.0,true
HiddenCover,16384,1000,random,11,24,3280,0,105072,0.905,0.0,true
HiddenCover,16384,1000,random,11,25,3280,0,105072,0.6393,0.0,true
HiddenCover,16384,1000,random,11,26,3280,0,105072,0.6256999999999999,0.0,true
HiddenCover,16384,1000,random,11,27,3280,0,105072,0.6261,0.0,true
HiddenCover,16384,1000,random,11,28,3280,0,105072,0.6406,0.0,true
HiddenCover,16384,1000,random,11,29,3280,0,105072,0.6362,0.0,true
HiddenCover,16384,1000,random,12,0,3306,0,105904,0.6355,0.0,true
HiddenCover,16384,1000,random,12,1,3306,0,105904,1.1000999999999999,0.0,true
HiddenCover,16384,1000,random,12,2,3306,0,105904,0.713,0.0,true
HiddenCover,16384,1000,random,12,3,3306,0,105904,0.6403,0.0,true
HiddenCover,16384,1000,random,12,4,3306,0,105904,0.6403,0.0,true
HiddenCover,16384,1000,random,12,5,3306,0,105904,0.6373000000000001,0.0,true
HiddenCover,16384,1000,random,12,6,3306,0,105904,0.6106,0.0,true
HiddenCover,16384,1000,random,12,7,3306,0,105904,0.6423000000000001,0.0,true
HiddenCover,16384,1000,random,12,8,3306,0,105904,0.6976,0.0,true
HiddenCover,16384,1000,random,12,9,3306,0,105904,0.6735000000000001,0.0,true
HiddenCover,16384,1000,random,12,10,3306,0,105904,0.6323,0.0,true
HiddenCover,16384,1000,random,12,11,3306,0,105904,0.6148,0.0,true
HiddenCover,16384,1000,random,12,12,3306,0,105904,0.6269,0.0,true
HiddenCover,16384,1000,random,12,13,3306,0,105904,0.6011000000000001,0.0,true
HiddenCover,16384,1000,random,12,14,3306,0,105904,0.6151000000000001,0.0,true
HiddenCover,16384,1000,random,12,15,3306,0,105904,0.6053999999999999,0.0,true
HiddenCover,16384,1000,random,12,16,3306,0,105904,0.6235,0.0,true
HiddenCover,16384,1000,random,12,17,3306,0,105904,0.6372,0.0,true
HiddenCover,16384,1000,random,12,18,3306,0,105904,0.6461,0.0,true
HiddenCover,16384,1000,random,12,19,3306,0,105904,0.6465000000000001,0.0,true
HiddenCover,16384,1000,random,12,20,3306,0,105904,0.6602,0.0,true
HiddenCover,16384,1000,random,12,21,3306,0,105904,0.6771,0.0,true
HiddenCover,16384,1000,random,12,22,3306,0,105904,0.6543,0.0,true
HiddenCover,16384,1000,random,12,23,3306,0,105904,0.6683,0.0,true
HiddenCover,16384,1000,random,12,24,3306,0,105904,0.6374,0.0,true
HiddenCover,16384,1000,random,12,25,3306,0,105904,0.6381,0.0,true
HiddenCover,16384,1000,random,12,26,3306,0,105904,0.9537,0.0,true
HiddenCover,16384,1000,random,12,27,3306,0,105904,1.2158,0.0,true
HiddenCover,16384,1000,random,12,28,3306,0,105904,1.089,0.0,true
HiddenCover,16384,1000,random,12,29,3306,0,105904,1.1105,0.0,true
HiddenCover,16384,1000,random,13,0,3317,0,106256,0.6353,0.0,true
HiddenCover,16384,1000,random,13,1,3317,0,106256,0.6486000000000001,0.0,true
HiddenCover,16384,1000,random,13,2,3317,0,106256,0.6497999999999999,0.0,true
HiddenCover,16384,1000,random,13,3,3317,0,106256,0.6717,0.0,true
HiddenCover,16384,1000,random,13,4,3317,0,106256,0.6512,0.0,true
HiddenCover,16384,1000,random,13,5,3317,0,106256,0.6553,0.0,true
HiddenCover,16384,1000,random,13,6,3317,0,106256,0.6369,0.0,true
HiddenCover,16384,1000,random,13,7,3317,0,106256,0.6356,0.0,true
HiddenCover,16384,1000,random,13,8,3317,0,106256,0.6417,0.0,true
HiddenCover,16384,1000,random,13,9,3317,0,106256,0.6594,0.0,true
HiddenCover,16384,1000,random,13,10,3317,0,106256,0.6336,0.0,true
HiddenCover,16384,1000,random,13,11,3317,0,106256,0.9452,0.0,true
HiddenCover,16384,1000,random,13,12,3317,0,106256,1.1654,0.0,true
HiddenCover,16384,1000,random,13,13,3317,0,106256,1.1096000000000001,0.0,true
HiddenCover,16384,1000,random,13,14,3317,0,106256,1.1217,0.0,true
HiddenCover,16384,1000,random,13,15,3317,0,106256,1.1065999999999998,0.0,true
HiddenCover,16384,1000,random,13,16,3317,0,106256,1.0962999999999998,0.0,true
HiddenCover,16384,1000,random,13,17,3317,0,106256,1.1087,0.0,true
HiddenCover,16384,1000,random,13,18,3317,0,106256,1.1107999999999998,0.0,true
HiddenCover,16384,1000,random,13,19,3317,0,106256,1.1058999999999999,0.0,true
HiddenCover,16384,1000,random,13,20,3317,0,106256,1.1444,0.0,true
HiddenCover,16384,1000,random,13,21,3317,0,106256,1.1206,0.0,true
HiddenCover,16384,1000,random,13,22,3317,0,106256,1.0920999999999998,0.0,true
HiddenCover,16384,1000,random,13,23,3317,0,106256,1.1023,0.0,true
HiddenCover,16384,1000,random,13,24,3317,0,106256,1.1093,0.0,true
HiddenCover,16384,1000,random,13,25,3317,0,106256,0.9858,0.0,true
HiddenCover,16384,1000,random,13,26,3317,0,106256,0.9177000000000001,0.0,true
HiddenCover,16384,1000,random,13,27,3317,0,106256,1.1229,0.0,true
HiddenCover,16384,1000,random,13,28,3317,0,106256,0.7200000000000001,0.0,true
HiddenCover,16384,1000,random,13,29,3317,0,106256,0.6572,0.0,true
HiddenCover,16384,1000,random,14,0,3195,0,102352,0.621,0.0,true
HiddenCover,16384,1000,random,14,1,3195,0,102352,0.6307,0.0,true
HiddenCover,16384,1000,random,14,2,3195,0,102352,0.6423000000000001,0.0,true
HiddenCover,16384,1000,random,14,3,3195,0,102352,0.6261,0.0,true
HiddenCover,16384,1000,random,14,4,3195,0,102352,0.623,0.0,true
HiddenCover,16384,1000,random,14,5,3195,0,102352,0.6183,0.0,true
HiddenCover,16384,1000,random,14,6,3195,0,102352,0.6143000000000001,0.0,true
HiddenCover,16384,1000,random,14,7,3195,0,102352,0.6374,0.0,true
HiddenCover,16384,1000,random,14,8,3195,0,102352,0.6244,0.0,true
HiddenCover,16384,1000,random,14,9,3195,0,102352,0.6274,0.0,true
HiddenCover,16384,1000,random,14,10,3195,0,102352,0.6213,0.0,true
HiddenCover,16384,1000,random,14,11,3195,0,102352,0.6396000000000001,0.0,true
HiddenCover,16384,1000,random,14,12,3195,0,102352,0.6179,0.0,true
HiddenCover,16384,1000,random,14,13,3195,0,102352,0.9585,0.0,true
HiddenCover,16384,1000,random,14,14,3195,0,102352,1.0162,0.0,true
HiddenCover,16384,1000,random,14,15,3195,0,102352,0.6676,0.0,true
HiddenCover,16384,1000,random,14,16,3195,0,102352,0.6759000000000001,0.0,true
HiddenCover,16384,1000,random,14,17,3195,0,102352,0.6647,0.0,true
HiddenCover,16384,1000,random,14,18,3195,0,102352,0.6373000000000001,0.0,true
HiddenCover,16384,1000,random,14,19,3195,0,102352,0.6423000000000001,0.0,true
HiddenCover,16384,1000,random,14,20,3195,0,102352,0.6269,0.0,true
HiddenCover,16384,1000,random,14,21,3195,0,102352,0.6426000000000001,0.0,true
HiddenCover,16384,1000,random,14,22,3195,0,102352,0.6596,0.0,true
HiddenCover,16384,1000,random,14,23,3195,0,102352,0.6468,0.0,true
HiddenCover,16384,1000,random,14,24,3195,0,102352,0.6182,0.0,true
HiddenCover,16384,1000,random,14,25,3195,0,102352,0.615,0.0,true
HiddenCover,16384,1000,random,14,26,3195,0,102352,0.6124999999999999,0.0,true
HiddenCover,16384,1000,random,14,27,3195,0,102352,0.6087,0.0,true
HiddenCover,16384,1000,random,14,28,3195,0,102352,0.6335,0.0,true
HiddenCover,16384,1000,random,14,29,3195,0,102352,0.6325999999999999,0.0,true
HiddenCover,16384,1000,random,15,0,3302,0,105776,1.1142999999999998,0.0,true
HiddenCover,16384,1000,random,15,1,3302,0,105776,1.0876,0.0,true
HiddenCover,16384,1000,random,15,2,3302,0,105776,1.1261,0.0,true
HiddenCover,16384,1000,random,15,3,3302,0,105776,1.1019,0.0,true
HiddenCover,16384,1000,random,15,4,3302,0,105776,1.1023999999999998,0.0,true
HiddenCover,16384,1000,random,15,5,3302,0,105776,1.0987,0.0,true
HiddenCover,16384,1000,random,15,6,3302,0,105776,1.1018,0.0,true
HiddenCover,16384,1000,random,15,7,3302,0,105776,1.1061,0.0,true
HiddenCover,16384,1000,random,15,8,3302,0,105776,1.1092,0.0,true
HiddenCover,16384,1000,random,15,9,3302,0,105776,1.099,0.0,true
HiddenCover,16384,1000,random,15,10,3302,0,105776,1.1078999999999999,0.0,true
HiddenCover,16384,1000,random,15,11,3302,0,105776,1.1042999999999998,0.0,true
HiddenCover,16384,1000,random,15,12,3302,0,105776,1.1069,0.0,true
HiddenCover,16384,1000,random,15,13,3302,0,105776,1.1406999999999998,0.0,true
HiddenCover,16384,1000,random,15,14,3302,0,105776,1.0177999999999998,0.0,true
HiddenCover,16384,1000,random,15,15,3302,0,105776,0.9377,0.0,true
HiddenCover,16384,1000,random,15,16,3302,0,105776,0.6764,0.0,true
HiddenCover,16384,1000,random,15,17,3302,0,105776,0.6692,0.0,true
HiddenCover,16384,1000,random,15,18,3302,0,105776,0.6776,0.0,true
HiddenCover,16384,1000,random,15,19,3302,0,105776,0.7232999999999999,0.0,true
HiddenCover,16384,1000,random,15,20,3302,0,105776,0.6371,0.0,true
HiddenCover,16384,1000,random,15,21,3302,0,105776,0.6325000000000001,0.0,true
HiddenCover,16384,1000,random,15,22,3302,0,105776,0.6452,0.0,true
HiddenCover,16384,1000,random,15,23,3302,0,105776,0.6449,0.0,true
HiddenCover,16384,1000,random,15,24,3302,0,105776,0.6398,0.0,true
HiddenCover,16384,1000,random,15,25,3302,0,105776,0.636,0.0,true
HiddenCover,16384,1000,random,15,26,3302,0,105776,0.6296999999999999,0.0,true
HiddenCover,16384,1000,random,15,27,3302,0,105776,0.6262000000000001,0.0,true
HiddenCover,16384,1000,random,15,28,3302,0,105776,0.628,0.0,true
HiddenCover,16384,1000,random,15,29,3302,0,105776,0.6299,0.0,true
HiddenCover,16384,1000,random,16,0,3366,0,107824,0.6345,0.0,true
HiddenCover,16384,1000,random,16,1,3366,0,107824,0.6422,0.0,true
HiddenCover,16384,1000,random,16,2,3366,0,107824,1.0388000000000002,0.0,true
HiddenCover,16384,1000,random,16,3,3366,0,107824,0.7496,0.0,true
HiddenCover,16384,1000,random,16,4,3366,0,107824,0.8001,0.0,true
HiddenCover,16384,1000,random,16,5,3366,0,107824,0.6943,0.0,true
HiddenCover,16384,1000,random,16,6,3366,0,107824,0.6433,0.0,true
HiddenCover,16384,1000,random,16,7,3366,0,107824,0.6516,0.0,true
HiddenCover,16384,1000,random,16,8,3366,0,107824,0.6407999999999999,0.0,true
HiddenCover,16384,1000,random,16,9,3366,0,107824,0.642,0.0,true
HiddenCover,16384,1000,random,16,10,3366,0,107824,0.6746,0.0,true
HiddenCover,16384,1000,random,16,11,3366,0,107824,0.6417,0.0,true
HiddenCover,16384,1000,random,16,12,3366,0,107824,0.6451,0.0,true
HiddenCover,16384,1000,random,16,13,3366,0,107824,0.65,0.0,true
HiddenCover,16384,1000,random,16,14,3366,0,107824,0.6426999999999999,0.0,true
HiddenCover,16384,1000,random,16,15,3366,0,107824,0.6457,0.0,true
HiddenCover,16384,1000,random,16,16,3366,0,107824,0.6476999999999999,0.0,true
HiddenCover,16384,1000,random,16,17,3366,0,107824,0.6399,0.0,true
HiddenCover,16384,1000,random,16,18,3366,0,107824,0.6457999999999999,0.0,true
HiddenCover,16384,1000,random,16,19,3366,0,107824,0.7657999999999999,0.0,true
HiddenCover,16384,1000,random,16,20,3366,0,107824,0.6843,0.0,true
HiddenCover,16384,1000,random,16,21,3366,0,107824,0.6353,0.0,true
HiddenCover,16384,1000,random,16,22,3366,0,107824,0.636,0.0,true
HiddenCover,16384,1000,random,16,23,3366,0,107824,0.6352000000000001,0.0,true
HiddenCover,16384,1000,random,16,24,3366,0,107824,0.6384,0.0,true
HiddenCover,16384,1000,random,16,25,3366,0,107824,0.6389,0.0,true
HiddenCover,16384,1000,random,16,26,3366,0,107824,0.8185,0.0,true
HiddenCover,16384,1000,random,16,27,3366,0,107824,1.1691,0.0,true
HiddenCover,16384,1000,random,16,28,3366,0,107824,1.1221,0.0,true
HiddenCover,16384,1000,random,16,29,3366,0,107824,1.1117,0.0,true
HiddenCover,16384,1000,random,17,0,3292,0,105456,0.6515,0.0,true
HiddenCover,16384,1000,random,17,1,3292,0,105456,0.6492,0.0,true
HiddenCover,16384,1000,random,17,2,3292,0,105456,0.6294,0.0,true
HiddenCover,16384,1000,random,17,3,3292,0,105456,0.6284,0.0,true
HiddenCover,16384,1000,random,17,4,3292,0,105456,0.6237,0.0,true
HiddenCover,16384,1000,random,17,5,3292,0,105456,0.6275000000000001,0.0,true
HiddenCover,16384,1000,random,17,6,3292,0,105456,0.6467,0.0,true
HiddenCover,16384,1000,random,17,7,3292,0,105456,1.1508,0.0,true
HiddenCover,16384,1000,random,17,8,3292,0,105456,0.7242000000000001,0.0,true
HiddenCover,16384,1000,random,17,9,3292,0,105456,0.651,0.0,true
HiddenCover,16384,1000,random,17,10,3292,0,105456,0.6374,0.0,true
HiddenCover,16384,1000,random,17,11,3292,0,105456,0.6478,0.0,true
HiddenCover,16384,1000,random,17,12,3292,0,105456,0.6346,0.0,true
HiddenCover,16384,1000,random,17,13,3292,0,105456,0.637,0.0,true
HiddenCover,16384,1000,random,17,14,3292,0,105456,0.6269,0.0,true
HiddenCover,16384,1000,random,17,15,3292,0,105456,0.6464,0.0,true
HiddenCover,16384,1000,random,17,16,3292,0,105456,0.6325999999999999,0.0,true
HiddenCover,16384,1000,random,17,17,3292,0,105456,0.6295,0.0,true
HiddenCover,16384,1000,random,17,18,3292,0,105456,0.6740999999999999,0.0,true
HiddenCover,16384,1000,random,17,19,3292,0,105456,0.6571,0.0,true
HiddenCover,16384,1000,random,17,20,3292,0,105456,0.6267,0.0,true
HiddenCover,16384,1000,random,17,21,3292,0,105456,0.6282,0.0,true
HiddenCover,16384,1000,random,17,22,3292,0,105456,0.7085,0.0,true
HiddenCover,16384,1000,random,17,23,3292,0,105456,0.6698000000000001,0.0,true
HiddenCover,16384,1000,random,17,24,3292,0,105456,0.6296,0.0,true
HiddenCover,16384,1000,random,17,25,3292,0,105456,0.6338999999999999,0.0,true
HiddenCover,16384,1000,random,17,26,3292,0,105456,0.6836,0.0,true
HiddenCover,16384,1000,random,17,27,3292,0,105456,0.6401,0.0,true
HiddenCover,16384,1000,random,17,28,3292,0,105456,0.6304000000000001,0.0,true
HiddenCover,16384,1000,random,17,29,3292,0,105456,0.6351,0.0,true
HiddenCover,16384,1000,random,18,0,3291,0,105424,0.6286,0.0,true
HiddenCover,16384,1000,random,18,1,3291,0,105424,0.6452,0.0,true
HiddenCover,16384,1000,random,18,2,3291,0,105424,0.6335,0.0,true
HiddenCover,16384,1000,random,18,3,3291,0,105424,0.6422,0.0,true
HiddenCover,16384,1000,random,18,4,3291,0,105424,0.6262000000000001,0.0,true
HiddenCover,16384,1000,random,18,5,3291,0,105424,0.6259,0.0,true
HiddenCover,16384,1000,random,18,6,3291,0,105424,0.6235,0.0,true
HiddenCover,16384,1000,random,18,7,3291,0,105424,1.0384,0.0,true
HiddenCover,16384,1000,random,18,8,3291,0,105424,1.1064,0.0,true
HiddenCover,16384,1000,random,18,9,3291,0,105424,1.1284999999999998,0.0,true
HiddenCover,16384,1000,random,18,10,3291,0,105424,1.0939999999999999,0.0,true
HiddenCover,16384,1000,random,18,11,3291,0,105424,1.095,0.0,true
HiddenCover,16384,1000,random,18,12,3291,0,105424,1.0984,0.0,true
HiddenCover,16384,1000,random,18,13,3291,0,105424,1.1402,0.0,true
HiddenCover,16384,1000,random,18,14,3291,0,105424,1.0640999999999998,0.0,true
HiddenCover,16384,1000,random,18,15,3291,0,105424,0.9914999999999999,0.0,true
HiddenCover,16384,1000,random,18,16,3291,0,105424,0.8961,0.0,true
HiddenCover,16384,1000,random,18,17,3291,0,105424,0.6885,0.0,true
HiddenCover,16384,1000,random,18,18,3291,0,105424,0.6302,0.0,true
HiddenCover,16384,1000,random,18,19,3291,0,105424,0.6262000000000001,0.0,true
HiddenCover,16384,1000,random,18,20,3291,0,105424,0.6319,0.0,true
HiddenCover,16384,1000,random,18,21,3291,0,105424,0.6264000000000001,0.0,true
HiddenCover,16384,1000,random,18,22,3291,0,105424,0.647,0.0,true
HiddenCover,16384,1000,random,18,23,3291,0,105424,0.6221,0.0,true
HiddenCover,16384,1000,random,18,24,3291,0,105424,0.7885,0.0,true
HiddenCover,16384,1000,random,18,25,3291,0,105424,0.6367,0.0,true
HiddenCover,16384,1000,random,18,26,3291,0,105424,0.6702,0.0,true
HiddenCover,16384,1000,random,18,27,3291,0,105424,0.6560999999999999,0.0,true
HiddenCover,16384,1000,random,18,28,3291,0,105424,0.6315999999999999,0.0,true
HiddenCover,16384,1000,random,18,29,3291,0,105424,0.6296,0.0,true
HiddenCover,16384,1000,random,19,0,3279,0,105040,1.0351,0.0,true
HiddenCover,16384,1000,random,19,1,3279,0,105040,0.7125,0.0,true
HiddenCover,16384,1000,random,19,2,3279,0,105040,0.6744,0.0,true
HiddenCover,16384,1000,random,19,3,3279,0,105040,0.6733,0.0,true
HiddenCover,16384,1000,random,19,4,3279,0,105040,0.669,0.0,true
HiddenCover,16384,1000,random,19,5,3279,0,105040,0.6449999999999999,0.0,true
HiddenCover,16384,1000,random,19,6,3279,0,105040,0.6547000000000001,0.0,true
HiddenCover,16384,1000,random,19,7,3279,0,105040,0.6468,0.0,true
HiddenCover,16384,1000,random,19,8,3279,0,105040,0.8003,0.0,true
HiddenCover,16384,1000,random,19,9,3279,0,105040,0.6811999999999999,0.0,true
HiddenCover,16384,1000,random,19,10,3279,0,105040,0.637,0.0,true
HiddenCover,16384,1000,random,19,11,3279,0,105040,0.6342,0.0,true
HiddenCover,16384,1000,random,19,12,3279,0,105040,0.6273,0.0,true
HiddenCover,16384,1000,random,19,13,3279,0,105040,0.6356,0.0,true
HiddenCover,16384,1000,random,19,14,3279,0,105040,0.6386999999999999,0.0,true
HiddenCover,16384,1000,random,19,15,3279,0,105040,0.6319,0.0,true
HiddenCover,16384,1000,random,19,16,3279,0,105040,0.6241000000000001,0.0,true
HiddenCover,16384,1000,random,19,17,3279,0,105040,0.6564,0.0,true
HiddenCover,16384,1000,random,19,18,3279,0,105040,0.6235999999999999,0.0,true
HiddenCover,16384,1000,random,19,19,3279,0,105040,0.6283000000000001,0.0,true
HiddenCover,16384,1000,random,19,20,3279,0,105040,0.6352000000000001,0.0,true
HiddenCover,16384,1000,random,19,21,3279,0,105040,0.6264000000000001,0.0,true
HiddenCover,16384,1000,random,19,22,3279,0,105040,0.6246,0.0,true
HiddenCover,16384,1000,random,19,23,3279,0,105040,0.6259,0.0,true
HiddenCover,16384,1000,random,19,24,3279,0,105040,0.9605,0.0,true
HiddenCover,16384,1000,random,19,25,3279,0,105040,0.8082,0.0,true
HiddenCover,16384,1000,random,19,26,3279,0,105040,0.6592,0.0,true
HiddenCover,16384,1000,random,19,27,3279,0,105040,0.7166,0.0,true
HiddenCover,16384,1000,random,19,28,3279,0,105040,0.7377,0.0,true
HiddenCover,16384,1000,random,19,29,3279,0,105040,0.7105,0.0,true
HiddenCover,16384,1000,dispersed,0,0,4024,0,128880,0.7689,0.0,true
HiddenCover,16384,1000,dispersed,0,1,4024,0,128880,0.7657,0.0,true
HiddenCover,16384,1000,dispersed,0,2,4024,0,128880,0.7736000000000001,0.0,true
HiddenCover,16384,1000,dispersed,0,3,4024,0,128880,0.7728999999999999,0.0,true
HiddenCover,16384,1000,dispersed,0,4,4024,0,128880,0.7705000000000001,0.0,true
HiddenCover,16384,1000,dispersed,0,5,4024,0,128880,0.7772,0.0,true
HiddenCover,16384,1000,dispersed,0,6,4024,0,128880,0.7697999999999999,0.0,true
HiddenCover,16384,1000,dispersed,0,7,4024,0,128880,1.1878,0.0,true
HiddenCover,16384,1000,dispersed,0,8,4024,0,128880,1.2659,0.0,true
HiddenCover,16384,1000,dispersed,0,9,4024,0,128880,1.3542999999999998,0.0,true
HiddenCover,16384,1000,dispersed,0,10,4024,0,128880,0.809,0.0,true
HiddenCover,16384,1000,dispersed,0,11,4024,0,128880,0.8788999999999999,0.0,true
HiddenCover,16384,1000,dispersed,0,12,4024,0,128880,0.7624,0.0,true
HiddenCover,16384,1000,dispersed,0,13,4024,0,128880,0.773,0.0,true
HiddenCover,16384,1000,dispersed,0,14,4024,0,128880,0.7793,0.0,true
HiddenCover,16384,1000,dispersed,0,15,4024,0,128880,0.7649,0.0,true
HiddenCover,16384,1000,dispersed,0,16,4024,0,128880,0.76,0.0,true
HiddenCover,16384,1000,dispersed,0,17,4024,0,128880,0.7586999999999999,0.0,true
HiddenCover,16384,1000,dispersed,0,18,4024,0,128880,0.7612,0.0,true
HiddenCover,16384,1000,dispersed,0,19,4024,0,128880,0.7653,0.0,true
HiddenCover,16384,1000,dispersed,0,20,4024,0,128880,0.7776000000000001,0.0,true
HiddenCover,16384,1000,dispersed,0,21,4024,0,128880,0.7665000000000001,0.0,true
HiddenCover,16384,1000,dispersed,0,22,4024,0,128880,0.7877,0.0,true
HiddenCover,16384,1000,dispersed,0,23,4024,0,128880,0.7644000000000001,0.0,true
HiddenCover,16384,1000,dispersed,0,24,4024,0,128880,0.7577,0.0,true
HiddenCover,16384,1000,dispersed,0,25,4024,0,128880,0.7646000000000001,0.0,true
HiddenCover,16384,1000,dispersed,0,26,4024,0,128880,0.9056,0.0,true
HiddenCover,16384,1000,dispersed,0,27,4024,0,128880,1.3214,0.0,true
HiddenCover,16384,1000,dispersed,0,28,4024,0,128880,1.085,0.0,true
HiddenCover,16384,1000,dispersed,0,29,4024,0,128880,0.8513999999999999,0.0,true
HiddenCover,16384,1000,dispersed,1,0,4024,0,128880,0.7625000000000001,0.0,true
HiddenCover,16384,1000,dispersed,1,1,4024,0,128880,0.795,0.0,true
HiddenCover,16384,1000,dispersed,1,2,4024,0,128880,0.7649999999999999,0.0,true
HiddenCover,16384,1000,dispersed,1,3,4024,0,128880,0.7633,0.0,true
HiddenCover,16384,1000,dispersed,1,4,4024,0,128880,0.7721,0.0,true
HiddenCover,16384,1000,dispersed,1,5,4024,0,128880,0.7577,0.0,true
HiddenCover,16384,1000,dispersed,1,6,4024,0,128880,0.7603,0.0,true
HiddenCover,16384,1000,dispersed,1,7,4024,0,128880,0.7741,0.0,true
HiddenCover,16384,1000,dispersed,1,8,4024,0,128880,1.0498,0.0,true
HiddenCover,16384,1000,dispersed,1,9,4024,0,128880,0.9990000000000001,0.0,true
HiddenCover,16384,1000,dispersed,1,10,4024,0,128880,0.9723,0.0,true
HiddenCover,16384,1000,dispersed,1,11,4024,0,128880,0.7797999999999999,0.0,true
HiddenCover,16384,1000,dispersed,1,12,4024,0,128880,0.7905,0.0,true
HiddenCover,16384,1000,dispersed,1,13,4024,0,128880,0.7906000000000001,0.0,true
HiddenCover,16384,1000,dispersed,1,14,4024,0,128880,0.772,0.0,true
HiddenCover,16384,1000,dispersed,1,15,4024,0,128880,0.7685,0.0,true
HiddenCover,16384,1000,dispersed,1,16,4024,0,128880,0.7787999999999999,0.0,true
HiddenCover,16384,1000,dispersed,1,17,4024,0,128880,0.771,0.0,true
HiddenCover,16384,1000,dispersed,1,18,4024,0,128880,0.8011,0.0,true
HiddenCover,16384,1000,dispersed,1,19,4024,0,128880,0.7676999999999999,0.0,true
HiddenCover,16384,1000,dispersed,1,20,4024,0,128880,0.7649,0.0,true
HiddenCover,16384,1000,dispersed,1,21,4024,0,128880,0.7604000000000001,0.0,true
HiddenCover,16384,1000,dispersed,1,22,4024,0,128880,0.7572,0.0,true
HiddenCover,16384,1000,dispersed,1,23,4024,0,128880,0.7565000000000001,0.0,true
HiddenCover,16384,1000,dispersed,1,24,4024,0,128880,0.7593,0.0,true
HiddenCover,16384,1000,dispersed,1,25,4024,0,128880,0.7643,0.0,true
HiddenCover,16384,1000,dispersed,1,26,4024,0,128880,0.7789,0.0,true
HiddenCover,16384,1000,dispersed,1,27,4024,0,128880,0.7615999999999999,0.0,true
HiddenCover,16384,1000,dispersed,1,28,4024,0,128880,0.7681,0.0,true
HiddenCover,16384,1000,dispersed,1,29,4024,0,128880,1.4668999999999999,0.0,true
HiddenCover,16384,1000,dispersed,2,0,4024,0,128880,0.7573000000000001,0.0,true
HiddenCover,16384,1000,dispersed,2,1,4024,0,128880,0.7578,0.0,true
HiddenCover,16384,1000,dispersed,2,2,4024,0,128880,0.7575999999999999,0.0,true
HiddenCover,16384,1000,dispersed,2,3,4024,0,128880,0.7789,0.0,true
HiddenCover,16384,1000,dispersed,2,4,4024,0,128880,0.7662,0.0,true
HiddenCover,16384,1000,dispersed,2,5,4024,0,128880,0.7656,0.0,true
HiddenCover,16384,1000,dispersed,2,6,4024,0,128880,0.761,0.0,true
HiddenCover,16384,1000,dispersed,2,7,4024,0,128880,0.7636000000000001,0.0,true
HiddenCover,16384,1000,dispersed,2,8,4024,0,128880,0.7665000000000001,0.0,true
HiddenCover,16384,1000,dispersed,2,9,4024,0,128880,0.7715000000000001,0.0,true
HiddenCover,16384,1000,dispersed,2,10,4024,0,128880,0.9479,0.0,true
HiddenCover,16384,1000,dispersed,2,11,4024,0,128880,1.5175,0.0,true
HiddenCover,16384,1000,dispersed,2,12,4024,0,128880,1.4012,0.0,true
HiddenCover,16384,1000,dispersed,2,13,4024,0,128880,1.1863,0.0,true
HiddenCover,16384,1000,dispersed,2,14,4024,0,128880,1.2006000000000001,0.0,true
HiddenCover,16384,1000,dispersed,2,15,4024,0,128880,0.9280999999999999,0.0,true
HiddenCover,16384,1000,dispersed,2,16,4024,0,128880,0.7691,0.0,true
HiddenCover,16384,1000,dispersed,2,17,4024,0,128880,0.7651,0.0,true
HiddenCover,16384,1000,dispersed,2,18,4024,0,128880,0.8108,0.0,true
HiddenCover,16384,1000,dispersed,2,19,4024,0,128880,0.7671,0.0,true
HiddenCover,16384,1000,dispersed,2,20,4024,0,128880,0.8019000000000001,0.0,true
HiddenCover,16384,1000,dispersed,2,21,4024,0,128880,0.7669,0.0,true
HiddenCover,16384,1000,dispersed,2,22,4024,0,128880,0.7651,0.0,true
HiddenCover,16384,1000,dispersed,2,23,4024,0,128880,0.7791,0.0,true
HiddenCover,16384,1000,dispersed,2,24,4024,0,128880,0.7745,0.0,true
HiddenCover,16384,1000,dispersed,2,25,4024,0,128880,0.852,0.0,true
HiddenCover,16384,1000,dispersed,2,26,4024,0,128880,0.7651,0.0,true
HiddenCover,16384,1000,dispersed,2,27,4024,0,128880,1.0346000000000002,0.0,true
HiddenCover,16384,1000,dispersed,2,28,4024,0,128880,1.0811,0.0,true
HiddenCover,16384,1000,dispersed,2,29,4024,0,128880,1.1157000000000001,0.0,true
HiddenCover,16384,1000,dispersed,3,0,4024,0,128880,0.7611,0.0,true
HiddenCover,16384,1000,dispersed,3,1,4024,0,128880,0.7897,0.0,true
HiddenCover,16384,1000,dispersed,3,2,4024,0,128880,0.7973,0.0,true
HiddenCover,16384,1000,dispersed,3,3,4024,0,128880,0.7591,0.0,true
HiddenCover,16384,1000,dispersed,3,4,4024,0,128880,0.7588,0.0,true
HiddenCover,16384,1000,dispersed,3,5,4024,0,128880,0.7652,0.0,true
HiddenCover,16384,1000,dispersed,3,6,4024,0,128880,0.7721,0.0,true
HiddenCover,16384,1000,dispersed,3,7,4024,0,128880,0.8083,0.0,true
HiddenCover,16384,1000,dispersed,3,8,4024,0,128880,0.7836,0.0,true
HiddenCover,16384,1000,dispersed,3,9,4024,0,128880,0.759,0.0,true
HiddenCover,16384,1000,dispersed,3,10,4024,0,128880,0.7578,0.0,true
HiddenCover,16384,1000,dispersed,3,11,4024,0,128880,1.3012,0.0,true
HiddenCover,16384,1000,dispersed,3,12,4024,0,128880,1.2995,0.0,true
HiddenCover,16384,1000,dispersed,3,13,4024,0,128880,1.0151,0.0,true
HiddenCover,16384,1000,dispersed,3,14,4024,0,128880,0.8317,0.0,true
HiddenCover,16384,1000,dispersed,3,15,4024,0,128880,0.7618,0.0,true
HiddenCover,16384,1000,dispersed,3,16,4024,0,128880,0.7577,0.0,true
HiddenCover,16384,1000,dispersed,3,17,4024,0,128880,0.755,0.0,true
HiddenCover,16384,1000,dispersed,3,18,4024,0,128880,0.7714,0.0,true
HiddenCover,16384,1000,dispersed,3,19,4024,0,128880,0.8051999999999999,0.0,true
HiddenCover,16384,1000,dispersed,3,20,4024,0,128880,0.7758,0.0,true
HiddenCover,16384,1000,dispersed,3,21,4024,0,128880,0.7682,0.0,true
HiddenCover,16384,1000,dispersed,3,22,4024,0,128880,0.7704,0.0,true
HiddenCover,16384,1000,dispersed,3,23,4024,0,128880,0.7973,0.0,true
HiddenCover,16384,1000,dispersed,3,24,4024,0,128880,0.7747999999999999,0.0,true
HiddenCover,16384,1000,dispersed,3,25,4024,0,128880,0.7755000000000001,0.0,true
HiddenCover,16384,1000,dispersed,3,26,4024,0,128880,0.7829,0.0,true
HiddenCover,16384,1000,dispersed,3,27,4024,0,128880,0.8,0.0,true
HiddenCover,16384,1000,dispersed,3,28,4024,0,128880,0.7932,0.0,true
HiddenCover,16384,1000,dispersed,3,29,4024,0,128880,0.7618,0.0,true
HiddenCover,16384,1000,dispersed,4,0,4024,0,128880,0.7714,0.0,true
HiddenCover,16384,1000,dispersed,4,1,4024,0,128880,0.7627,0.0,true
HiddenCover,16384,1000,dispersed,4,2,4024,0,128880,0.7619,0.0,true
HiddenCover,16384,1000,dispersed,4,3,4024,0,128880,0.7771,0.0,true
HiddenCover,16384,1000,dispersed,4,4,4024,0,128880,0.7712,0.0,true
HiddenCover,16384,1000,dispersed,4,5,4024,0,128880,0.7702,0.0,true
HiddenCover,16384,1000,dispersed,4,6,4024,0,128880,0.7611,0.0,true
HiddenCover,16384,1000,dispersed,4,7,4024,0,128880,1.1627,0.0,true
HiddenCover,16384,1000,dispersed,4,8,4024,0,128880,1.3369,0.0,true
HiddenCover,16384,1000,dispersed,4,9,4024,0,128880,1.3384,0.0,true
HiddenCover,16384,1000,dispersed,4,10,4024,0,128880,1.4147999999999998,0.0,true
HiddenCover,16384,1000,dispersed,4,11,4024,0,128880,1.2416,0.0,true
HiddenCover,16384,1000,dispersed,4,12,4024,0,128880,1.3592000000000002,0.0,true
HiddenCover,16384,1000,dispersed,4,13,4024,0,128880,1.0476,0.0,true
HiddenCover,16384,1000,dispersed,4,14,4024,0,128880,0.7665000000000001,0.0,true
HiddenCover,16384,1000,dispersed,4,15,4024,0,128880,0.7574,0.0,true
HiddenCover,16384,1000,dispersed,4,16,4024,0,128880,0.7604000000000001,0.0,true
HiddenCover,16384,1000,dispersed,4,17,4024,0,128880,0.7592,0.0,true
HiddenCover,16384,1000,dispersed,4,18,4024,0,128880,0.7902,0.0,true
HiddenCover,16384,1000,dispersed,4,19,4024,0,128880,0.7605999999999999,0.0,true
HiddenCover,16384,1000,dispersed,4,20,4024,0,128880,0.7665000000000001,0.0,true
HiddenCover,16384,1000,dispersed,4,21,4024,0,128880,0.7618,0.0,true
HiddenCover,16384,1000,dispersed,4,22,4024,0,128880,0.7588,0.0,true
HiddenCover,16384,1000,dispersed,4,23,4024,0,128880,0.791,0.0,true
HiddenCover,16384,1000,dispersed,4,24,4024,0,128880,0.7674,0.0,true
HiddenCover,16384,1000,dispersed,4,25,4024,0,128880,0.7642,0.0,true
HiddenCover,16384,1000,dispersed,4,26,4024,0,128880,0.7601,0.0,true
HiddenCover,16384,1000,dispersed,4,27,4024,0,128880,0.7734000000000001,0.0,true
HiddenCover,16384,1000,dispersed,4,28,4024,0,128880,0.8241,0.0,true
HiddenCover,16384,1000,dispersed,4,29,4024,0,128880,0.7783,0.0,true
HiddenCover,16384,1000,dispersed,5,0,4024,0,128880,0.7816000000000001,0.0,true
HiddenCover,16384,1000,dispersed,5,1,4024,0,128880,0.7741,0.0,true
HiddenCover,16384,1000,dispersed,5,2,4024,0,128880,0.787,0.0,true
HiddenCover,16384,1000,dispersed,5,3,4024,0,128880,0.7855,0.0,true
HiddenCover,16384,1000,dispersed,5,4,4024,0,128880,1.3290000000000002,0.0,true
HiddenCover,16384,1000,dispersed,5,5,4024,0,128880,1.3493,0.0,true
HiddenCover,16384,1000,dispersed,5,6,4024,0,128880,1.309,0.0,true
HiddenCover,16384,1000,dispersed,5,7,4024,0,128880,1.2979999999999998,0.0,true
HiddenCover,16384,1000,dispersed,5,8,4024,0,128880,1.2407,0.0,true
HiddenCover,16384,1000,dispersed,5,9,4024,0,128880,1.2388,0.0,true
HiddenCover,16384,1000,dispersed,5,10,4024,0,128880,1.0134,0.0,true
HiddenCover,16384,1000,dispersed,5,11,4024,0,128880,0.7896,0.0,true
HiddenCover,16384,1000,dispersed,5,12,4024,0,128880,0.7686999999999999,0.0,true
HiddenCover,16384,1000,dispersed,5,13,4024,0,128880,0.7681,0.0,true
HiddenCover,16384,1000,dispersed,5,14,4024,0,128880,0.7612,0.0,true
HiddenCover,16384,1000,dispersed,5,15,4024,0,128880,0.7583,0.0,true
HiddenCover,16384,1000,dispersed,5,16,4024,0,128880,0.7609,0.0,true
HiddenCover,16384,1000,dispersed,5,17,4024,0,128880,0.7565999999999999,0.0,true
HiddenCover,16384,1000,dispersed,5,18,4024,0,128880,0.7701,0.0,true
HiddenCover,16384,1000,dispersed,5,19,4024,0,128880,0.7672,0.0,true
HiddenCover,16384,1000,dispersed,5,20,4024,0,128880,1.1226999999999998,0.0,true
HiddenCover,16384,1000,dispersed,5,21,4024,0,128880,1.2952000000000001,0.0,true
HiddenCover,16384,1000,dispersed,5,22,4024,0,128880,1.2966,0.0,true
HiddenCover,16384,1000,dispersed,5,23,4024,0,128880,1.3072,0.0,true
HiddenCover,16384,1000,dispersed,5,24,4024,0,128880,1.0312,0.0,true
HiddenCover,16384,1000,dispersed,5,25,4024,0,128880,0.9999,0.0,true
HiddenCover,16384,1000,dispersed,5,26,4024,0,128880,1.237,0.0,true
HiddenCover,16384,1000,dispersed,5,27,4024,0,128880,1.178,0.0,true
HiddenCover,16384,1000,dispersed,5,28,4024,0,128880,0.7877,0.0,true
HiddenCover,16384,1000,dispersed,5,29,4024,0,128880,0.7712,0.0,true
HiddenCover,16384,1000,dispersed,6,0,4024,0,128880,0.7654,0.0,true
HiddenCover,16384,1000,dispersed,6,1,4024,0,128880,0.7598,0.0,true
HiddenCover,16384,1000,dispersed,6,2,4024,0,128880,0.7661,0.0,true
HiddenCover,16384,1000,dispersed,6,3,4024,0,128880,0.762,0.0,true
HiddenCover,16384,1000,dispersed,6,4,4024,0,128880,0.8087,0.0,true
HiddenCover,16384,1000,dispersed,6,5,4024,0,128880,0.7592,0.0,true
HiddenCover,16384,1000,dispersed,6,6,4024,0,128880,0.7617,0.0,true
HiddenCover,16384,1000,dispersed,6,7,4024,0,128880,0.7756,0.0,true
HiddenCover,16384,1000,dispersed,6,8,4024,0,128880,1.2426,0.0,true
HiddenCover,16384,1000,dispersed,6,9,4024,0,128880,1.193,0.0,true
HiddenCover,16384,1000,dispersed,6,10,4024,0,128880,0.7983,0.0,true
HiddenCover,16384,1000,dispersed,6,11,4024,0,128880,0.7707,0.0,true
HiddenCover,16384,1000,dispersed,6,12,4024,0,128880,0.7924,0.0,true
HiddenCover,16384,1000,dispersed,6,13,4024,0,128880,0.7556,0.0,true
HiddenCover,16384,1000,dispersed,6,14,4024,0,128880,0.7674,0.0,true
HiddenCover,16384,1000,dispersed,6,15,4024,0,128880,0.8755,0.0,true
HiddenCover,16384,1000,dispersed,6,16,4024,0,128880,0.8101,0.0,true
HiddenCover,16384,1000,dispersed,6,17,4024,0,128880,0.7596999999999999,0.0,true
HiddenCover,16384,1000,dispersed,6,18,4024,0,128880,0.7607,0.0,true
HiddenCover,16384,1000,dispersed,6,19,4024,0,128880,0.7699999999999999,0.0,true
HiddenCover,16384,1000,dispersed,6,20,4024,0,128880,0.7585,0.0,true
HiddenCover,16384,1000,dispersed,6,21,4024,0,128880,0.7649,0.0,true
HiddenCover,16384,1000,dispersed,6,22,4024,0,128880,0.7792,0.0,true
HiddenCover,16384,1000,dispersed,6,23,4024,0,128880,0.759,0.0,true
HiddenCover,16384,1000,dispersed,6,24,4024,0,128880,0.7542,0.0,true
HiddenCover,16384,1000,dispersed,6,25,4024,0,128880,0.7579,0.0,true
HiddenCover,16384,1000,dispersed,6,26,4024,0,128880,0.7623000000000001,0.0,true
HiddenCover,16384,1000,dispersed,6,27,4024,0,128880,0.7647,0.0,true
HiddenCover,16384,1000,dispersed,6,28,4024,0,128880,1.0614999999999999,0.0,true
HiddenCover,16384,1000,dispersed,6,29,4024,0,128880,1.272,0.0,true
HiddenCover,16384,1000,dispersed,7,0,4024,0,128880,0.7577,0.0,true
HiddenCover,16384,1000,dispersed,7,1,4024,0,128880,0.7628999999999999,0.0,true
HiddenCover,16384,1000,dispersed,7,2,4024,0,128880,0.7573000000000001,0.0,true
HiddenCover,16384,1000,dispersed,7,3,4024,0,128880,0.7607999999999999,0.0,true
HiddenCover,16384,1000,dispersed,7,4,4024,0,128880,0.7995,0.0,true
HiddenCover,16384,1000,dispersed,7,5,4024,0,128880,0.7603,0.0,true
HiddenCover,16384,1000,dispersed,7,6,4024,0,128880,0.7701,0.0,true
HiddenCover,16384,1000,dispersed,7,7,4024,0,128880,0.7636999999999999,0.0,true
HiddenCover,16384,1000,dispersed,7,8,4024,0,128880,0.7603,0.0,true
HiddenCover,16384,1000,dispersed,7,9,4024,0,128880,0.7624,0.0,true
HiddenCover,16384,1000,dispersed,7,10,4024,0,128880,1.0512,0.0,true
HiddenCover,16384,1000,dispersed,7,11,4024,0,128880,1.3588,0.0,true
HiddenCover,16384,1000,dispersed,7,12,4024,0,128880,1.3197,0.0,true
HiddenCover,16384,1000,dispersed,7,13,4024,0,128880,1.3296000000000001,0.0,true
HiddenCover,16384,1000,dispersed,7,14,4024,0,128880,0.805,0.0,true
HiddenCover,16384,1000,dispersed,7,15,4024,0,128880,0.7668,0.0,true
HiddenCover,16384,1000,dispersed,7,16,4024,0,128880,0.762,0.0,true
HiddenCover,16384,1000,dispersed,7,17,4024,0,128880,0.7605,0.0,true
HiddenCover,16384,1000,dispersed,7,18,4024,0,128880,0.7551,0.0,true
HiddenCover,16384,1000,dispersed,7,19,4024,0,128880,0.7514000000000001,0.0,true
HiddenCover,16384,1000,dispersed,7,20,4024,0,128880,0.7635,0.0,true
HiddenCover,16384,1000,dispersed,7,21,4024,0,128880,0.8004,0.0,true
HiddenCover,16384,1000,dispersed,7,22,4024,0,128880,0.7653,0.0,true
HiddenCover,16384,1000,dispersed,7,23,4024,0,128880,0.7544,0.0,true
HiddenCover,16384,1000,dispersed,7,24,4024,0,128880,0.7624,0.0,true
HiddenCover,16384,1000,dispersed,7,25,4024,0,128880,0.7627,0.0,true
HiddenCover,16384,1000,dispersed,7,26,4024,0,128880,0.7607999999999999,0.0,true
HiddenCover,16384,1000,dispersed,7,27,4024,0,128880,0.78,0.0,true
HiddenCover,16384,1000,dispersed,7,28,4024,0,128880,0.7614,0.0,true
HiddenCover,16384,1000,dispersed,7,29,4024,0,128880,1.0026,0.0,true
HiddenCover,16384,1000,dispersed,8,0,4024,0,128880,1.3287,0.0,true
HiddenCover,16384,1000,dispersed,8,1,4024,0,128880,1.3282999999999998,0.0,true
HiddenCover,16384,1000,dispersed,8,2,4024,0,128880,1.3329,0.0,true
HiddenCover,16384,1000,dispersed,8,3,4024,0,128880,1.5455,0.0,true
HiddenCover,16384,1000,dispersed,8,4,4024,0,128880,1.4243000000000001,0.0,true
HiddenCover,16384,1000,dispersed,8,5,4024,0,128880,1.2457,0.0,true
HiddenCover,16384,1000,dispersed,8,6,4024,0,128880,1.1866999999999999,0.0,true
HiddenCover,16384,1000,dispersed,8,7,4024,0,128880,0.7686000000000001,0.0,true
HiddenCover,16384,1000,dispersed,8,8,4024,0,128880,0.7592,0.0,true
HiddenCover,16384,1000,dispersed,8,9,4024,0,128880,0.7604000000000001,0.0,true
HiddenCover,16384,1000,dispersed,8,10,4024,0,128880,0.7665000000000001,0.0,true
HiddenCover,16384,1000,dispersed,8,11,4024,0,128880,0.7588999999999999,0.0,true
HiddenCover,16384,1000,dispersed,8,12,4024,0,128880,0.7559,0.0,true
HiddenCover,16384,1000,dispersed,8,13,4024,0,128880,0.7876,0.0,true
HiddenCover,16384,1000,dispersed,8,14,4024,0,128880,0.7651,0.0,true
HiddenCover,16384,1000,dispersed,8,15,4024,0,128880,0.7665000000000001,0.0,true
HiddenCover,16384,1000,dispersed,8,16,4024,0,128880,0.7621,0.0,true
HiddenCover,16384,1000,dispersed,8,17,4024,0,128880,0.7544,0.0,true
HiddenCover,16384,1000,dispersed,8,18,4024,0,128880,0.7565999999999999,0.0,true
HiddenCover,16384,1000,dispersed,8,19,4024,0,128880,0.7556,0.0,true
HiddenCover,16384,1000,dispersed,8,20,4024,0,128880,0.7551,0.0,true
HiddenCover,16384,1000,dispersed,8,21,4024,0,128880,0.7693,0.0,true
HiddenCover,16384,1000,dispersed,8,22,4024,0,128880,0.8445,0.0,true
HiddenCover,16384,1000,dispersed,8,23,4024,0,128880,1.2216,0.0,true
HiddenCover,16384,1000,dispersed,8,24,4024,0,128880,1.3336999999999999,0.0,true
HiddenCover,16384,1000,dispersed,8,25,4024,0,128880,1.3288,0.0,true
HiddenCover,16384,1000,dispersed,8,26,4024,0,128880,1.3296000000000001,0.0,true
HiddenCover,16384,1000,dispersed,8,27,4024,0,128880,1.3153,0.0,true
HiddenCover,16384,1000,dispersed,8,28,4024,0,128880,1.325,0.0,true
HiddenCover,16384,1000,dispersed,8,29,4024,0,128880,1.3205,0.0,true
HiddenCover,16384,1000,dispersed,9,0,4024,0,128880,0.7869,0.0,true
HiddenCover,16384,1000,dispersed,9,1,4024,0,128880,0.7732,0.0,true
HiddenCover,16384,1000,dispersed,9,2,4024,0,128880,0.7773,0.0,true
HiddenCover,16384,1000,dispersed,9,3,4024,0,128880,0.8267,0.0,true
HiddenCover,16384,1000,dispersed,9,4,4024,0,128880,0.7906000000000001,0.0,true
HiddenCover,16384,1000,dispersed,9,5,4024,0,128880,0.7929999999999999,0.0,true
HiddenCover,16384,1000,dispersed,9,6,4024,0,128880,0.7686999999999999,0.0,true
HiddenCover,16384,1000,dispersed,9,7,4024,0,128880,0.7627,0.0,true
HiddenCover,16384,1000,dispersed,9,8,4024,0,128880,0.7821,0.0,true
HiddenCover,16384,1000,dispersed,9,9,4024,0,128880,0.7626,0.0,true
HiddenCover,16384,1000,dispersed,9,10,4024,0,128880,0.7622,0.0,true
HiddenCover,16384,1000,dispersed,9,11,4024,0,128880,0.7617,0.0,true
HiddenCover,16384,1000,dispersed,9,12,4024,0,128880,0.7564,0.0,true
HiddenCover,16384,1000,dispersed,9,13,4024,0,128880,0.7602000000000001,0.0,true
HiddenCover,16384,1000,dispersed,9,14,4024,0,128880,0.7596999999999999,0.0,true
HiddenCover,16384,1000,dispersed,9,15,4024,0,128880,0.7621,0.0,true
HiddenCover,16384,1000,dispersed,9,16,4024,0,128880,1.1252,0.0,true
HiddenCover,16384,1000,dispersed,9,17,4024,0,128880,1.123,0.0,true
HiddenCover,16384,1000,dispersed,9,18,4024,0,128880,1.3758,0.0,true
HiddenCover,16384,1000,dispersed,9,19,4024,0,128880,0.9155,0.0,true
HiddenCover,16384,1000,dispersed,9,20,4024,0,128880,0.7885,0.0,true
HiddenCover,16384,1000,dispersed,9,21,4024,0,128880,0.7759,0.0,true
HiddenCover,16384,1000,dispersed,9,22,4024,0,128880,0.7998999999999999,0.0,true
HiddenCover,16384,1000,dispersed,9,23,4024,0,128880,0.7657999999999999,0.0,true
HiddenCover,16384,1000,dispersed,9,24,4024,0,128880,0.7662,0.0,true
HiddenCover,16384,1000,dispersed,9,25,4024,0,128880,0.7816000000000001,0.0,true
HiddenCover,16384,1000,dispersed,9,26,4024,0,128880,0.7912,0.0,true
HiddenCover,16384,1000,dispersed,9,27,4024,0,128880,0.7825,0.0,true
HiddenCover,16384,1000,dispersed,9,28,4024,0,128880,0.7623000000000001,0.0,true
HiddenCover,16384,1000,dispersed,9,29,4024,0,128880,0.7663,0.0,true
HiddenCover,16384,1000,dispersed,10,0,4024,0,128880,1.3264,0.0,true
HiddenCover,16384,1000,dispersed,10,1,4024,0,128880,1.3136999999999999,0.0,true
HiddenCover,16384,1000,dispersed,10,2,4024,0,128880,1.3148000000000002,0.0,true
HiddenCover,16384,1000,dispersed,10,3,4024,0,128880,1.3182999999999998,0.0,true
HiddenCover,16384,1000,dispersed,10,4,4024,0,128880,1.3125,0.0,true
HiddenCover,16384,1000,dispersed,10,5,4024,0,128880,1.307,0.0,true
HiddenCover,16384,1000,dispersed,10,6,4024,0,128880,1.2869,0.0,true
HiddenCover,16384,1000,dispersed,10,7,4024,0,128880,1.2771,0.0,true
HiddenCover,16384,1000,dispersed,10,8,4024,0,128880,1.2937,0.0,true
HiddenCover,16384,1000,dispersed,10,9,4024,0,128880,0.7659,0.0,true
HiddenCover,16384,1000,dispersed,10,10,4024,0,128880,0.763,0.0,true
HiddenCover,16384,1000,dispersed,10,11,4024,0,128880,0.7543,0.0,true
HiddenCover,16384,1000,dispersed,10,12,4024,0,128880,0.7652,0.0,true
HiddenCover,16384,1000,dispersed,10,13,4024,0,128880,0.7747,0.0,true
HiddenCover,16384,1000,dispersed,10,14,4024,0,128880,1.1516,0.0,true
HiddenCover,16384,1000,dispersed,10,15,4024,0,128880,1.3525,0.0,true
HiddenCover,16384,1000,dispersed,10,16,4024,0,128880,1.3239,0.0,true
HiddenCover,16384,1000,dispersed,10,17,4024,0,128880,1.3282,0.0,true
HiddenCover,16384,1000,dispersed,10,18,4024,0,128880,1.3353,0.0,true
HiddenCover,16384,1000,dispersed,10,19,4024,0,128880,1.1715,0.0,true
HiddenCover,16384,1000,dispersed,10,20,4024,0,128880,0.7725,0.0,true
HiddenCover,16384,1000,dispersed,10,21,4024,0,128880,0.7575999999999999,0.0,true
HiddenCover,16384,1000,dispersed,10,22,4024,0,128880,0.7596,0.0,true
HiddenCover,16384,1000,dispersed,10,23,4024,0,128880,0.7635,0.0,true
HiddenCover,16384,1000,dispersed,10,24,4024,0,128880,0.7558,0.0,true
HiddenCover,16384,1000,dispersed,10,25,4024,0,128880,1.2003000000000001,0.0,true
HiddenCover,16384,1000,dispersed,10,26,4024,0,128880,1.3338,0.0,true
HiddenCover,16384,1000,dispersed,10,27,4024,0,128880,1.3286,0.0,true
HiddenCover,16384,1000,dispersed,10,28,4024,0,128880,1.3457000000000001,0.0,true
HiddenCover,16384,1000,dispersed,10,29,4024,0,128880,1.3093,0.0,true
HiddenCover,16384,1000,dispersed,11,0,4024,0,128880,0.7512000000000001,0.0,true
HiddenCover,16384,1000,dispersed,11,1,4024,0,128880,0.756,0.0,true
HiddenCover,16384,1000,dispersed,11,2,4024,0,128880,0.7672,0.0,true
HiddenCover,16384,1000,dispersed,11,3,4024,0,128880,0.8455,0.0,true
HiddenCover,16384,1000,dispersed,11,4,4024,0,128880,0.7593,0.0,true
HiddenCover,16384,1000,dispersed,11,5,4024,0,128880,0.7578,0.0,true
HiddenCover,16384,1000,dispersed,11,6,4024,0,128880,0.7768999999999999,0.0,true
HiddenCover,16384,1000,dispersed,11,7,4024,0,128880,0.78,0.0,true
HiddenCover,16384,1000,dispersed,11,8,4024,0,128880,0.7641,0.0,true
HiddenCover,16384,1000,dispersed,11,9,4024,0,128880,0.7715000000000001,0.0,true
HiddenCover,16384,1000,dispersed,11,10,4024,0,128880,0.7575999999999999,0.0,true
HiddenCover,16384,1000,dispersed,11,11,4024,0,128880,0.8989999999999999,0.0,true
HiddenCover,16384,1000,dispersed,11,12,4024,0,128880,1.4124,0.0,true
HiddenCover,16384,1000,dispersed,11,13,4024,0,128880,1.3500999999999999,0.0,true
HiddenCover,16384,1000,dispersed,11,14,4024,0,128880,1.3216,0.0,true
HiddenCover,16384,1000,dispersed,11,15,4024,0,128880,1.3314,0.0,true
HiddenCover,16384,1000,dispersed,11,16,4024,0,128880,1.3335000000000001,0.0,true
HiddenCover,16384,1000,dispersed,11,17,4024,0,128880,1.3425,0.0,true
HiddenCover,16384,1000,dispersed,11,18,4024,0,128880,1.0369000000000002,0.0,true
HiddenCover,16384,1000,dispersed,11,19,4024,0,128880,0.7628,0.0,true
HiddenCover,16384,1000,dispersed,11,20,4024,0,128880,0.766,0.0,true
HiddenCover,16384,1000,dispersed,11,21,4024,0,128880,0.7601,0.0,true
HiddenCover,16384,1000,dispersed,11,22,4024,0,128880,0.7716,0.0,true
HiddenCover,16384,1000,dispersed,11,23,4024,0,128880,0.7948000000000001,0.0,true
HiddenCover,16384,1000,dispersed,11,24,4024,0,128880,0.758,0.0,true
HiddenCover,16384,1000,dispersed,11,25,4024,0,128880,0.7579,0.0,true
HiddenCover,16384,1000,dispersed,11,26,4024,0,128880,0.7681,0.0,true
HiddenCover,16384,1000,dispersed,11,27,4024,0,128880,0.7572,0.0,true
HiddenCover,16384,1000,dispersed,11,28,4024,0,128880,0.9878,0.0,true
HiddenCover,16384,1000,dispersed,11,29,4024,0,128880,1.1679,0.0,true
HiddenCover,16384,1000,dispersed,12,0,4024,0,128880,0.7695,0.0,true
HiddenCover,16384,1000,dispersed,12,1,4024,0,128880,0.759,0.0,true
HiddenCover,16384,1000,dispersed,12,2,4024,0,128880,0.7674,0.0,true
HiddenCover,16384,1000,dispersed,12,3,4024,0,128880,0.7639,0.0,true
HiddenCover,16384,1000,dispersed,12,4,4024,0,128880,0.7546,0.0,true
HiddenCover,16384,1000,dispersed,12,5,4024,0,128880,0.7644000000000001,0.0,true
HiddenCover,16384,1000,dispersed,12,6,4024,0,128880,0.7596999999999999,0.0,true
HiddenCover,16384,1000,dispersed,12,7,4024,0,128880,0.7582,0.0,true
HiddenCover,16384,1000,dispersed,12,8,4024,0,128880,0.7738,0.0,true
HiddenCover,16384,1000,dispersed,12,9,4024,0,128880,0.7707,0.0,true
HiddenCover,16384,1000,dispersed,12,10,4024,0,128880,1.0717,0.0,true
HiddenCover,16384,1000,dispersed,12,11,4024,0,128880,1.1958,0.0,true
HiddenCover,16384,1000,dispersed,12,12,4024,0,128880,1.1726,0.0,true
HiddenCover,16384,1000,dispersed,12,13,4024,0,128880,1.3378999999999999,0.0,true
HiddenCover,16384,1000,dispersed,12,14,4024,0,128880,1.267,0.0,true
HiddenCover,16384,1000,dispersed,12,15,4024,0,128880,0.7982,0.0,true
HiddenCover,16384,1000,dispersed,12,16,4024,0,128880,0.7879,0.0,true
HiddenCover,16384,1000,dispersed,12,17,4024,0,128880,0.8013,0.0,true
HiddenCover,16384,1000,dispersed,12,18,4024,0,128880,0.7549,0.0,true
HiddenCover,16384,1000,dispersed,12,19,4024,0,128880,0.7621,0.0,true
HiddenCover,16384,1000,dispersed,12,20,4024,0,128880,0.7565000000000001,0.0,true
HiddenCover,16384,1000,dispersed,12,21,4024,0,128880,0.7604000000000001,0.0,true
HiddenCover,16384,1000,dispersed,12,22,4024,0,128880,0.7699,0.0,true
HiddenCover,16384,1000,dispersed,12,23,4024,0,128880,0.7656,0.0,true
HiddenCover,16384,1000,dispersed,12,24,4024,0,128880,0.7577,0.0,true
HiddenCover,16384,1000,dispersed,12,25,4024,0,128880,0.7656,0.0,true
HiddenCover,16384,1000,dispersed,12,26,4024,0,128880,0.7594000000000001,0.0,true
HiddenCover,16384,1000,dispersed,12,27,4024,0,128880,0.7633,0.0,true
HiddenCover,16384,1000,dispersed,12,28,4024,0,128880,0.76,0.0,true
HiddenCover,16384,1000,dispersed,12,29,4024,0,128880,1.1336,0.0,true
HiddenCover,16384,1000,dispersed,13,0,4024,0,128880,0.7667,0.0,true
HiddenCover,16384,1000,dispersed,13,1,4024,0,128880,0.7666,0.0,true
HiddenCover,16384,1000,dispersed,13,2,4024,0,128880,0.7703,0.0,true
HiddenCover,16384,1000,dispersed,13,3,4024,0,128880,0.7652,0.0,true
HiddenCover,16384,1000,dispersed,13,4,4024,0,128880,0.7661,0.0,true
HiddenCover,16384,1000,dispersed,13,5,4024,0,128880,0.7624,0.0,true
HiddenCover,16384,1000,dispersed,13,6,4024,0,128880,0.7615000000000001,0.0,true
HiddenCover,16384,1000,dispersed,13,7,4024,0,128880,0.8019000000000001,0.0,true
HiddenCover,16384,1000,dispersed,13,8,4024,0,128880,0.7605,0.0,true
HiddenCover,16384,1000,dispersed,13,9,4024,0,128880,0.7567,0.0,true
HiddenCover,16384,1000,dispersed,13,10,4024,0,128880,0.7596999999999999,0.0,true
HiddenCover,16384,1000,dispersed,13,11,4024,0,128880,0.7585,0.0,true
HiddenCover,16384,1000,dispersed,13,12,4024,0,128880,1.4022999999999999,0.0,true
HiddenCover,16384,1000,dispersed,13,13,4024,0,128880,0.834,0.0,true
HiddenCover,16384,1000,dispersed,13,14,4024,0,128880,0.7932,0.0,true
HiddenCover,16384,1000,dispersed,13,15,4024,0,128880,0.7844,0.0,true
HiddenCover,16384,1000,dispersed,13,16,4024,0,128880,0.7691,0.0,true
HiddenCover,16384,1000,dispersed,13,17,4024,0,128880,0.8875000000000001,0.0,true
HiddenCover,16384,1000,dispersed,13,18,4024,0,128880,0.8170000000000001,0.0,true
HiddenCover,16384,1000,dispersed,13,19,4024,0,128880,0.7577,0.0,true
HiddenCover,16384,1000,dispersed,13,20,4024,0,128880,0.7739,0.0,true
HiddenCover,16384,1000,dispersed,13,21,4024,0,128880,0.7582,0.0,true
HiddenCover,16384,1000,dispersed,13,22,4024,0,128880,0.7564,0.0,true
HiddenCover,16384,1000,dispersed,13,23,4024,0,128880,0.7541,0.0,true
HiddenCover,16384,1000,dispersed,13,24,4024,0,128880,0.8237,0.0,true
HiddenCover,16384,1000,dispersed,13,25,4024,0,128880,0.7626,0.0,true
HiddenCover,16384,1000,dispersed,13,26,4024,0,128880,0.7755000000000001,0.0,true
HiddenCover,16384,1000,dispersed,13,27,4024,0,128880,0.7611,0.0,true
HiddenCover,16384,1000,dispersed,13,28,4024,0,128880,0.7607,0.0,true
HiddenCover,16384,1000,dispersed,13,29,4024,0,128880,0.7617,0.0,true
HiddenCover,16384,1000,dispersed,14,0,4024,0,128880,0.7749,0.0,true
HiddenCover,16384,1000,dispersed,14,1,4024,0,128880,0.7752,0.0,true
HiddenCover,16384,1000,dispersed,14,2,4024,0,128880,0.7546,0.0,true
HiddenCover,16384,1000,dispersed,14,3,4024,0,128880,0.757,0.0,true
HiddenCover,16384,1000,dispersed,14,4,4024,0,128880,0.7598,0.0,true
HiddenCover,16384,1000,dispersed,14,5,4024,0,128880,0.7649999999999999,0.0,true
HiddenCover,16384,1000,dispersed,14,6,4024,0,128880,0.7577,0.0,true
HiddenCover,16384,1000,dispersed,14,7,4024,0,128880,0.7716,0.0,true
HiddenCover,16384,1000,dispersed,14,8,4024,0,128880,0.764,0.0,true
HiddenCover,16384,1000,dispersed,14,9,4024,0,128880,0.7627,0.0,true
HiddenCover,16384,1000,dispersed,14,10,4024,0,128880,0.7681,0.0,true
HiddenCover,16384,1000,dispersed,14,11,4024,0,128880,0.7645,0.0,true
HiddenCover,16384,1000,dispersed,14,12,4024,0,128880,0.7614,0.0,true
HiddenCover,16384,1000,dispersed,14,13,4024,0,128880,0.781,0.0,true
HiddenCover,16384,1000,dispersed,14,14,4024,0,128880,0.9058999999999999,0.0,true
HiddenCover,16384,1000,dispersed,14,15,4024,0,128880,1.4536,0.0,true
HiddenCover,16384,1000,dispersed,14,16,4024,0,128880,1.0953,0.0,true
HiddenCover,16384,1000,dispersed,14,17,4024,0,128880,0.7585,0.0,true
HiddenCover,16384,1000,dispersed,14,18,4024,0,128880,0.9642999999999999,0.0,true
HiddenCover,16384,1000,dispersed,14,19,4024,0,128880,0.8114,0.0,true
HiddenCover,16384,1000,dispersed,14,20,4024,0,128880,0.7643,0.0,true
HiddenCover,16384,1000,dispersed,14,21,4024,0,128880,0.7692,0.0,true
HiddenCover,16384,1000,dispersed,14,22,4024,0,128880,0.7615000000000001,0.0,true
HiddenCover,16384,1000,dispersed,14,23,4024,0,128880,0.7676999999999999,0.0,true
HiddenCover,16384,1000,dispersed,14,24,4024,0,128880,0.7604000000000001,0.0,true
HiddenCover,16384,1000,dispersed,14,25,4024,0,128880,0.7584,0.0,true
HiddenCover,16384,1000,dispersed,14,26,4024,0,128880,0.7575000000000001,0.0,true
HiddenCover,16384,1000,dispersed,14,27,4024,0,128880,0.7581,0.0,true
HiddenCover,16384,1000,dispersed,14,28,4024,0,128880,0.7586999999999999,0.0,true
HiddenCover,16384,1000,dispersed,14,29,4024,0,128880,0.7567999999999999,0.0,true
HiddenCover,16384,1000,dispersed,15,0,4024,0,128880,1.3602,0.0,true
HiddenCover,16384,1000,dispersed,15,1,4024,0,128880,1.3201,0.0,true
HiddenCover,16384,1000,dispersed,15,2,4024,0,128880,1.3025,0.0,true
HiddenCover,16384,1000,dispersed,15,3,4024,0,128880,1.3053,0.0,true
HiddenCover,16384,1000,dispersed,15,4,4024,0,128880,1.3131,0.0,true
HiddenCover,16384,1000,dispersed,15,5,4024,0,128880,1.3282999999999998,0.0,true
HiddenCover,16384,1000,dispersed,15,6,4024,0,128880,1.3024,0.0,true
HiddenCover,16384,1000,dispersed,15,7,4024,0,128880,1.2991000000000001,0.0,true
HiddenCover,16384,1000,dispersed,15,8,4024,0,128880,1.3320999999999998,0.0,true
HiddenCover,16384,1000,dispersed,15,9,4024,0,128880,1.2863,0.0,true
HiddenCover,16384,1000,dispersed,15,10,4024,0,128880,1.3198999999999999,0.0,true
HiddenCover,16384,1000,dispersed,15,11,4024,0,128880,1.1172,0.0,true
HiddenCover,16384,1000,dispersed,15,12,4024,0,128880,0.8515,0.0,true
HiddenCover,16384,1000,dispersed,15,13,4024,0,128880,0.7642,0.0,true
HiddenCover,16384,1000,dispersed,15,14,4024,0,128880,0.7617,0.0,true
HiddenCover,16384,1000,dispersed,15,15,4024,0,128880,0.7703,0.0,true
HiddenCover,16384,1000,dispersed,15,16,4024,0,128880,0.7596,0.0,true
HiddenCover,16384,1000,dispersed,15,17,4024,0,128880,0.7641,0.0,true
HiddenCover,16384,1000,dispersed,15,18,4024,0,128880,0.7721,0.0,true
HiddenCover,16384,1000,dispersed,15,19,4024,0,128880,0.7648,0.0,true
HiddenCover,16384,1000,dispersed,15,20,4024,0,128880,0.7622,0.0,true
HiddenCover,16384,1000,dispersed,15,21,4024,0,128880,0.7661,0.0,true
HiddenCover,16384,1000,dispersed,15,22,4024,0,128880,0.7676999999999999,0.0,true
HiddenCover,16384,1000,dispersed,15,23,4024,0,128880,0.7607,0.0,true
HiddenCover,16384,1000,dispersed,15,24,4024,0,128880,0.7747,0.0,true
HiddenCover,16384,1000,dispersed,15,25,4024,0,128880,0.8019000000000001,0.0,true
HiddenCover,16384,1000,dispersed,15,26,4024,0,128880,0.7618,0.0,true
HiddenCover,16384,1000,dispersed,15,27,4024,0,128880,0.7627,0.0,true
HiddenCover,16384,1000,dispersed,15,28,4024,0,128880,0.7739999999999999,0.0,true
HiddenCover,16384,1000,dispersed,15,29,4024,0,128880,1.2290999999999999,0.0,true
HiddenCover,16384,1000,dispersed,16,0,4024,0,128880,0.7975,0.0,true
HiddenCover,16384,1000,dispersed,16,1,4024,0,128880,0.7767,0.0,true
HiddenCover,16384,1000,dispersed,16,2,4024,0,128880,0.7669,0.0,true
HiddenCover,16384,1000,dispersed,16,3,4024,0,128880,0.7664,0.0,true
HiddenCover,16384,1000,dispersed,16,4,4024,0,128880,0.7622,0.0,true
HiddenCover,16384,1000,dispersed,16,5,4024,0,128880,0.7648,0.0,true
HiddenCover,16384,1000,dispersed,16,6,4024,0,128880,0.7642,0.0,true
HiddenCover,16384,1000,dispersed,16,7,4024,0,128880,0.7847000000000001,0.0,true
HiddenCover,16384,1000,dispersed,16,8,4024,0,128880,0.7739999999999999,0.0,true
HiddenCover,16384,1000,dispersed,16,9,4024,0,128880,0.7624,0.0,true
HiddenCover,16384,1000,dispersed,16,10,4024,0,128880,0.7707999999999999,0.0,true
HiddenCover,16384,1000,dispersed,16,11,4024,0,128880,0.9214,0.0,true
HiddenCover,16384,1000,dispersed,16,12,4024,0,128880,1.1574,0.0,true
HiddenCover,16384,1000,dispersed,16,13,4024,0,128880,0.8227,0.0,true
HiddenCover,16384,1000,dispersed,16,14,4024,0,128880,0.7829,0.0,true
HiddenCover,16384,1000,dispersed,16,15,4024,0,128880,0.7789,0.0,true
HiddenCover,16384,1000,dispersed,16,16,4024,0,128880,0.7649999999999999,0.0,true
HiddenCover,16384,1000,dispersed,16,17,4024,0,128880,0.8424,0.0,true
HiddenCover,16384,1000,dispersed,16,18,4024,0,128880,0.7689,0.0,true
HiddenCover,16384,1000,dispersed,16,19,4024,0,128880,0.7683,0.0,true
HiddenCover,16384,1000,dispersed,16,20,4024,0,128880,0.7593,0.0,true
HiddenCover,16384,1000,dispersed,16,21,4024,0,128880,0.7653,0.0,true
HiddenCover,16384,1000,dispersed,16,22,4024,0,128880,0.7644000000000001,0.0,true
HiddenCover,16384,1000,dispersed,16,23,4024,0,128880,0.7584,0.0,true
HiddenCover,16384,1000,dispersed,16,24,4024,0,128880,0.7699,0.0,true
HiddenCover,16384,1000,dispersed,16,25,4024,0,128880,0.7626,0.0,true
HiddenCover,16384,1000,dispersed,16,26,4024,0,128880,0.7649999999999999,0.0,true
HiddenCover,16384,1000,dispersed,16,27,4024,0,128880,0.7623000000000001,0.0,true
HiddenCover,16384,1000,dispersed,16,28,4024,0,128880,0.7552,0.0,true
HiddenCover,16384,1000,dispersed,16,29,4024,0,128880,0.7789,0.0,true
HiddenCover,16384,1000,dispersed,17,0,4024,0,128880,1.3362999999999998,0.0,true
HiddenCover,16384,1000,dispersed,17,1,4024,0,128880,1.3356999999999999,0.0,true
HiddenCover,16384,1000,dispersed,17,2,4024,0,128880,1.3370000000000002,0.0,true
HiddenCover,16384,1000,dispersed,17,3,4024,0,128880,1.3291,0.0,true
HiddenCover,16384,1000,dispersed,17,4,4024,0,128880,1.3508,0.0,true
HiddenCover,16384,1000,dispersed,17,5,4024,0,128880,0.8784,0.0,true
HiddenCover,16384,1000,dispersed,17,6,4024,0,128880,0.7574,0.0,true
HiddenCover,16384,1000,dispersed,17,7,4024,0,128880,0.8765999999999999,0.0,true
HiddenCover,16384,1000,dispersed,17,8,4024,0,128880,1.4595,0.0,true
HiddenCover,16384,1000,dispersed,17,9,4024,0,128880,1.3439,0.0,true
HiddenCover,16384,1000,dispersed,17,10,4024,0,128880,1.3298999999999999,0.0,true
HiddenCover,16384,1000,dispersed,17,11,4024,0,128880,1.3341,0.0,true
HiddenCover,16384,1000,dispersed,17,12,4024,0,128880,1.3445,0.0,true
HiddenCover,16384,1000,dispersed,17,13,4024,0,128880,1.3313000000000001,0.0,true
HiddenCover,16384,1000,dispersed,17,14,4024,0,128880,1.3362,0.0,true
HiddenCover,16384,1000,dispersed,17,15,4024,0,128880,1.3345,0.0,true
HiddenCover,16384,1000,dispersed,17,16,4024,0,128880,1.3342,0.0,true
HiddenCover,16384,1000,dispersed,17,17,4024,0,128880,1.0352000000000001,0.0,true
HiddenCover,16384,1000,dispersed,17,18,4024,0,128880,0.7622,0.0,true
HiddenCover,16384,1000,dispersed,17,19,4024,0,128880,0.762,0.0,true
HiddenCover,16384,1000,dispersed,17,20,4024,0,128880,0.7567,0.0,true
HiddenCover,16384,1000,dispersed,17,21,4024,0,128880,0.7924,0.0,true
HiddenCover,16384,1000,dispersed,17,22,4024,0,128880,1.3165,0.0,true
HiddenCover,16384,1000,dispersed,17,23,4024,0,128880,1.222,0.0,true
HiddenCover,16384,1000,dispersed,17,24,4024,0,128880,0.766,0.0,true
HiddenCover,16384,1000,dispersed,17,25,4024,0,128880,0.7818999999999999,0.0,true
HiddenCover,16384,1000,dispersed,17,26,4024,0,128880,0.7986,0.0,true
HiddenCover,16384,1000,dispersed,17,27,4024,0,128880,0.7795000000000001,0.0,true
HiddenCover,16384,1000,dispersed,17,28,4024,0,128880,0.7839,0.0,true
HiddenCover,16384,1000,dispersed,17,29,4024,0,128880,0.7554000000000001,0.0,true
HiddenCover,16384,1000,dispersed,18,0,4024,0,128880,0.7574,0.0,true
HiddenCover,16384,1000,dispersed,18,1,4024,0,128880,0.79,0.0,true
HiddenCover,16384,1000,dispersed,18,2,4024,0,128880,0.7691,0.0,true
HiddenCover,16384,1000,dispersed,18,3,4024,0,128880,0.7635,0.0,true
HiddenCover,16384,1000,dispersed,18,4,4024,0,128880,1.0877000000000001,0.0,true
HiddenCover,16384,1000,dispersed,18,5,4024,0,128880,1.3372,0.0,true
HiddenCover,16384,1000,dispersed,18,6,4024,0,128880,1.3716,0.0,true
HiddenCover,16384,1000,dispersed,18,7,4024,0,128880,0.8049,0.0,true
HiddenCover,16384,1000,dispersed,18,8,4024,0,128880,0.7628999999999999,0.0,true
HiddenCover,16384,1000,dispersed,18,9,4024,0,128880,0.7529,0.0,true
HiddenCover,16384,1000,dispersed,18,10,4024,0,128880,0.7602000000000001,0.0,true
HiddenCover,16384,1000,dispersed,18,11,4024,0,128880,0.7554000000000001,0.0,true
HiddenCover,16384,1000,dispersed,18,12,4024,0,128880,0.7537,0.0,true
HiddenCover,16384,1000,dispersed,18,13,4024,0,128880,0.7633,0.0,true
HiddenCover,16384,1000,dispersed,18,14,4024,0,128880,0.7545,0.0,true
HiddenCover,16384,1000,dispersed,18,15,4024,0,128880,0.7575000000000001,0.0,true
HiddenCover,16384,1000,dispersed,18,16,4024,0,128880,0.7549,0.0,true
HiddenCover,16384,1000,dispersed,18,17,4024,0,128880,0.9763000000000001,0.0,true
HiddenCover,16384,1000,dispersed,18,18,4024,0,128880,0.823,0.0,true
HiddenCover,16384,1000,dispersed,18,19,4024,0,128880,0.7619,0.0,true
HiddenCover,16384,1000,dispersed,18,20,4024,0,128880,0.7586,0.0,true
HiddenCover,16384,1000,dispersed,18,21,4024,0,128880,0.7586,0.0,true
HiddenCover,16384,1000,dispersed,18,22,4024,0,128880,0.7596999999999999,0.0,true
HiddenCover,16384,1000,dispersed,18,23,4024,0,128880,0.9345,0.0,true
HiddenCover,16384,1000,dispersed,18,24,4024,0,128880,1.2657,0.0,true
HiddenCover,16384,1000,dispersed,18,25,4024,0,128880,1.0281,0.0,true
HiddenCover,16384,1000,dispersed,18,26,4024,0,128880,0.8277,0.0,true
HiddenCover,16384,1000,dispersed,18,27,4024,0,128880,0.7676999999999999,0.0,true
HiddenCover,16384,1000,dispersed,18,28,4024,0,128880,0.7724,0.0,true
HiddenCover,16384,1000,dispersed,18,29,4024,0,128880,0.7776000000000001,0.0,true
HiddenCover,16384,1000,dispersed,19,0,4024,0,128880,0.7724,0.0,true
HiddenCover,16384,1000,dispersed,19,1,4024,0,128880,0.7621,0.0,true
HiddenCover,16384,1000,dispersed,19,2,4024,0,128880,0.7657999999999999,0.0,true
HiddenCover,16384,1000,dispersed,19,3,4024,0,128880,0.7842,0.0,true
HiddenCover,16384,1000,dispersed,19,4,4024,0,128880,0.767,0.0,true
HiddenCover,16384,1000,dispersed,19,5,4024,0,128880,0.7722,0.0,true
HiddenCover,16384,1000,dispersed,19,6,4024,0,128880,1.3037999999999998,0.0,true
HiddenCover,16384,1000,dispersed,19,7,4024,0,128880,0.8009000000000001,0.0,true
HiddenCover,16384,1000,dispersed,19,8,4024,0,128880,0.7836,0.0,true
HiddenCover,16384,1000,dispersed,19,9,4024,0,128880,0.8489,0.0,true
HiddenCover,16384,1000,dispersed,19,10,4024,0,128880,0.8097,0.0,true
HiddenCover,16384,1000,dispersed,19,11,4024,0,128880,0.7795000000000001,0.0,true
HiddenCover,16384,1000,dispersed,19,12,4024,0,128880,0.7601,0.0,true
HiddenCover,16384,1000,dispersed,19,13,4024,0,128880,0.7659,0.0,true
HiddenCover,16384,1000,dispersed,19,14,4024,0,128880,0.7771,0.0,true
HiddenCover,16384,1000,dispersed,19,15,4024,0,128880,0.7671,0.0,true
HiddenCover,16384,1000,dispersed,19,16,4024,0,128880,0.7645,0.0,true
HiddenCover,16384,1000,dispersed,19,17,4024,0,128880,0.7638,0.0,true
HiddenCover,16384,1000,dispersed,19,18,4024,0,128880,0.8305,0.0,true
HiddenCover,16384,1000,dispersed,19,19,4024,0,128880,0.7879,0.0,true
HiddenCover,16384,1000,dispersed,19,20,4024,0,128880,0.7611,0.0,true
HiddenCover,16384,1000,dispersed,19,21,4024,0,128880,0.7787999999999999,0.0,true
HiddenCover,16384,1000,dispersed,19,22,4024,0,128880,0.7582,0.0,true
HiddenCover,16384,1000,dispersed,19,23,4024,0,128880,0.7567,0.0,true
HiddenCover,16384,1000,dispersed,19,24,4024,0,128880,0.7818999999999999,0.0,true
HiddenCover,16384,1000,dispersed,19,25,4024,0,128880,0.7703,0.0,true
HiddenCover,16384,1000,dispersed,19,26,4024,0,128880,0.9806000000000001,0.0,true
HiddenCover,16384,1000,dispersed,19,27,4024,0,128880,1.0457999999999998,0.0,true
HiddenCover,16384,1000,dispersed,19,28,4024,0,128880,0.7844,0.0,true
HiddenCover,16384,1000,dispersed,19,29,4024,0,128880,0.7885,0.0,true
HiddenCover,16384,3000,clustered,0,0,16,0,624,0.0331,0.0,true
HiddenCover,16384,3000,clustered,0,1,16,0,624,0.0327,0.0,true
HiddenCover,16384,3000,clustered,0,2,16,0,624,0.0327,0.0,true
HiddenCover,16384,3000,clustered,0,3,16,0,624,0.0327,0.0,true
HiddenCover,16384,3000,clustered,0,4,16,0,624,0.0327,0.0,true
HiddenCover,16384,3000,clustered,0,5,16,0,624,0.0331,0.0,true
HiddenCover,16384,3000,clustered,0,6,16,0,624,0.032799999999999996,0.0,true
HiddenCover,16384,3000,clustered,0,7,16,0,624,0.0327,0.0,true
HiddenCover,16384,3000,clustered,0,8,16,0,624,0.0339,0.0,true
HiddenCover,16384,3000,clustered,0,9,16,0,624,0.032799999999999996,0.0,true
HiddenCover,16384,3000,clustered,0,10,16,0,624,0.033,0.0,true
HiddenCover,16384,3000,clustered,0,11,16,0,624,0.0327,0.0,true
HiddenCover,16384,3000,clustered,0,12,16,0,624,0.0329,0.0,true
HiddenCover,16384,3000,clustered,0,13,16,0,624,0.0327,0.0,true
HiddenCover,16384,3000,clustered,0,14,16,0,624,0.0326,0.0,true
HiddenCover,16384,3000,clustered,0,15,16,0,624,0.0329,0.0,true
HiddenCover,16384,3000,clustered,0,16,16,0,624,0.032499999999999994,0.0,true
HiddenCover,16384,3000,clustered,0,17,16,0,624,0.032499999999999994,0.0,true
HiddenCover,16384,3000,clustered,0,18,16,0,624,0.0326,0.0,true
HiddenCover,16384,3000,clustered,0,19,16,0,624,0.0326,0.0,true
HiddenCover,16384,3000,clustered,0,20,16,0,624,0.0329,0.0,true
HiddenCover,16384,3000,clustered,0,21,16,0,624,0.0326,0.0,true
HiddenCover,16384,3000,clustered,0,22,16,0,624,0.0327,0.0,true
HiddenCover,16384,3000,clustered,0,23,16,0,624,0.032499999999999994,0.0,true
HiddenCover,16384,3000,clustered,0,24,16,0,624,0.0327,0.0,true
HiddenCover,16384,3000,clustered,0,25,16,0,624,0.033,0.0,true
HiddenCover,16384,3000,clustered,0,26,16,0,624,0.0326,0.0,true
HiddenCover,16384,3000,clustered,0,27,16,0,624,0.0327,0.0,true
HiddenCover,16384,3000,clustered,0,28,16,0,624,0.0327,0.0,true
HiddenCover,16384,3000,clustered,0,29,16,0,624,0.0326,0.0,true
HiddenCover,16384,3000,clustered,1,0,15,0,592,0.0323,0.0,true
HiddenCover,16384,3000,clustered,1,1,15,0,592,0.032499999999999994,0.0,true
HiddenCover,16384,3000,clustered,1,2,15,0,592,0.0326,0.0,true
HiddenCover,16384,3000,clustered,1,3,15,0,592,0.0324,0.0,true
HiddenCover,16384,3000,clustered,1,4,15,0,592,0.0327,0.0,true
HiddenCover,16384,3000,clustered,1,5,15,0,592,0.0324,0.0,true
HiddenCover,16384,3000,clustered,1,6,15,0,592,0.0323,0.0,true
HiddenCover,16384,3000,clustered,1,7,15,0,592,0.0334,0.0,true
HiddenCover,16384,3000,clustered,1,8,15,0,592,0.032499999999999994,0.0,true
HiddenCover,16384,3000,clustered,1,9,15,0,592,0.0327,0.0,true
HiddenCover,16384,3000,clustered,1,10,15,0,592,0.0322,0.0,true
HiddenCover,16384,3000,clustered,1,11,15,0,592,0.0323,0.0,true
HiddenCover,16384,3000,clustered,1,12,15,0,592,0.0322,0.0,true
HiddenCover,16384,3000,clustered,1,13,15,0,592,0.0323,0.0,true
HiddenCover,16384,3000,clustered,1,14,15,0,592,0.0326,0.0,true
HiddenCover,16384,3000,clustered,1,15,15,0,592,0.0329,0.0,true
HiddenCover,16384,3000,clustered,1,16,15,0,592,0.032499999999999994,0.0,true
HiddenCover,16384,3000,clustered,1,17,15,0,592,0.0322,0.0,true
HiddenCover,16384,3000,clustered,1,18,15,0,592,0.0322,0.0,true
HiddenCover,16384,3000,clustered,1,19,15,0,592,0.0329,0.0,true
HiddenCover,16384,3000,clustered,1,20,15,0,592,0.0346,0.0,true
HiddenCover,16384,3000,clustered,1,21,15,0,592,0.032799999999999996,0.0,true
HiddenCover,16384,3000,clustered,1,22,15,0,592,0.0324,0.0,true
HiddenCover,16384,3000,clustered,1,23,15,0,592,0.032499999999999994,0.0,true
HiddenCover,16384,3000,clustered,1,24,15,0,592,0.0323,0.0,true
HiddenCover,16384,3000,clustered,1,25,15,0,592,0.0327,0.0,true
HiddenCover,16384,3000,clustered,1,26,15,0,592,0.0323,0.0,true
HiddenCover,16384,3000,clustered,1,27,15,0,592,0.0323,0.0,true
HiddenCover,16384,3000,clustered,1,28,15,0,592,0.0324,0.0,true
HiddenCover,16384,3000,clustered,1,29,15,0,592,0.0323,0.0,true
HiddenCover,16384,3000,clustered,2,0,14,0,560,0.033800000000000004,0.0,true
HiddenCover,16384,3000,clustered,2,1,14,0,560,0.032499999999999994,0.0,true
HiddenCover,16384,3000,clustered,2,2,14,0,560,0.032499999999999994,0.0,true
HiddenCover,16384,3000,clustered,2,3,14,0,560,0.032499999999999994,0.0,true
HiddenCover,16384,3000,clustered,2,4,14,0,560,0.032499999999999994,0.0,true
HiddenCover,16384,3000,clustered,2,5,14,0,560,0.034,0.0,true
HiddenCover,16384,3000,clustered,2,6,14,0,560,0.032499999999999994,0.0,true
HiddenCover,16384,3000,clustered,2,7,14,0,560,0.032499999999999994,0.0,true
HiddenCover,16384,3000,clustered,2,8,14,0,560,0.0324,0.0,true
HiddenCover,16384,3000,clustered,2,9,14,0,560,0.032499999999999994,0.0,true
HiddenCover,16384,3000,clustered,2,10,14,0,560,0.032799999999999996,0.0,true
HiddenCover,16384,3000,clustered,2,11,14,0,560,0.0324,0.0,true
HiddenCover,16384,3000,clustered,2,12,14,0,560,0.0324,0.0,true
HiddenCover,16384,3000,clustered,2,13,14,0,560,0.0326,0.0,true
HiddenCover,16384,3000,clustered,2,14,14,0,560,0.0326,0.0,true
HiddenCover,16384,3000,clustered,2,15,14,0,560,0.032499999999999994,0.0,true
HiddenCover,16384,3000,clustered,2,16,14,0,560,0.032799999999999996,0.0,true
HiddenCover,16384,3000,clustered,2,17,14,0,560,0.032499999999999994,0.0,true
HiddenCover,16384,3000,clustered,2,18,14,0,560,0.0324,0.0,true
HiddenCover,16384,3000,clustered,2,19,14,0,560,0.0342,0.0,true
HiddenCover,16384,3000,clustered,2,20,14,0,560,0.032499999999999994,0.0,true
HiddenCover,16384,3000,clustered,2,21,14,0,560,0.0326,0.0,true
HiddenCover,16384,3000,clustered,2,22,14,0,560,0.032799999999999996,0.0,true
HiddenCover,16384,3000,clustered,2,23,14,0,560,0.0326,0.0,true
HiddenCover,16384,3000,clustered,2,24,14,0,560,0.0326,0.0,true
HiddenCover,16384,3000,clustered,2,25,14,0,560,0.032499999999999994,0.0,true
HiddenCover,16384,3000,clustered,2,26,14,0,560,0.032499999999999994,0.0,true
HiddenCover,16384,3000,clustered,2,27,14,0,560,0.0329,0.0,true
HiddenCover,16384,3000,clustered,2,28,14,0,560,0.0324,0.0,true
HiddenCover,16384,3000,clustered,2,29,14,0,560,0.032499999999999994,0.0,true
HiddenCover,16384,3000,clustered,3,0,10,0,432,0.0317,0.0,true
HiddenCover,16384,3000,clustered,3,1,10,0,432,0.0317,0.0,true
HiddenCover,16384,3000,clustered,3,2,10,0,432,0.0316,0.0,true
HiddenCover,16384,3000,clustered,3,3,10,0,432,0.0317,0.0,true
HiddenCover,16384,3000,clustered,3,4,10,0,432,0.0317,0.0,true
HiddenCover,16384,3000,clustered,3,5,10,0,432,0.032100000000000004,0.0,true
HiddenCover,16384,3000,clustered,3,6,10,0,432,0.0316,0.0,true
HiddenCover,16384,3000,clustered,3,7,10,0,432,0.0317,0.0,true
HiddenCover,16384,3000,clustered,3,8,10,0,432,0.0318,0.0,true
HiddenCover,16384,3000,clustered,3,9,10,0,432,0.032100000000000004,0.0,true
HiddenCover,16384,3000,clustered,3,10,10,0,432,0.0335,0.0,true
HiddenCover,16384,3000,clustered,3,11,10,0,432,0.0316,0.0,true
HiddenCover,16384,3000,clustered,3,12,10,0,432,0.0316,0.0,true
HiddenCover,16384,3000,clustered,3,13,10,0,432,0.032100000000000004,0.0,true
HiddenCover,16384,3000,clustered,3,14,10,0,432,0.0317,0.0,true
HiddenCover,16384,3000,clustered,3,15,10,0,432,0.0317,0.0,true
HiddenCover,16384,3000,clustered,3,16,10,0,432,0.0317,0.0,true
HiddenCover,16384,3000,clustered,3,17,10,0,432,0.0317,0.0,true
HiddenCover,16384,3000,clustered,3,18,10,0,432,0.0316,0.0,true
HiddenCover,16384,3000,clustered,3,19,10,0,432,0.0316,0.0,true
HiddenCover,16384,3000,clustered,3,20,10,0,432,0.0317,0.0,true
HiddenCover,16384,3000,clustered,3,21,10,0,432,0.032,0.0,true
HiddenCover,16384,3000,clustered,3,22,10,0,432,0.0315,0.0,true
HiddenCover,16384,3000,clustered,3,23,10,0,432,0.0316,0.0,true
HiddenCover,16384,3000,clustered,3,24,10,0,432,0.0316,0.0,true
HiddenCover,16384,3000,clustered,3,25,10,0,432,0.0316,0.0,true
HiddenCover,16384,3000,clustered,3,26,10,0,432,0.0316,0.0,true
HiddenCover,16384,3000,clustered,3,27,10,0,432,0.0317,0.0,true
HiddenCover,16384,3000,clustered,3,28,10,0,432,0.032100000000000004,0.0,true
HiddenCover,16384,3000,clustered,3,29,10,0,432,0.0316,0.0,true
HiddenCover,16384,3000,clustered,4,0,12,0,496,0.0323,0.0,true
HiddenCover,16384,3000,clustered,4,1,12,0,496,0.0323,0.0,true
HiddenCover,16384,3000,clustered,4,2,12,0,496,0.0332,0.0,true
HiddenCover,16384,3000,clustered,4,3,12,0,496,0.0324,0.0,true
HiddenCover,16384,3000,clustered,4,4,12,0,496,0.0324,0.0,true
HiddenCover,16384,3000,clustered,4,5,12,0,496,0.0326,0.0,true
HiddenCover,16384,3000,clustered,4,6,12,0,496,0.0322,0.0,true
HiddenCover,16384,3000,clustered,4,7,12,0,496,0.0323,0.0,true
HiddenCover,16384,3000,clustered,4,8,12,0,496,0.032,0.0,true
HiddenCover,16384,3000,clustered,4,9,12,0,496,0.0322,0.0,true
HiddenCover,16384,3000,clustered,4,10,12,0,496,0.0322,0.0,true
HiddenCover,16384,3000,clustered,4,11,12,0,496,0.0326,0.0,true
HiddenCover,16384,3000,clustered,4,12,12,0,496,0.0322,0.0,true
HiddenCover,16384,3000,clustered,4,13,12,0,496,0.0333,0.0,true
HiddenCover,16384,3000,clustered,4,14,12,0,496,0.0326,0.0,true
HiddenCover,16384,3000,clustered,4,15,12,0,496,0.032100000000000004,0.0,true
HiddenCover,16384,3000,clustered,4,16,12,0,496,0.0323,0.0,true
HiddenCover,16384,3000,clustered,4,17,12,0,496,0.0322,0.0,true
HiddenCover,16384,3000,clustered,4,18,12,0,496,0.0326,0.0,true
HiddenCover,16384,3000,clustered,4,19,12,0,496,0.0324,0.0,true
HiddenCover,16384,3000,clustered,4,20,12,0,496,0.0326,0.0,true
HiddenCover,16384,3000,clustered,4,21,12,0,496,0.0322,0.0,true
HiddenCover,16384,3000,clustered,4,22,12,0,496,0.0323,0.0,true
HiddenCover,16384,3000,clustered,4,23,12,0,496,0.0322,0.0,true
HiddenCover,16384,3000,clustered,4,24,12,0,496,0.0336,0.0,true
HiddenCover,16384,3000,clustered,4,25,12,0,496,0.0739,0.0,true
HiddenCover,16384,3000,clustered,4,26,12,0,496,0.0596,0.0,true
HiddenCover,16384,3000,clustered,4,27,12,0,496,0.0523,0.0,true
HiddenCover,16384,3000,clustered,4,28,12,0,496,0.0521,0.0,true
HiddenCover,16384,3000,clustered,4,29,12,0,496,0.0519,0.0,true
HiddenCover,16384,3000,clustered,5,0,15,0,592,0.0388,0.0,true
HiddenCover,16384,3000,clustered,5,1,15,0,592,0.038099999999999995,0.0,true
HiddenCover,16384,3000,clustered,5,2,15,0,592,0.0385,0.0,true
HiddenCover,16384,3000,clustered,5,3,15,0,592,0.037700000000000004,0.0,true
HiddenCover,16384,3000,clustered,5,4,15,0,592,0.0389,0.0,true
HiddenCover,16384,3000,clustered,5,5,15,0,592,0.0385,0.0,true
HiddenCover,16384,3000,clustered,5,6,15,0,592,0.0384,0.0,true
HiddenCover,16384,3000,clustered,5,7,15,0,592,0.0385,0.0,true
HiddenCover,16384,3000,clustered,5,8,15,0,592,0.0395,0.0,true
HiddenCover,16384,3000,clustered,5,9,15,0,592,0.0378,0.0,true
HiddenCover,16384,3000,clustered,5,10,15,0,592,0.0388,0.0,true
HiddenCover,16384,3000,clustered,5,11,15,0,592,0.0383,0.0,true
HiddenCover,16384,3000,clustered,5,12,15,0,592,0.0387,0.0,true
HiddenCover,16384,3000,clustered,5,13,15,0,592,0.0388,0.0,true
HiddenCover,16384,3000,clustered,5,14,15,0,592,0.0382,0.0,true
HiddenCover,16384,3000,clustered,5,15,15,0,592,0.0383,0.0,true
HiddenCover,16384,3000,clustered,5,16,15,0,592,0.0382,0.0,true
HiddenCover,16384,3000,clustered,5,17,15,0,592,0.0385,0.0,true
HiddenCover,16384,3000,clustered,5,18,15,0,592,0.0383,0.0,true
HiddenCover,16384,3000,clustered,5,19,15,0,592,0.0386,0.0,true
HiddenCover,16384,3000,clustered,5,20,15,0,592,0.0386,0.0,true
HiddenCover,16384,3000,clustered,5,21,15,0,592,0.037700000000000004,0.0,true
HiddenCover,16384,3000,clustered,5,22,15,0,592,0.038099999999999995,0.0,true
HiddenCover,16384,3000,clustered,5,23,15,0,592,0.0386,0.0,true
HiddenCover,16384,3000,clustered,5,24,15,0,592,0.0387,0.0,true
HiddenCover,16384,3000,clustered,5,25,15,0,592,0.0384,0.0,true
HiddenCover,16384,3000,clustered,5,26,15,0,592,0.0384,0.0,true
HiddenCover,16384,3000,clustered,5,27,15,0,592,0.038099999999999995,0.0,true
HiddenCover,16384,3000,clustered,5,28,15,0,592,0.0388,0.0,true
HiddenCover,16384,3000,clustered,5,29,15,0,592,0.0384,0.0,true
HiddenCover,16384,3000,clustered,6,0,13,0,528,0.038099999999999995,0.0,true
HiddenCover,16384,3000,clustered,6,1,13,0,528,0.0365,0.0,true
HiddenCover,16384,3000,clustered,6,2,13,0,528,0.0378,0.0,true
HiddenCover,16384,3000,clustered,6,3,13,0,528,0.0374,0.0,true
HiddenCover,16384,3000,clustered,6,4,13,0,528,0.0374,0.0,true
HiddenCover,16384,3000,clustered,6,5,13,0,528,0.038099999999999995,0.0,true
HiddenCover,16384,3000,clustered,6,6,13,0,528,0.0374,0.0,true
HiddenCover,16384,3000,clustered,6,7,13,0,528,0.0371,0.0,true
HiddenCover,16384,3000,clustered,6,8,13,0,528,0.037200000000000004,0.0,true
HiddenCover,16384,3000,clustered,6,9,13,0,528,0.0373,0.0,true
HiddenCover,16384,3000,clustered,6,10,13,0,528,0.0378,0.0,true
HiddenCover,16384,3000,clustered,6,11,13,0,528,0.0371,0.0,true
HiddenCover,16384,3000,clustered,6,12,13,0,528,0.0374,0.0,true
HiddenCover,16384,3000,clustered,6,13,13,0,528,0.037700000000000004,0.0,true
HiddenCover,16384,3000,clustered,6,14,13,0,528,0.0375,0.0,true
HiddenCover,16384,3000,clustered,6,15,13,0,528,0.038,0.0,true
HiddenCover,16384,3000,clustered,6,16,13,0,528,0.0373,0.0,true
HiddenCover,16384,3000,clustered,6,17,13,0,528,0.0368,0.0,true
HiddenCover,16384,3000,clustered,6,18,13,0,528,0.0374,0.0,true
HiddenCover,16384,3000,clustered,6,19,13,0,528,0.0375,0.0,true
HiddenCover,16384,3000,clustered,6,20,13,0,528,0.038099999999999995,0.0,true
HiddenCover,16384,3000,clustered,6,21,13,0,528,0.0371,0.0,true
HiddenCover,16384,3000,clustered,6,22,13,0,528,0.036699999999999997,0.0,true
HiddenCover,16384,3000,clustered,6,23,13,0,528,0.0375,0.0,true
HiddenCover,16384,3000,clustered,6,24,13,0,528,0.0374,0.0,true
HiddenCover,16384,3000,clustered,6,25,13,0,528,0.0383,0.0,true
HiddenCover,16384,3000,clustered,6,26,13,0,528,0.037200000000000004,0.0,true
HiddenCover,16384,3000,clustered,6,27,13,0,528,0.0369,0.0,true
HiddenCover,16384,3000,clustered,6,28,13,0,528,0.037200000000000004,0.0,true
HiddenCover,16384,3000,clustered,6,29,13,0,528,0.037,0.0,true
HiddenCover,16384,3000,clustered,7,0,10,0,432,0.036199999999999996,0.0,true
HiddenCover,16384,3000,clustered,7,1,10,0,432,0.036399999999999995,0.0,true
HiddenCover,16384,3000,clustered,7,2,10,0,432,0.0373,0.0,true
HiddenCover,16384,3000,clustered,7,3,10,0,432,0.0365,0.0,true
HiddenCover,16384,3000,clustered,7,4,10,0,432,0.0369,0.0,true
HiddenCover,16384,3000,clustered,7,5,10,0,432,0.036699999999999997,0.0,true
HiddenCover,16384,3000,clustered,7,6,10,0,432,0.0369,0.0,true
HiddenCover,16384,3000,clustered,7,7,10,0,432,0.036699999999999997,0.0,true
HiddenCover,16384,3000,clustered,7,8,10,0,432,0.0369,0.0,true
HiddenCover,16384,3000,clustered,7,9,10,0,432,0.0373,0.0,true
HiddenCover,16384,3000,clustered,7,10,10,0,432,0.037,0.0,true
HiddenCover,16384,3000,clustered,7,11,10,0,432,0.098,0.0,true
HiddenCover,16384,3000,clustered,7,12,10,0,432,0.0416,0.0,true
HiddenCover,16384,3000,clustered,7,13,10,0,432,0.028399999999999998,0.0,true
HiddenCover,16384,3000,clustered,7,14,10,0,432,0.0283,0.0,true
HiddenCover,16384,3000,clustered,7,15,10,0,432,0.0282,0.0,true
HiddenCover,16384,3000,clustered,7,16,10,0,432,0.0283,0.0,true
HiddenCover,16384,3000,clustered,7,17,10,0,432,0.0287,0.0,true
HiddenCover,16384,3000,clustered,7,18,10,0,432,0.0283,0.0,true
HiddenCover,16384,3000,clustered,7,19,10,0,432,0.0283,0.0,true
HiddenCover,16384,3000,clustered,7,20,10,0,432,0.0282,0.0,true
HiddenCover,16384,3000,clustered,7,21,10,0,432,0.0282,0.0,true
HiddenCover,16384,3000,clustered,7,22,10,0,432,0.0282,0.0,true
HiddenCover,16384,3000,clustered,7,23,10,0,432,0.0282,0.0,true
HiddenCover,16384,3000,clustered,7,24,10,0,432,0.0282,0.0,true
HiddenCover,16384,3000,clustered,7,25,10,0,432,0.0285,0.0,true
HiddenCover,16384,3000,clustered,7,26,10,0,432,0.0282,0.0,true
HiddenCover,16384,3000,clustered,7,27,10,0,432,0.028399999999999998,0.0,true
HiddenCover,16384,3000,clustered,7,28,10,0,432,0.0282,0.0,true
HiddenCover,16384,3000,clustered,7,29,10,0,432,0.0281,0.0,true
HiddenCover,16384,3000,clustered,8,0,16,0,624,0.0296,0.0,true
HiddenCover,16384,3000,clustered,8,1,16,0,624,0.0292,0.0,true
HiddenCover,16384,3000,clustered,8,2,16,0,624,0.0292,0.0,true
HiddenCover,16384,3000,clustered,8,3,16,0,624,0.0292,0.0,true
HiddenCover,16384,3000,clustered,8,4,16,0,624,0.0291,0.0,true
HiddenCover,16384,3000,clustered,8,5,16,0,624,0.0295,0.0,true
HiddenCover,16384,3000,clustered,8,6,16,0,624,0.0293,0.0,true
HiddenCover,16384,3000,clustered,8,7,16,0,624,0.0291,0.0,true
HiddenCover,16384,3000,clustered,8,8,16,0,624,0.0294,0.0,true
HiddenCover,16384,3000,clustered,8,9,16,0,624,0.0296,0.0,true
HiddenCover,16384,3000,clustered,8,10,16,0,624,0.0292,0.0,true
HiddenCover,16384,3000,clustered,8,11,16,0,624,0.0292,0.0,true
HiddenCover,16384,3000,clustered,8,12,16,0,624,0.0293,0.0,true
HiddenCover,16384,3000,clustered,8,13,16,0,624,0.0292,0.0,true
HiddenCover,16384,3000,clustered,8,14,16,0,624,0.0295,0.0,true
HiddenCover,16384,3000,clustered,8,15,16,0,624,0.0292,0.0,true
HiddenCover,16384,3000,clustered,8,16,16,0,624,0.0291,0.0,true
HiddenCover,16384,3000,clustered,8,17,16,0,624,0.0292,0.0,true
HiddenCover,16384,3000,clustered,8,18,16,0,624,0.0293,0.0,true
HiddenCover,16384,3000,clustered,8,19,16,0,624,0.0296,0.0,true
HiddenCover,16384,3000,clustered,8,20,16,0,624,0.0291,0.0,true
HiddenCover,16384,3000,clustered,8,21,16,0,624,0.0292,0.0,true
HiddenCover,16384,3000,clustered,8,22,16,0,624,0.0293,0.0,true
HiddenCover,16384,3000,clustered,8,23,16,0,624,0.0293,0.0,true
HiddenCover,16384,3000,clustered,8,24,16,0,624,0.0296,0.0,true
HiddenCover,16384,3000,clustered,8,25,16,0,624,0.0292,0.0,true
HiddenCover,16384,3000,clustered,8,26,16,0,624,0.0294,0.0,true
HiddenCover,16384,3000,clustered,8,27,16,0,624,0.0292,0.0,true
HiddenCover,16384,3000,clustered,8,28,16,0,624,0.0291,0.0,true
HiddenCover,16384,3000,clustered,8,29,16,0,624,0.0296,0.0,true
HiddenCover,16384,3000,clustered,9,0,11,0,464,0.028399999999999998,0.0,true
HiddenCover,16384,3000,clustered,9,1,11,0,464,0.0283,0.0,true
HiddenCover,16384,3000,clustered,9,2,11,0,464,0.0283,0.0,true
HiddenCover,16384,3000,clustered,9,3,11,0,464,0.0283,0.0,true
HiddenCover,16384,3000,clustered,9,4,11,0,464,0.0283,0.0,true
HiddenCover,16384,3000,clustered,9,5,11,0,464,0.0283,0.0,true
HiddenCover,16384,3000,clustered,9,6,11,0,464,0.0286,0.0,true
HiddenCover,16384,3000,clustered,9,7,11,0,464,0.028399999999999998,0.0,true
HiddenCover,16384,3000,clustered,9,8,11,0,464,0.028399999999999998,0.0,true
HiddenCover,16384,3000,clustered,9,9,11,0,464,0.0283,0.0,true
HiddenCover,16384,3000,clustered,9,10,11,0,464,0.0283,0.0,true
HiddenCover,16384,3000,clustered,9,11,11,0,464,0.028399999999999998,0.0,true
HiddenCover,16384,3000,clustered,9,12,11,0,464,0.028399999999999998,0.0,true
HiddenCover,16384,3000,clustered,9,13,11,0,464,0.0286,0.0,true
HiddenCover,16384,3000,clustered,9,14,11,0,464,0.0283,0.0,true
HiddenCover,16384,3000,clustered,9,15,11,0,464,0.0283,0.0,true
HiddenCover,16384,3000,clustered,9,16,11,0,464,0.0283,0.0,true
HiddenCover,16384,3000,clustered,9,17,11,0,464,0.028399999999999998,0.0,true
HiddenCover,16384,3000,clustered,9,18,11,0,464,0.028399999999999998,0.0,true
HiddenCover,16384,3000,clustered,9,19,11,0,464,0.028399999999999998,0.0,true
HiddenCover,16384,3000,clustered,9,20,11,0,464,0.0286,0.0,true
HiddenCover,16384,3000,clustered,9,21,11,0,464,0.0283,0.0,true
HiddenCover,16384,3000,clustered,9,22,11,0,464,0.0283,0.0,true
HiddenCover,16384,3000,clustered,9,23,11,0,464,0.028399999999999998,0.0,true
HiddenCover,16384,3000,clustered,9,24,11,0,464,0.0285,0.0,true
HiddenCover,16384,3000,clustered,9,25,11,0,464,0.0285,0.0,true
HiddenCover,16384,3000,clustered,9,26,11,0,464,0.028399999999999998,0.0,true
HiddenCover,16384,3000,clustered,9,27,11,0,464,0.0283,0.0,true
HiddenCover,16384,3000,clustered,9,28,11,0,464,0.0286,0.0,true
HiddenCover,16384,3000,clustered,9,29,11,0,464,0.0283,0.0,true
HiddenCover,16384,3000,clustered,10,0,14,0,560,0.0474,0.0,true
HiddenCover,16384,3000,clustered,10,1,14,0,560,0.0427,0.0,true
HiddenCover,16384,3000,clustered,10,2,14,0,560,0.041699999999999994,0.0,true
HiddenCover,16384,3000,clustered,10,3,14,0,560,0.0393,0.0,true
HiddenCover,16384,3000,clustered,10,4,14,0,560,0.0371,0.0,true
HiddenCover,16384,3000,clustered,10,5,14,0,560,0.034499999999999996,0.0,true
HiddenCover,16384,3000,clustered,10,6,14,0,560,0.0361,0.0,true
HiddenCover,16384,3000,clustered,10,7,14,0,560,0.0336,0.0,true
HiddenCover,16384,3000,clustered,10,8,14,0,560,0.036199999999999996,0.0,true
HiddenCover,16384,3000,clustered,10,9,14,0,560,0.04,0.0,true
HiddenCover,16384,3000,clustered,10,10,14,0,560,0.0385,0.0,true
HiddenCover,16384,3000,clustered,10,11,14,0,560,0.0379,0.0,true
HiddenCover,16384,3000,clustered,10,12,14,0,560,0.0414,0.0,true
HiddenCover,16384,3000,clustered,10,13,14,0,560,0.0387,0.0,true
HiddenCover,16384,3000,clustered,10,14,14,0,560,0.039799999999999995,0.0,true
HiddenCover,16384,3000,clustered,10,15,14,0,560,0.0401,0.0,true
HiddenCover,16384,3000,clustered,10,16,14,0,560,0.035800000000000005,0.0,true
HiddenCover,16384,3000,clustered,10,17,14,0,560,0.038,0.0,true
HiddenCover,16384,3000,clustered,10,18,14,0,560,0.043000000000000003,0.0,true
HiddenCover,16384,3000,clustered,10,19,14,0,560,0.037700000000000004,0.0,true
HiddenCover,16384,3000,clustered,10,20,14,0,560,0.0379,0.0,true
HiddenCover,16384,3000,clustered,10,21,14,0,560,0.045200000000000004,0.0,true
HiddenCover,16384,3000,clustered,10,22,14,0,560,0.0366,0.0,true
HiddenCover,16384,3000,clustered,10,23,14,0,560,0.037,0.0,true
HiddenCover,16384,3000,clustered,10,24,14,0,560,0.0375,0.0,true
HiddenCover,16384,3000,clustered,10,25,14,0,560,0.0374,0.0,true
HiddenCover,16384,3000,clustered,10,26,14,0,560,0.038099999999999995,0.0,true
HiddenCover,16384,3000,clustered,10,27,14,0,560,0.0385,0.0,true
HiddenCover,16384,3000,clustered,10,28,14,0,560,0.0368,0.0,true
HiddenCover,16384,3000,clustered,10,29,14,0,560,0.0376,0.0,true
HiddenCover,16384,3000,clustered,11,0,11,0,464,0.0282,0.0,true
HiddenCover,16384,3000,clustered,11,1,11,0,464,0.0287,0.0,true
HiddenCover,16384,3000,clustered,11,2,11,0,464,0.0282,0.0,true
HiddenCover,16384,3000,clustered,11,3,11,0,464,0.0283,0.0,true
HiddenCover,16384,3000,clustered,11,4,11,0,464,0.0283,0.0,true
HiddenCover,16384,3000,clustered,11,5,11,0,464,0.032499999999999994,0.0,true
HiddenCover,16384,3000,clustered,11,6,11,0,464,0.0346,0.0,true
HiddenCover,16384,3000,clustered,11,7,11,0,464,0.028399999999999998,0.0,true
HiddenCover,16384,3000,clustered,11,8,11,0,464,0.0335,0.0,true
HiddenCover,16384,3000,clustered,11,9,11,0,464,0.0291,0.0,true
HiddenCover,16384,3000,clustered,11,10,11,0,464,0.0283,0.0,true
HiddenCover,16384,3000,clustered,11,11,11,0,464,0.0282,0.0,true
HiddenCover,16384,3000,clustered,11,12,11,0,464,0.028399999999999998,0.0,true
HiddenCover,16384,3000,clustered,11,13,11,0,464,0.0282,0.0,true
HiddenCover,16384,3000,clustered,11,14,11,0,464,0.0307,0.0,true
HiddenCover,16384,3000,clustered,11,15,11,0,464,0.0293,0.0,true
HiddenCover,16384,3000,clustered,11,16,11,0,464,0.028399999999999998,0.0,true
HiddenCover,16384,3000,clustered,11,17,11,0,464,0.028399999999999998,0.0,true
HiddenCover,16384,3000,clustered,11,18,11,0,464,0.0282,0.0,true
HiddenCover,16384,3000,clustered,11,19,11,0,464,0.0283,0.0,true
HiddenCover,16384,3000,clustered,11,20,11,0,464,0.028399999999999998,0.0,true
HiddenCover,16384,3000,clustered,11,21,11,0,464,0.0291,0.0,true
HiddenCover,16384,3000,clustered,11,22,11,0,464,0.0305,0.0,true
HiddenCover,16384,3000,clustered,11,23,11,0,464,0.031,0.0,true
HiddenCover,16384,3000,clustered,11,24,11,0,464,0.032,0.0,true
HiddenCover,16384,3000,clustered,11,25,11,0,464,0.032799999999999996,0.0,true
HiddenCover,16384,3000,clustered,11,26,11,0,464,0.0329,0.0,true
HiddenCover,16384,3000,clustered,11,27,11,0,464,0.0324,0.0,true
HiddenCover,16384,3000,clustered,11,28,11,0,464,0.033,0.0,true
HiddenCover,16384,3000,clustered,11,29,11,0,464,0.0344,0.0,true
HiddenCover,16384,3000,clustered,12,0,18,0,688,0.0296,0.0,true
HiddenCover,16384,3000,clustered,12,1,18,0,688,0.0301,0.0,true
HiddenCover,16384,3000,clustered,12,2,18,0,688,0.030000000000000002,0.0,true
HiddenCover,16384,3000,clustered,12,3,18,0,688,0.0297,0.0,true
HiddenCover,16384,3000,clustered,12,4,18,0,688,0.0297,0.0,true
HiddenCover,16384,3000,clustered,12,5,18,0,688,0.0298,0.0,true
HiddenCover,16384,3000,clustered,12,6,18,0,688,0.0303,0.0,true
HiddenCover,16384,3000,clustered,12,7,18,0,688,0.031,0.0,true
HiddenCover,16384,3000,clustered,12,8,18,0,688,0.032100000000000004,0.0,true
HiddenCover,16384,3000,clustered,12,9,18,0,688,0.031099999999999996,0.0,true
HiddenCover,16384,3000,clustered,12,10,18,0,688,0.031099999999999996,0.0,true
HiddenCover,16384,3000,clustered,12,11,18,0,688,0.033800000000000004,0.0,true
HiddenCover,16384,3000,clustered,12,12,18,0,688,0.0297,0.0,true
HiddenCover,16384,3000,clustered,12,13,18,0,688,0.0313,0.0,true
HiddenCover,16384,3000,clustered,12,14,18,0,688,0.0301,0.0,true
HiddenCover,16384,3000,clustered,12,15,18,0,688,0.030199999999999998,0.0,true
HiddenCover,16384,3000,clustered,12,16,18,0,688,0.0298,0.0,true
HiddenCover,16384,3000,clustered,12,17,18,0,688,0.0306,0.0,true
HiddenCover,16384,3000,clustered,12,18,18,0,688,0.0324,0.0,true
HiddenCover,16384,3000,clustered,12,19,18,0,688,0.035500000000000004,0.0,true
HiddenCover,16384,3000,clustered,12,20,18,0,688,0.0312,0.0,true
HiddenCover,16384,3000,clustered,12,21,18,0,688,0.0332,0.0,true
HiddenCover,16384,3000,clustered,12,22,18,0,688,0.0312,0.0,true
HiddenCover,16384,3000,clustered,12,23,18,0,688,0.0337,0.0,true
HiddenCover,16384,3000,clustered,12,24,18,0,688,0.0304,0.0,true
HiddenCover,16384,3000,clustered,12,25,18,0,688,0.0297,0.0,true
HiddenCover,16384,3000,clustered,12,26,18,0,688,0.0299,0.0,true
HiddenCover,16384,3000,clustered,12,27,18,0,688,0.0297,0.0,true
HiddenCover,16384,3000,clustered,12,28,18,0,688,0.0298,0.0,true
HiddenCover,16384,3000,clustered,12,29,18,0,688,0.0301,0.0,true
HiddenCover,16384,3000,clustered,13,0,13,0,528,0.029,0.0,true
HiddenCover,16384,3000,clustered,13,1,13,0,528,0.028900000000000002,0.0,true
HiddenCover,16384,3000,clustered,13,2,13,0,528,0.029,0.0,true
HiddenCover,16384,3000,clustered,13,3,13,0,528,0.0293,0.0,true
HiddenCover,16384,3000,clustered,13,4,13,0,528,0.028900000000000002,0.0,true
HiddenCover,16384,3000,clustered,13,5,13,0,528,0.029,0.0,true
HiddenCover,16384,3000,clustered,13,6,13,0,528,0.029,0.0,true
HiddenCover,16384,3000,clustered,13,7,13,0,528,0.029,0.0,true
HiddenCover,16384,3000,clustered,13,8,13,0,528,0.0304,0.0,true
HiddenCover,16384,3000,clustered,13,9,13,0,528,0.0293,0.0,true
HiddenCover,16384,3000,clustered,13,10,13,0,528,0.029,0.0,true
HiddenCover,16384,3000,clustered,13,11,13,0,528,0.0287,0.0,true
HiddenCover,16384,3000,clustered,13,12,13,0,528,0.0313,0.0,true
HiddenCover,16384,3000,clustered,13,13,13,0,528,0.0304,0.0,true
HiddenCover,16384,3000,clustered,13,14,13,0,528,0.0303,0.0,true
HiddenCover,16384,3000,clustered,13,15,13,0,528,0.0291,0.0,true
HiddenCover,16384,3000,clustered,13,16,13,0,528,0.0293,0.0,true
HiddenCover,16384,3000,clustered,13,17,13,0,528,0.0288,0.0,true
HiddenCover,16384,3000,clustered,13,18,13,0,528,0.0298,0.0,true
HiddenCover,16384,3000,clustered,13,19,13,0,528,0.0291,0.0,true
HiddenCover,16384,3000,clustered,13,20,13,0,528,0.0288,0.0,true
HiddenCover,16384,3000,clustered,13,21,13,0,528,0.0287,0.0,true
HiddenCover,16384,3000,clustered,13,22,13,0,528,0.0293,0.0,true
HiddenCover,16384,3000,clustered,13,23,13,0,528,0.0288,0.0,true
HiddenCover,16384,3000,clustered,13,24,13,0,528,0.028900000000000002,0.0,true
HiddenCover,16384,3000,clustered,13,25,13,0,528,0.0292,0.0,true
HiddenCover,16384,3000,clustered,13,26,13,0,528,0.0305,0.0,true
HiddenCover,16384,3000,clustered,13,27,13,0,528,0.028900000000000002,0.0,true
HiddenCover,16384,3000,clustered,13,28,13,0,528,0.0291,0.0,true
HiddenCover,16384,3000,clustered,13,29,13,0,528,0.0288,0.0,true
HiddenCover,16384,3000,clustered,14,0,17,0,656,0.0294,0.0,true
HiddenCover,16384,3000,clustered,14,1,17,0,656,0.0297,0.0,true
HiddenCover,16384,3000,clustered,14,2,17,0,656,0.0294,0.0,true
HiddenCover,16384,3000,clustered,14,3,17,0,656,0.0295,0.0,true
HiddenCover,16384,3000,clustered,14,4,17,0,656,0.0294,0.0,true
HiddenCover,16384,3000,clustered,14,5,17,0,656,0.030000000000000002,0.0,true
HiddenCover,16384,3000,clustered,14,6,17,0,656,0.0295,0.0,true
HiddenCover,16384,3000,clustered,14,7,17,0,656,0.0296,0.0,true
HiddenCover,16384,3000,clustered,14,8,17,0,656,0.0294,0.0,true
HiddenCover,16384,3000,clustered,14,9,17,0,656,0.0307,0.0,true
HiddenCover,16384,3000,clustered,14,10,17,0,656,0.0298,0.0,true
HiddenCover,16384,3000,clustered,14,11,17,0,656,0.0304,0.0,true
HiddenCover,16384,3000,clustered,14,12,17,0,656,0.044,0.0,true
HiddenCover,16384,3000,clustered,14,13,17,0,656,0.032100000000000004,0.0,true
HiddenCover,16384,3000,clustered,14,14,17,0,656,0.0297,0.0,true
HiddenCover,16384,3000,clustered,14,15,17,0,656,0.030199999999999998,0.0,true
HiddenCover,16384,3000,clustered,14,16,17,0,656,0.0294,0.0,true
HiddenCover,16384,3000,clustered,14,17,17,0,656,0.0292,0.0,true
HiddenCover,16384,3000,clustered,14,18,17,0,656,0.0324,0.0,true
HiddenCover,16384,3000,clustered,14,19,17,0,656,0.0296,0.0,true
HiddenCover,16384,3000,clustered,14,20,17,0,656,0.0299,0.0,true
HiddenCover,16384,3000,clustered,14,21,17,0,656,0.0293,0.0,true
HiddenCover,16384,3000,clustered,14,22,17,0,656,0.0293,0.0,true
HiddenCover,16384,3000,clustered,14,23,17,0,656,0.0294,0.0,true
HiddenCover,16384,3000,clustered,14,24,17,0,656,0.0297,0.0,true
HiddenCover,16384,3000,clustered,14,25,17,0,656,0.0295,0.0,true
HiddenCover,16384,3000,clustered,14,26,17,0,656,0.0293,0.0,true
HiddenCover,16384,3000,clustered,14,27,17,0,656,0.0294,0.0,true
HiddenCover,16384,3000,clustered,14,28,17,0,656,0.0292,0.0,true
HiddenCover,16384,3000,clustered,14,29,17,0,656,0.0297,0.0,true
HiddenCover,16384,3000,clustered,15,0,11,0,464,0.0286,0.0,true
HiddenCover,16384,3000,clustered,15,1,11,0,464,0.028399999999999998,0.0,true
HiddenCover,16384,3000,clustered,15,2,11,0,464,0.028399999999999998,0.0,true
HiddenCover,16384,3000,clustered,15,3,11,0,464,0.0283,0.0,true
HiddenCover,16384,3000,clustered,15,4,11,0,464,0.0285,0.0,true
HiddenCover,16384,3000,clustered,15,5,11,0,464,0.028399999999999998,0.0,true
HiddenCover,16384,3000,clustered,15,6,11,0,464,0.0287,0.0,true
HiddenCover,16384,3000,clustered,15,7,11,0,464,0.0285,0.0,true
HiddenCover,16384,3000,clustered,15,8,11,0,464,0.0283,0.0,true
HiddenCover,16384,3000,clustered,15,9,11,0,464,0.028399999999999998,0.0,true
HiddenCover,16384,3000,clustered,15,10,11,0,464,0.028399999999999998,0.0,true
HiddenCover,16384,3000,clustered,15,11,11,0,464,0.0282,0.0,true
HiddenCover,16384,3000,clustered,15,12,11,0,464,0.028399999999999998,0.0,true
HiddenCover,16384,3000,clustered,15,13,11,0,464,0.0288,0.0,true
HiddenCover,16384,3000,clustered,15,14,11,0,464,0.028399999999999998,0.0,true
HiddenCover,16384,3000,clustered,15,15,11,0,464,0.0299,0.0,true
HiddenCover,16384,3000,clustered,15,16,11,0,464,0.028399999999999998,0.0,true
HiddenCover,16384,3000,clustered,15,17,11,0,464,0.028399999999999998,0.0,true
HiddenCover,16384,3000,clustered,15,18,11,0,464,0.0305,0.0,true
HiddenCover,16384,3000,clustered,15,19,11,0,464,0.028399999999999998,0.0,true
HiddenCover,16384,3000,clustered,15,20,11,0,464,0.0288,0.0,true
HiddenCover,16384,3000,clustered,15,21,11,0,464,0.0282,0.0,true
HiddenCover,16384,3000,clustered,15,22,11,0,464,0.028399999999999998,0.0,true
HiddenCover,16384,3000,clustered,15,23,11,0,464,0.0285,0.0,true
HiddenCover,16384,3000,clustered,15,24,11,0,464,0.028399999999999998,0.0,true
HiddenCover,16384,3000,clustered,15,25,11,0,464,0.0283,0.0,true
HiddenCover,16384,3000,clustered,15,26,11,0,464,0.028399999999999998,0.0,true
HiddenCover,16384,3000,clustered,15,27,11,0,464,0.0287,0.0,true
HiddenCover,16384,3000,clustered,15,28,11,0,464,0.0298,0.0,true
HiddenCover,16384,3000,clustered,15,29,11,0,464,0.028399999999999998,0.0,true
HiddenCover,16384,3000,clustered,16,0,17,0,656,0.0293,0.0,true
HiddenCover,16384,3000,clustered,16,1,17,0,656,0.0298,0.0,true
HiddenCover,16384,3000,clustered,16,2,17,0,656,0.0292,0.0,true
HiddenCover,16384,3000,clustered,16,3,17,0,656,0.0292,0.0,true
HiddenCover,16384,3000,clustered,16,4,17,0,656,0.0292,0.0,true
HiddenCover,16384,3000,clustered,16,5,17,0,656,0.0296,0.0,true
HiddenCover,16384,3000,clustered,16,6,17,0,656,0.0292,0.0,true
HiddenCover,16384,3000,clustered,16,7,17,0,656,0.0292,0.0,true
HiddenCover,16384,3000,clustered,16,8,17,0,656,0.0294,0.0,true
HiddenCover,16384,3000,clustered,16,9,17,0,656,0.0294,0.0,true
HiddenCover,16384,3000,clustered,16,10,17,0,656,0.0296,0.0,true
HiddenCover,16384,3000,clustered,16,11,17,0,656,0.0293,0.0,true
HiddenCover,16384,3000,clustered,16,12,17,0,656,0.0293,0.0,true
HiddenCover,16384,3000,clustered,16,13,17,0,656,0.0292,0.0,true
HiddenCover,16384,3000,clustered,16,14,17,0,656,0.0293,0.0,true
HiddenCover,16384,3000,clustered,16,15,17,0,656,0.0297,0.0,true
HiddenCover,16384,3000,clustered,16,16,17,0,656,0.0292,0.0,true
HiddenCover,16384,3000,clustered,16,17,17,0,656,0.0292,0.0,true
HiddenCover,16384,3000,clustered,16,18,17,0,656,0.0294,0.0,true
HiddenCover,16384,3000,clustered,16,19,17,0,656,0.0293,0.0,true
HiddenCover,16384,3000,clustered,16,20,17,0,656,0.0296,0.0,true
HiddenCover,16384,3000,clustered,16,21,17,0,656,0.0293,0.0,true
HiddenCover,16384,3000,clustered,16,22,17,0,656,0.0332,0.0,true
HiddenCover,16384,3000,clustered,16,23,17,0,656,0.0295,0.0,true
HiddenCover,16384,3000,clustered,16,24,17,0,656,0.0297,0.0,true
HiddenCover,16384,3000,clustered,16,25,17,0,656,0.0293,0.0,true
HiddenCover,16384,3000,clustered,16,26,17,0,656,0.0307,0.0,true
HiddenCover,16384,3000,clustered,16,27,17,0,656,0.0293,0.0,true
HiddenCover,16384,3000,clustered,16,28,17,0,656,0.0306,0.0,true
HiddenCover,16384,3000,clustered,16,29,17,0,656,0.0296,0.0,true
HiddenCover,16384,3000,clustered,17,0,12,0,496,0.0287,0.0,true
HiddenCover,16384,3000,clustered,17,1,12,0,496,0.0299,0.0,true
HiddenCover,16384,3000,clustered,17,2,12,0,496,0.0287,0.0,true
HiddenCover,16384,3000,clustered,17,3,12,0,496,0.0286,0.0,true
HiddenCover,16384,3000,clustered,17,4,12,0,496,0.0296,0.0,true
HiddenCover,16384,3000,clustered,17,5,12,0,496,0.0665,0.0,true
HiddenCover,16384,3000,clustered,17,6,12,0,496,0.0657,0.0,true
HiddenCover,16384,3000,clustered,17,7,12,0,496,0.045899999999999996,0.0,true
HiddenCover,16384,3000,clustered,17,8,12,0,496,0.040299999999999996,0.0,true
HiddenCover,16384,3000,clustered,17,9,12,0,496,0.038099999999999995,0.0,true
HiddenCover,16384,3000,clustered,17,10,12,0,496,0.0379,0.0,true
HiddenCover,16384,3000,clustered,17,11,12,0,496,0.034100000000000005,0.0,true
HiddenCover,16384,3000,clustered,17,12,12,0,496,0.0349,0.0,true
HiddenCover,16384,3000,clustered,17,13,12,0,496,0.0304,0.0,true
HiddenCover,16384,3000,clustered,17,14,12,0,496,0.030000000000000002,0.0,true
HiddenCover,16384,3000,clustered,17,15,12,0,496,0.030800000000000004,0.0,true
HiddenCover,16384,3000,clustered,17,16,12,0,496,0.0322,0.0,true
HiddenCover,16384,3000,clustered,17,17,12,0,496,0.034100000000000005,0.0,true
HiddenCover,16384,3000,clustered,17,18,12,0,496,0.0348,0.0,true
HiddenCover,16384,3000,clustered,17,19,12,0,496,0.0337,0.0,true
HiddenCover,16384,3000,clustered,17,20,12,0,496,0.0346,0.0,true
HiddenCover,16384,3000,clustered,17,21,12,0,496,0.0342,0.0,true
HiddenCover,16384,3000,clustered,17,22,12,0,496,0.0286,0.0,true
HiddenCover,16384,3000,clustered,17,23,12,0,496,0.0286,0.0,true
HiddenCover,16384,3000,clustered,17,24,12,0,496,0.0285,0.0,true
HiddenCover,16384,3000,clustered,17,25,12,0,496,0.028900000000000002,0.0,true
HiddenCover,16384,3000,clustered,17,26,12,0,496,0.028399999999999998,0.0,true
HiddenCover,16384,3000,clustered,17,27,12,0,496,0.0285,0.0,true
HiddenCover,16384,3000,clustered,17,28,12,0,496,0.028399999999999998,0.0,true
HiddenCover,16384,3000,clustered,17,29,12,0,496,0.028399999999999998,0.0,true
HiddenCover,16384,3000,clustered,18,0,14,0,560,0.0293,0.0,true
HiddenCover,16384,3000,clustered,18,1,14,0,560,0.028900000000000002,0.0,true
HiddenCover,16384,3000,clustered,18,2,14,0,560,0.028900000000000002,0.0,true
HiddenCover,16384,3000,clustered,18,3,14,0,560,0.029,0.0,true
HiddenCover,16384,3000,clustered,18,4,14,0,560,0.029,0.0,true
HiddenCover,16384,3000,clustered,18,5,14,0,560,0.0294,0.0,true
HiddenCover,16384,3000,clustered,18,6,14,0,560,0.029,0.0,true
HiddenCover,16384,3000,clustered,18,7,14,0,560,0.029,0.0,true
HiddenCover,16384,3000,clustered,18,8,14,0,560,0.028900000000000002,0.0,true
HiddenCover,16384,3000,clustered,18,9,14,0,560,0.029,0.0,true
HiddenCover,16384,3000,clustered,18,10,14,0,560,0.028900000000000002,0.0,true
HiddenCover,16384,3000,clustered,18,11,14,0,560,0.0294,0.0,true
HiddenCover,16384,3000,clustered,18,12,14,0,560,0.029,0.0,true
HiddenCover,16384,3000,clustered,18,13,14,0,560,0.028900000000000002,0.0,true
HiddenCover,16384,3000,clustered,18,14,14,0,560,0.029,0.0,true
HiddenCover,16384,3000,clustered,18,15,14,0,560,0.029,0.0,true
HiddenCover,16384,3000,clustered,18,16,14,0,560,0.028900000000000002,0.0,true
HiddenCover,16384,3000,clustered,18,17,14,0,560,0.0293,0.0,true
HiddenCover,16384,3000,clustered,18,18,14,0,560,0.028900000000000002,0.0,true
HiddenCover,16384,3000,clustered,18,19,14,0,560,0.029,0.0,true
HiddenCover,16384,3000,clustered,18,20,14,0,560,0.028900000000000002,0.0,true
HiddenCover,16384,3000,clustered,18,21,14,0,560,0.0291,0.0,true
HiddenCover,16384,3000,clustered,18,22,14,0,560,0.0292,0.0,true
HiddenCover,16384,3000,clustered,18,23,14,0,560,0.028900000000000002,0.0,true
HiddenCover,16384,3000,clustered,18,24,14,0,560,0.028900000000000002,0.0,true
HiddenCover,16384,3000,clustered,18,25,14,0,560,0.0288,0.0,true
HiddenCover,16384,3000,clustered,18,26,14,0,560,0.028900000000000002,0.0,true
HiddenCover,16384,3000,clustered,18,27,14,0,560,0.0342,0.0,true
HiddenCover,16384,3000,clustered,18,28,14,0,560,0.0294,0.0,true
HiddenCover,16384,3000,clustered,18,29,14,0,560,0.029,0.0,true
HiddenCover,16384,3000,clustered,19,0,13,0,528,0.0286,0.0,true
HiddenCover,16384,3000,clustered,19,1,13,0,528,0.0286,0.0,true
HiddenCover,16384,3000,clustered,19,2,13,0,528,0.0287,0.0,true
HiddenCover,16384,3000,clustered,19,3,13,0,528,0.029,0.0,true
HiddenCover,16384,3000,clustered,19,4,13,0,528,0.0286,0.0,true
HiddenCover,16384,3000,clustered,19,5,13,0,528,0.0286,0.0,true
HiddenCover,16384,3000,clustered,19,6,13,0,528,0.0287,0.0,true
HiddenCover,16384,3000,clustered,19,7,13,0,528,0.0286,0.0,true
HiddenCover,16384,3000,clustered,19,8,13,0,528,0.0286,0.0,true
HiddenCover,16384,3000,clustered,19,9,13,0,528,0.029,0.0,true
HiddenCover,16384,3000,clustered,19,10,13,0,528,0.0286,0.0,true
HiddenCover,16384,3000,clustered,19,11,13,0,528,0.0287,0.0,true
HiddenCover,16384,3000,clustered,19,12,13,0,528,0.0287,0.0,true
HiddenCover,16384,3000,clustered,19,13,13,0,528,0.0286,0.0,true
HiddenCover,16384,3000,clustered,19,14,13,0,528,0.0286,0.0,true
HiddenCover,16384,3000,clustered,19,15,13,0,528,0.028900000000000002,0.0,true
HiddenCover,16384,3000,clustered,19,16,13,0,528,0.0287,0.0,true
HiddenCover,16384,3000,clustered,19,17,13,0,528,0.0286,0.0,true
HiddenCover,16384,3000,clustered,19,18,13,0,528,0.0286,0.0,true
HiddenCover,16384,3000,clustered,19,19,13,0,528,0.0287,0.0,true
HiddenCover,16384,3000,clustered,19,20,13,0,528,0.028900000000000002,0.0,true
HiddenCover,16384,3000,clustered,19,21,13,0,528,0.0314,0.0,true
HiddenCover,16384,3000,clustered,19,22,13,0,528,0.0339,0.0,true
HiddenCover,16384,3000,clustered,19,23,13,0,528,0.0286,0.0,true
HiddenCover,16384,3000,clustered,19,24,13,0,528,0.0286,0.0,true
HiddenCover,16384,3000,clustered,19,25,13,0,528,0.0285,0.0,true
HiddenCover,16384,3000,clustered,19,26,13,0,528,0.0287,0.0,true
HiddenCover,16384,3000,clustered,19,27,13,0,528,0.0288,0.0,true
HiddenCover,16384,3000,clustered,19,28,13,0,528,0.0288,0.0,true
HiddenCover,16384,3000,clustered,19,29,13,0,528,0.0285,0.0,true
HiddenCover,16384,3000,random,0,0,5637,0,180496,1.8358,0.0,true
HiddenCover,16384,3000,random,0,1,5637,0,180496,1.8189,0.0,true
HiddenCover,16384,3000,random,0,2,5637,0,180496,1.8333,0.0,true
HiddenCover,16384,3000,random,0,3,5637,0,180496,1.8272,0.0,true
HiddenCover,16384,3000,random,0,4,5637,0,180496,1.8034999999999999,0.0,true
HiddenCover,16384,3000,random,0,5,5637,0,180496,1.3503,0.0,true
HiddenCover,16384,3000,random,0,6,5637,0,180496,1.6929,0.0,true
HiddenCover,16384,3000,random,0,7,5637,0,180496,1.2091999999999998,0.0,true
HiddenCover,16384,3000,random,0,8,5637,0,180496,1.0562,0.0,true
HiddenCover,16384,3000,random,0,9,5637,0,180496,1.0485,0.0,true
HiddenCover,16384,3000,random,0,10,5637,0,180496,1.0939999999999999,0.0,true
HiddenCover,16384,3000,random,0,11,5637,0,180496,1.1544999999999999,0.0,true
HiddenCover,16384,3000,random,0,12,5637,0,180496,1.0936,0.0,true
HiddenCover,16384,3000,random,0,13,5637,0,180496,1.0494,0.0,true
HiddenCover,16384,3000,random,0,14,5637,0,180496,1.0481,0.0,true
HiddenCover,16384,3000,random,0,15,5637,0,180496,1.0560999999999998,0.0,true
HiddenCover,16384,3000,random,0,16,5637,0,180496,1.0690000000000002,0.0,true
HiddenCover,16384,3000,random,0,17,5637,0,180496,1.0505,0.0,true
HiddenCover,16384,3000,random,0,18,5637,0,180496,1.0495999999999999,0.0,true
HiddenCover,16384,3000,random,0,19,5637,0,180496,1.0855000000000001,0.0,true
HiddenCover,16384,3000,random,0,20,5637,0,180496,1.8336999999999999,0.0,true
HiddenCover,16384,3000,random,0,21,5637,0,180496,1.8683,0.0,true
HiddenCover,16384,3000,random,0,22,5637,0,180496,1.8266,0.0,true
HiddenCover,16384,3000,random,0,23,5637,0,180496,1.805,0.0,true
HiddenCover,16384,3000,random,0,24,5637,0,180496,1.0797,0.0,true
HiddenCover,16384,3000,random,0,25,5637,0,180496,1.0494,0.0,true
HiddenCover,16384,3000,random,0,26,5637,0,180496,1.0579999999999998,0.0,true
HiddenCover,16384,3000,random,0,27,5637,0,180496,1.0512,0.0,true
HiddenCover,16384,3000,random,0,28,5637,0,180496,1.052,0.0,true
HiddenCover,16384,3000,random,0,29,5637,0,180496,1.0475,0.0,true
HiddenCover,16384,3000,random,1,0,5686,0,182064,1.8567,0.0,true
HiddenCover,16384,3000,random,1,1,5686,0,182064,1.8914,0.0,true
HiddenCover,16384,3000,random,1,2,5686,0,182064,1.831,0.0,true
HiddenCover,16384,3000,random,1,3,5686,0,182064,1.8397999999999999,0.0,true
HiddenCover,16384,3000,random,1,4,5686,0,182064,1.839,0.0,true
HiddenCover,16384,3000,random,1,5,5686,0,182064,1.8591,0.0,true
HiddenCover,16384,3000,random,1,6,5686,0,182064,1.2202,0.0,true
HiddenCover,16384,3000,random,1,7,5686,0,182064,1.1135,0.0,true
HiddenCover,16384,3000,random,1,8,5686,0,182064,1.0925,0.0,true
HiddenCover,16384,3000,random,1,9,5686,0,182064,1.0725,0.0,true
HiddenCover,16384,3000,random,1,10,5686,0,182064,1.6581000000000001,0.0,true
HiddenCover,16384,3000,random,1,11,5686,0,182064,1.0668,0.0,true
HiddenCover,16384,3000,random,1,12,5686,0,182064,1.0601,0.0,true
HiddenCover,16384,3000,random,1,13,5686,0,182064,1.0702,0.0,true
HiddenCover,16384,3000,random,1,14,5686,0,182064,1.074,0.0,true
HiddenCover,16384,3000,random,1,15,5686,0,182064,1.0509,0.0,true
HiddenCover,16384,3000,random,1,16,5686,0,182064,1.095,0.0,true
HiddenCover,16384,3000,random,1,17,5686,0,182064,1.0558,0.0,true
HiddenCover,16384,3000,random,1,18,5686,0,182064,1.0593,0.0,true
HiddenCover,16384,3000,random,1,19,5686,0,182064,1.0583,0.0,true
HiddenCover,16384,3000,random,1,20,5686,0,182064,1.5248,0.0,true
HiddenCover,16384,3000,random,1,21,5686,0,182064,1.1493,0.0,true
HiddenCover,16384,3000,random,1,22,5686,0,182064,1.1263,0.0,true
HiddenCover,16384,3000,random,1,23,5686,0,182064,1.1549,0.0,true
HiddenCover,16384,3000,random,1,24,5686,0,182064,1.0743,0.0,true
HiddenCover,16384,3000,random,1,25,5686,0,182064,1.0806,0.0,true
HiddenCover,16384,3000,random,1,26,5686,0,182064,1.0609,0.0,true
HiddenCover,16384,3000,random,1,27,5686,0,182064,1.0533000000000001,0.0,true
HiddenCover,16384,3000,random,1,28,5686,0,182064,1.0695,0.0,true
HiddenCover,16384,3000,random,1,29,5686,0,182064,1.0724,0.0,true
HiddenCover,16384,3000,random,2,0,5569,0,178320,1.8032000000000001,0.0,true
HiddenCover,16384,3000,random,2,1,5569,0,178320,1.811,0.0,true
HiddenCover,16384,3000,random,2,2,5569,0,178320,1.8083,0.0,true
HiddenCover,16384,3000,random,2,3,5569,0,178320,1.8049,0.0,true
HiddenCover,16384,3000,random,2,4,5569,0,178320,1.8085,0.0,true
HiddenCover,16384,3000,random,2,5,5569,0,178320,1.8134,0.0,true
HiddenCover,16384,3000,random,2,6,5569,0,178320,1.7829,0.0,true
HiddenCover,16384,3000,random,2,7,5569,0,178320,1.5733,0.0,true
HiddenCover,16384,3000,random,2,8,5569,0,178320,1.0737999999999999,0.0,true
HiddenCover,16384,3000,random,2,9,5569,0,178320,1.0352000000000001,0.0,true
HiddenCover,16384,3000,random,2,10,5569,0,178320,1.0408,0.0,true
HiddenCover,16384,3000,random,2,11,5569,0,178320,1.0414,0.0,true
HiddenCover,16384,3000,random,2,12,5569,0,178320,1.0387,0.0,true
HiddenCover,16384,3000,random,2,13,5569,0,178320,1.0569,0.0,true
HiddenCover,16384,3000,random,2,14,5569,0,178320,1.0506,0.0,true
HiddenCover,16384,3000,random,2,15,5569,0,178320,1.0457999999999998,0.0,true
HiddenCover,16384,3000,random,2,16,5569,0,178320,1.0476,0.0,true
HiddenCover,16384,3000,random,2,17,5569,0,178320,1.0469,0.0,true
HiddenCover,16384,3000,random,2,18,5569,0,178320,1.0797,0.0,true
HiddenCover,16384,3000,random,2,19,5569,0,178320,1.0407000000000002,0.0,true
HiddenCover,16384,3000,random,2,20,5569,0,178320,1.0478,0.0,true
HiddenCover,16384,3000,random,2,21,5569,0,178320,1.9667999999999999,0.0,true
HiddenCover,16384,3000,random,2,22,5569,0,178320,1.8287,0.0,true
HiddenCover,16384,3000,random,2,23,5569,0,178320,1.1264,0.0,true
HiddenCover,16384,3000,random,2,24,5569,0,178320,1.0594999999999999,0.0,true
HiddenCover,16384,3000,random,2,25,5569,0,178320,1.0393,0.0,true
HiddenCover,16384,3000,random,2,26,5569,0,178320,1.0329,0.0,true
HiddenCover,16384,3000,random,2,27,5569,0,178320,1.0526000000000002,0.0,true
HiddenCover,16384,3000,random,2,28,5569,0,178320,1.0371,0.0,true
HiddenCover,16384,3000,random,2,29,5569,0,178320,1.0387,0.0,true
HiddenCover,16384,3000,random,3,0,5642,0,180656,1.0534,0.0,true
HiddenCover,16384,3000,random,3,1,5642,0,180656,1.073,0.0,true
HiddenCover,16384,3000,random,3,2,5642,0,180656,1.059,0.0,true
HiddenCover,16384,3000,random,3,3,5642,0,180656,1.0502,0.0,true
HiddenCover,16384,3000,random,3,4,5642,0,180656,1.0869,0.0,true
HiddenCover,16384,3000,random,3,5,5642,0,180656,1.0698,0.0,true
HiddenCover,16384,3000,random,3,6,5642,0,180656,1.0668,0.0,true
HiddenCover,16384,3000,random,3,7,5642,0,180656,1.0663999999999998,0.0,true
HiddenCover,16384,3000,random,3,8,5642,0,180656,1.0451,0.0,true
HiddenCover,16384,3000,random,3,9,5642,0,180656,1.0689,0.0,true
HiddenCover,16384,3000,random,3,10,5642,0,180656,1.1753,0.0,true
HiddenCover,16384,3000,random,3,11,5642,0,180656,2.3406,0.0,true
HiddenCover,16384,3000,random,3,12,5642,0,180656,2.0479000000000003,0.0,true
HiddenCover,16384,3000,random,3,13,5642,0,180656,1.8542,0.0,true
HiddenCover,16384,3000,random,3,14,5642,0,180656,1.8509,0.0,true
HiddenCover,16384,3000,random,3,15,5642,0,180656,1.8572,0.0,true
HiddenCover,16384,3000,random,3,16,5642,0,180656,1.8688,0.0,true
HiddenCover,16384,3000,random,3,17,5642,0,180656,1.8516,0.0,true
HiddenCover,16384,3000,random,3,18,5642,0,180656,1.8525,0.0,true
HiddenCover,16384,3000,random,3,19,5642,0,180656,1.2804,0.0,true
HiddenCover,16384,3000,random,3,20,5642,0,180656,1.2144,0.0,true
HiddenCover,16384,3000,random,3,21,5642,0,180656,1.8356,0.0,true
HiddenCover,16384,3000,random,3,22,5642,0,180656,1.8502,0.0,true
HiddenCover,16384,3000,random,3,23,5642,0,180656,1.8644,0.0,true
HiddenCover,16384,3000,random,3,24,5642,0,180656,1.8872,0.0,true
HiddenCover,16384,3000,random,3,25,5642,0,180656,1.8614,0.0,true
HiddenCover,16384,3000,random,3,26,5642,0,180656,1.8647,0.0,true
HiddenCover,16384,3000,random,3,27,5642,0,180656,1.8686,0.0,true
HiddenCover,16384,3000,random,3,28,5642,0,180656,1.4624,0.0,true
HiddenCover,16384,3000,random,3,29,5642,0,180656,1.0663999999999998,0.0,true
HiddenCover,16384,3000,random,4,0,5642,0,180656,1.0701,0.0,true
HiddenCover,16384,3000,random,4,1,5642,0,180656,1.0610000000000002,0.0,true
HiddenCover,16384,3000,random,4,2,5642,0,180656,1.1088,0.0,true
HiddenCover,16384,3000,random,4,3,5642,0,180656,1.0564,0.0,true
HiddenCover,16384,3000,random,4,4,5642,0,180656,1.1742000000000001,0.0,true
HiddenCover,16384,3000,random,4,5,5642,0,180656,1.0491000000000001,0.0,true
HiddenCover,16384,3000,random,4,6,5642,0,180656,1.0476,0.0,true
HiddenCover,16384,3000,random,4,7,5642,0,180656,1.3192,0.0,true
HiddenCover,16384,3000,random,4,8,5642,0,180656,1.2303,0.0,true
HiddenCover,16384,3000,random,4,9,5642,0,180656,1.109,0.0,true
HiddenCover,16384,3000,random,4,10,5642,0,180656,1.0753,0.0,true
HiddenCover,16384,3000,random,4,11,5642,0,180656,1.0527,0.0,true
HiddenCover,16384,3000,random,4,12,5642,0,180656,1.0824,0.0,true
HiddenCover,16384,3000,random,4,13,5642,0,180656,1.0610000000000002,0.0,true
HiddenCover,16384,3000,random,4,14,5642,0,180656,1.0547,0.0,true
HiddenCover,16384,3000,random,4,15,5642,0,180656,1.0511,0.0,true
HiddenCover,16384,3000,random,4,16,5642,0,180656,1.0518999999999998,0.0,true
HiddenCover,16384,3000,random,4,17,5642,0,180656,1.0556999999999999,0.0,true
HiddenCover,16384,3000,random,4,18,5642,0,180656,1.0502,0.0,true
HiddenCover,16384,3000,random,4,19,5642,0,180656,1.8289,0.0,true
HiddenCover,16384,3000,random,4,20,5642,0,180656,1.8879000000000001,0.0,true
HiddenCover,16384,3000,random,4,21,5642,0,180656,1.7318,0.0,true
HiddenCover,16384,3000,random,4,22,5642,0,180656,1.5373999999999999,0.0,true
HiddenCover,16384,3000,random,4,23,5642,0,180656,1.0811,0.0,true
HiddenCover,16384,3000,random,4,24,5642,0,180656,1.055,0.0,true
HiddenCover,16384,3000,random,4,25,5642,0,180656,1.0686,0.0,true
HiddenCover,16384,3000,random,4,26,5642,0,180656,1.0692,0.0,true
HiddenCover,16384,3000,random,4,27,5642,0,180656,1.0985,0.0,true
HiddenCover,16384,3000,random,4,28,5642,0,180656,1.0633000000000001,0.0,true
HiddenCover,16384,3000,random,4,29,5642,0,180656,1.0532,0.0,true
HiddenCover,16384,3000,random,5,0,5610,0,179632,1.0579,0.0,true
HiddenCover,16384,3000,random,5,1,5610,0,179632,1.0486,0.0,true
HiddenCover,16384,3000,random,5,2,5610,0,179632,1.0679,0.0,true
HiddenCover,16384,3000,random,5,3,5610,0,179632,1.0744,0.0,true
HiddenCover,16384,3000,random,5,4,5610,0,179632,1.0566,0.0,true
HiddenCover,16384,3000,random,5,5,5610,0,179632,1.0525,0.0,true
HiddenCover,16384,3000,random,5,6,5610,0,179632,1.0697,0.0,true
HiddenCover,16384,3000,random,5,7,5610,0,179632,1.3094999999999999,0.0,true
HiddenCover,16384,3000,random,5,8,5610,0,179632,1.1824,0.0,true
HiddenCover,16384,3000,random,5,9,5610,0,179632,1.0678,0.0,true
HiddenCover,16384,3000,random,5,10,5610,0,179632,1.0421,0.0,true
HiddenCover,16384,3000,random,5,11,5610,0,179632,1.0533000000000001,0.0,true
HiddenCover,16384,3000,random,5,12,5610,0,179632,1.6719,0.0,true
HiddenCover,16384,3000,random,5,13,5610,0,179632,1.1613,0.0,true
HiddenCover,16384,3000,random,5,14,5610,0,179632,1.278,0.0,true
HiddenCover,16384,3000,random,5,15,5610,0,179632,1.0624,0.0,true
HiddenCover,16384,3000,random,5,16,5610,0,179632,1.0527,0.0,true
HiddenCover,16384,3000,random,5,17,5610,0,179632,1.0585,0.0,true
HiddenCover,16384,3000,random,5,18,5610,0,179632,1.0511,0.0,true
HiddenCover,16384,3000,random,5,19,5610,0,179632,1.0523,0.0,true
HiddenCover,16384,3000,random,5,20,5610,0,179632,1.044,0.0,true
HiddenCover,16384,3000,random,5,21,5610,0,179632,1.1437000000000002,0.0,true
HiddenCover,16384,3000,random,5,22,5610,0,179632,1.0485,0.0,true
HiddenCover,16384,3000,random,5,23,5610,0,179632,1.0703,0.0,true
HiddenCover,16384,3000,random,5,24,5610,0,179632,1.071,0.0,true
HiddenCover,16384,3000,random,5,25,5610,0,179632,1.0446,0.0,true
HiddenCover,16384,3000,random,5,26,5610,0,179632,1.1977,0.0,true
HiddenCover,16384,3000,random,5,27,5610,0,179632,1.9669,0.0,true
HiddenCover,16384,3000,random,5,28,5610,0,179632,1.8422,0.0,true
HiddenCover,16384,3000,random,5,29,5610,0,179632,1.8155000000000001,0.0,true
HiddenCover,16384,3000,random,6,0,5661,0,181264,1.5329,0.0,true
HiddenCover,16384,3000,random,6,1,5661,0,181264,1.1221,0.0,true
HiddenCover,16384,3000,random,6,2,5661,0,181264,1.1061999999999999,0.0,true
HiddenCover,16384,3000,random,6,3,5661,0,181264,1.0663,0.0,true
HiddenCover,16384,3000,random,6,4,5661,0,181264,1.064,0.0,true
HiddenCover,16384,3000,random,6,5,5661,0,181264,1.0612,0.0,true
HiddenCover,16384,3000,random,6,6,5661,0,181264,1.0702,0.0,true
HiddenCover,16384,3000,random,6,7,5661,0,181264,1.0804,0.0,true
HiddenCover,16384,3000,random,6,8,5661,0,181264,1.2396,0.0,true
HiddenCover,16384,3000,random,6,9,5661,0,181264,1.1359,0.0,true
HiddenCover,16384,3000,random,6,10,5661,0,181264,1.0571000000000002,0.0,true
HiddenCover,16384,3000,random,6,11,5661,0,181264,1.0532,0.0,true
HiddenCover,16384,3000,random,6,12,5661,0,181264,1.0633000000000001,0.0,true
HiddenCover,16384,3000,random,6,13,5661,0,181264,1.0640999999999998,0.0,true
HiddenCover,16384,3000,random,6,14,5661,0,181264,1.0523,0.0,true
HiddenCover,16384,3000,random,6,15,5661,0,181264,1.4826,0.0,true
HiddenCover,16384,3000,random,6,16,5661,0,181264,1.1148,0.0,true
HiddenCover,16384,3000,random,6,17,5661,0,181264,1.1331,0.0,true
HiddenCover,16384,3000,random,6,18,5661,0,181264,1.0834,0.0,true
HiddenCover,16384,3000,random,6,19,5661,0,181264,1.0612,0.0,true
HiddenCover,16384,3000,random,6,20,5661,0,181264,1.0549,0.0,true
HiddenCover,16384,3000,random,6,21,5661,0,181264,1.0569,0.0,true
HiddenCover,16384,3000,random,6,22,5661,0,181264,1.0575,0.0,true
HiddenCover,16384,3000,random,6,23,5661,0,181264,1.1041,0.0,true
HiddenCover,16384,3000,random,6,24,5661,0,181264,1.0567,0.0,true
HiddenCover,16384,3000,random,6,25,5661,0,181264,1.0433000000000001,0.0,true
HiddenCover,16384,3000,random,6,26,5661,0,181264,1.0529000000000002,0.0,true
HiddenCover,16384,3000,random,6,27,5661,0,181264,1.0573,0.0,true
HiddenCover,16384,3000,random,6,28,5661,0,181264,1.0563,0.0,true
HiddenCover,16384,3000,random,6,29,5661,0,181264,1.05,0.0,true
HiddenCover,16384,3000,random,7,0,5672,0,181616,1.8985,0.0,true
HiddenCover,16384,3000,random,7,1,5672,0,181616,1.8504,0.0,true
HiddenCover,16384,3000,random,7,2,5672,0,181616,1.8632,0.0,true
HiddenCover,16384,3000,random,7,3,5672,0,181616,1.8468,0.0,true
HiddenCover,16384,3000,random,7,4,5672,0,181616,1.8534000000000002,0.0,true
HiddenCover,16384,3000,random,7,5,5672,0,181616,1.346,0.0,true
HiddenCover,16384,3000,random,7,6,5672,0,181616,1.0598,0.0,true
HiddenCover,16384,3000,random,7,7,5672,0,181616,1.0611,0.0,true
HiddenCover,16384,3000,random,7,8,5672,0,181616,1.0901,0.0,true
HiddenCover,16384,3000,random,7,9,5672,0,181616,1.1429,0.0,true
HiddenCover,16384,3000,random,7,10,5672,0,181616,1.0851000000000002,0.0,true
HiddenCover,16384,3000,random,7,11,5672,0,181616,1.0605,0.0,true
HiddenCover,16384,3000,random,7,12,5672,0,181616,1.0537999999999998,0.0,true
HiddenCover,16384,3000,random,7,13,5672,0,181616,1.0745,0.0,true
HiddenCover,16384,3000,random,7,14,5672,0,181616,1.0587000000000002,0.0,true
HiddenCover,16384,3000,random,7,15,5672,0,181616,1.0558,0.0,true
HiddenCover,16384,3000,random,7,16,5672,0,181616,1.0625,0.0,true
HiddenCover,16384,3000,random,7,17,5672,0,181616,1.0634,0.0,true
HiddenCover,16384,3000,random,7,18,5672,0,181616,1.4744000000000002,0.0,true
HiddenCover,16384,3000,random,7,19,5672,0,181616,1.6199000000000001,0.0,true
HiddenCover,16384,3000,random,7,20,5672,0,181616,1.0797,0.0,true
HiddenCover,16384,3000,random,7,21,5672,0,181616,1.0639,0.0,true
HiddenCover,16384,3000,random,7,22,5672,0,181616,1.0640999999999998,0.0,true
HiddenCover,16384,3000,random,7,23,5672,0,181616,1.1314,0.0,true
HiddenCover,16384,3000,random,7,24,5672,0,181616,1.2259,0.0,true
HiddenCover,16384,3000,random,7,25,5672,0,181616,1.5858,0.0,true
HiddenCover,16384,3000,random,7,26,5672,0,181616,1.7185,0.0,true
HiddenCover,16384,3000,random,7,27,5672,0,181616,1.4511,0.0,true
HiddenCover,16384,3000,random,7,28,5672,0,181616,1.0754,0.0,true
HiddenCover,16384,3000,random,7,29,5672,0,181616,1.0643,0.0,true
HiddenCover,16384,3000,random,8,0,5640,0,180592,1.0479,0.0,true
HiddenCover,16384,3000,random,8,1,5640,0,180592,1.0556999999999999,0.0,true
HiddenCover,16384,3000,random,8,2,5640,0,180592,1.0499,0.0,true
HiddenCover,16384,3000,random,8,3,5640,0,180592,1.0579,0.0,true
HiddenCover,16384,3000,random,8,4,5640,0,180592,1.0701,0.0,true
HiddenCover,16384,3000,random,8,5,5640,0,180592,1.1244,0.0,true
HiddenCover,16384,3000,random,8,6,5640,0,180592,1.0569,0.0,true
HiddenCover,16384,3000,random,8,7,5640,0,180592,1.0559,0.0,true
HiddenCover,16384,3000,random,8,8,5640,0,180592,1.8093,0.0,true
HiddenCover,16384,3000,random,8,9,5640,0,180592,1.8985,0.0,true
HiddenCover,16384,3000,random,8,10,5640,0,180592,1.1166,0.0,true
HiddenCover,16384,3000,random,8,11,5640,0,180592,1.5242,0.0,true
HiddenCover,16384,3000,random,8,12,5640,0,180592,1.1000999999999999,0.0,true
HiddenCover,16384,3000,random,8,13,5640,0,180592,1.0705,0.0,true
HiddenCover,16384,3000,random,8,14,5640,0,180592,1.0843,0.0,true
HiddenCover,16384,3000,random,8,15,5640,0,180592,1.0908,0.0,true
HiddenCover,16384,3000,random,8,16,5640,0,180592,1.0876,0.0,true
HiddenCover,16384,3000,random,8,17,5640,0,180592,1.0784,0.0,true
HiddenCover,16384,3000,random,8,18,5640,0,180592,1.0674000000000001,0.0,true
HiddenCover,16384,3000,random,8,19,5640,0,180592,1.0693,0.0,true
HiddenCover,16384,3000,random,8,20,5640,0,180592,1.0733,0.0,true
HiddenCover,16384,3000,random,8,21,5640,0,180592,1.1544,0.0,true
HiddenCover,16384,3000,random,8,22,5640,0,180592,1.4622000000000002,0.0,true
HiddenCover,16384,3000,random,8,23,5640,0,180592,1.085,0.0,true
HiddenCover,16384,3000,random,8,24,5640,0,180592,1.4015,0.0,true
HiddenCover,16384,3000,random,8,25,5640,0,180592,1.3899,0.0,true
HiddenCover,16384,3000,random,8,26,5640,0,180592,1.0973000000000002,0.0,true
HiddenCover,16384,3000,random,8,27,5640,0,180592,1.0871,0.0,true
HiddenCover,16384,3000,random,8,28,5640,0,180592,1.0545,0.0,true
HiddenCover,16384,3000,random,8,29,5640,0,180592,1.0514000000000001,0.0,true
HiddenCover,16384,3000,random,9,0,5635,0,180432,1.1134000000000002,0.0,true
HiddenCover,16384,3000,random,9,1,5635,0,180432,1.0529000000000002,0.0,true
HiddenCover,16384,3000,random,9,2,5635,0,180432,1.0527,0.0,true
HiddenCover,16384,3000,random,9,3,5635,0,180432,1.0554,0.0,true
HiddenCover,16384,3000,random,9,4,5635,0,180432,1.0455,0.0,true
HiddenCover,16384,3000,random,9,5,5635,0,180432,1.0486,0.0,true
HiddenCover,16384,3000,random,9,6,5635,0,180432,1.0595999999999999,0.0,true
HiddenCover,16384,3000,random,9,7,5635,0,180432,1.0731,0.0,true
HiddenCover,16384,3000,random,9,8,5635,0,180432,1.0528,0.0,true
HiddenCover,16384,3000,random,9,9,5635,0,180432,1.0493,0.0,true
HiddenCover,16384,3000,random,9,10,5635,0,180432,1.0514999999999999,0.0,true
HiddenCover,16384,3000,random,9,11,5635,0,180432,1.0643,0.0,true
HiddenCover,16384,3000,random,9,12,5635,0,180432,1.0497,0.0,true
HiddenCover,16384,3000,random,9,13,5635,0,180432,1.3412000000000002,0.0,true
HiddenCover,16384,3000,random,9,14,5635,0,180432,1.6852,0.0,true
HiddenCover,16384,3000,random,9,15,5635,0,180432,1.8425,0.0,true
HiddenCover,16384,3000,random,9,16,5635,0,180432,1.8441,0.0,true
HiddenCover,16384,3000,random,9,17,5635,0,180432,1.8568,0.0,true
HiddenCover,16384,3000,random,9,18,5635,0,180432,1.8669,0.0,true
HiddenCover,16384,3000,random,9,19,5635,0,180432,1.8874,0.0,true
HiddenCover,16384,3000,random,9,20,5635,0,180432,1.8628,0.0,true
HiddenCover,16384,3000,random,9,21,5635,0,180432,1.8461,0.0,true
HiddenCover,16384,3000,random,9,22,5635,0,180432,1.8048,0.0,true
HiddenCover,16384,3000,random,9,23,5635,0,180432,1.6826,0.0,true
HiddenCover,16384,3000,random,9,24,5635,0,180432,1.2982,0.0,true
HiddenCover,16384,3000,random,9,25,5635,0,180432,1.0498,0.0,true
HiddenCover,16384,3000,random,9,26,5635,0,180432,1.0410000000000001,0.0,true
HiddenCover,16384,3000,random,9,27,5635,0,180432,1.0508,0.0,true
HiddenCover,16384,3000,random,9,28,5635,0,180432,1.0679,0.0,true
HiddenCover,16384,3000,random,9,29,5635,0,180432,1.0479,0.0,true
HiddenCover,16384,3000,random,10,0,5683,0,181968,1.8581999999999999,0.0,true
HiddenCover,16384,3000,random,10,1,5683,0,181968,1.849,0.0,true
HiddenCover,16384,3000,random,10,2,5683,0,181968,1.8783999999999998,0.0,true
HiddenCover,16384,3000,random,10,3,5683,0,181968,1.8532,0.0,true
HiddenCover,16384,3000,random,10,4,5683,0,181968,1.8338,0.0,true
HiddenCover,16384,3000,random,10,5,5683,0,181968,1.8554000000000002,0.0,true
HiddenCover,16384,3000,random,10,6,5683,0,181968,1.845,0.0,true
HiddenCover,16384,3000,random,10,7,5683,0,181968,1.1624,0.0,true
HiddenCover,16384,3000,random,10,8,5683,0,181968,1.6086,0.0,true
HiddenCover,16384,3000,random,10,9,5683,0,181968,1.9327,0.0,true
HiddenCover,16384,3000,random,10,10,5683,0,181968,1.7981,0.0,true
HiddenCover,16384,3000,random,10,11,5683,0,181968,1.2042000000000002,0.0,true
HiddenCover,16384,3000,random,10,12,5683,0,181968,1.0917999999999999,0.0,true
HiddenCover,16384,3000,random,10,13,5683,0,181968,1.0673,0.0,true
HiddenCover,16384,3000,random,10,14,5683,0,181968,1.0621999999999998,0.0,true
HiddenCover,16384,3000,random,10,15,5683,0,181968,1.0698,0.0,true
HiddenCover,16384,3000,random,10,16,5683,0,181968,1.0661,0.0,true
HiddenCover,16384,3000,random,10,17,5683,0,181968,1.0668,0.0,true
HiddenCover,16384,3000,random,10,18,5683,0,181968,1.0672,0.0,true
HiddenCover,16384,3000,random,10,19,5683,0,181968,1.0735000000000001,0.0,true
HiddenCover,16384,3000,random,10,20,5683,0,181968,1.8642,0.0,true
HiddenCover,16384,3000,random,10,21,5683,0,181968,1.835,0.0,true
HiddenCover,16384,3000,random,10,22,5683,0,181968,1.2265,0.0,true
HiddenCover,16384,3000,random,10,23,5683,0,181968,1.1827999999999999,0.0,true
HiddenCover,16384,3000,random,10,24,5683,0,181968,1.0695,0.0,true
HiddenCover,16384,3000,random,10,25,5683,0,181968,1.0859999999999999,0.0,true
HiddenCover,16384,3000,random,10,26,5683,0,181968,1.0536,0.0,true
HiddenCover,16384,3000,random,10,27,5683,0,181968,1.062,0.0,true
HiddenCover,16384,3000,random,10,28,5683,0,181968,1.0579999999999998,0.0,true
HiddenCover,16384,3000,random,10,29,5683,0,181968,1.0668,0.0,true
HiddenCover,16384,3000,random,11,0,5739,0,183760,1.0868,0.0,true
HiddenCover,16384,3000,random,11,1,5739,0,183760,1.0873,0.0,true
HiddenCover,16384,3000,random,11,2,5739,0,183760,1.082,0.0,true
HiddenCover,16384,3000,random,11,3,5739,0,183760,1.0864,0.0,true
HiddenCover,16384,3000,random,11,4,5739,0,183760,1.0786,0.0,true
HiddenCover,16384,3000,random,11,5,5739,0,183760,1.0724,0.0,true
HiddenCover,16384,3000,random,11,6,5739,0,183760,1.0869,0.0,true
HiddenCover,16384,3000,random,11,7,5739,0,183760,1.0686,0.0,true
HiddenCover,16384,3000,random,11,8,5739,0,183760,1.1819,0.0,true
HiddenCover,16384,3000,random,11,9,5739,0,183760,1.0725,0.0,true
HiddenCover,16384,3000,random,11,10,5739,0,183760,1.0801999999999998,0.0,true
HiddenCover,16384,3000,random,11,11,5739,0,183760,1.0705,0.0,true
HiddenCover,16384,3000,random,11,12,5739,0,183760,1.648,0.0,true
HiddenCover,16384,3000,random,11,13,5739,0,183760,1.5051,0.0,true
HiddenCover,16384,3000,random,11,14,5739,0,183760,1.1424,0.0,true
HiddenCover,16384,3000,random,11,15,5739,0,183760,1.1999,0.0,true
HiddenCover,16384,3000,random,11,16,5739,0,183760,1.0714,0.0,true
HiddenCover,16384,3000,random,11,17,5739,0,183760,1.082,0.0,true
HiddenCover,16384,3000,random,11,18,5739,0,183760,1.0709,0.0,true
HiddenCover,16384,3000,random,11,19,5739,0,183760,1.0856,0.0,true
HiddenCover,16384,3000,random,11,20,5739,0,183760,1.0804,0.0,true
HiddenCover,16384,3000,random,11,21,5739,0,183760,1.1408,0.0,true
HiddenCover,16384,3000,random,11,22,5739,0,183760,1.1249,0.0,true
HiddenCover,16384,3000,random,11,23,5739,0,183760,1.6703,0.0,true
HiddenCover,16384,3000,random,11,24,5739,0,183760,1.2842,0.0,true
HiddenCover,16384,3000,random,11,25,5739,0,183760,1.1884000000000001,0.0,true
HiddenCover,16384,3000,random,11,26,5739,0,183760,1.6414000000000002,0.0,true
HiddenCover,16384,3000,random,11,27,5739,0,183760,1.1773,0.0,true
HiddenCover,16384,3000,random,11,28,5739,0,183760,1.1345999999999998,0.0,true
HiddenCover,16384,3000,random,11,29,5739,0,183760,1.1144,0.0,true
HiddenCover,16384,3000,random,12,0,5642,0,180656,1.0559,0.0,true
HiddenCover,16384,3000,random,12,1,5642,0,180656,1.0489,0.0,true
HiddenCover,16384,3000,random,12,2,5642,0,180656,1.3694,0.0,true
HiddenCover,16384,3000,random,12,3,5642,0,180656,1.7384,0.0,true
HiddenCover,16384,3000,random,12,4,5642,0,180656,1.1111,0.0,true
HiddenCover,16384,3000,random,12,5,5642,0,180656,1.06,0.0,true
HiddenCover,16384,3000,random,12,6,5642,0,180656,1.0621,0.0,true
HiddenCover,16384,3000,random,12,7,5642,0,180656,1.0639,0.0,true
HiddenCover,16384,3000,random,12,8,5642,0,180656,1.0767,0.0,true
HiddenCover,16384,3000,random,12,9,5642,0,180656,1.0546,0.0,true
HiddenCover,16384,3000,random,12,10,5642,0,180656,1.0468000000000002,0.0,true
HiddenCover,16384,3000,random,12,11,5642,0,180656,1.2361,0.0,true
HiddenCover,16384,3000,random,12,12,5642,0,180656,1.0443,0.0,true
HiddenCover,16384,3000,random,12,13,5642,0,180656,1.0434,0.0,true
HiddenCover,16384,3000,random,12,14,5642,0,180656,1.0437999999999998,0.0,true
HiddenCover,16384,3000,random,12,15,5642,0,180656,1.0465,0.0,true
HiddenCover,16384,3000,random,12,16,5642,0,180656,1.0617,0.0,true
HiddenCover,16384,3000,random,12,17,5642,0,180656,1.7252999999999998,0.0,true
HiddenCover,16384,3000,random,12,18,5642,0,180656,1.3787999999999998,0.0,true
HiddenCover,16384,3000,random,12,19,5642,0,180656,1.2036,0.0,true
HiddenCover,16384,3000,random,12,20,5642,0,180656,1.1726,0.0,true
HiddenCover,16384,3000,random,12,21,5642,0,180656,1.0644,0.0,true
HiddenCover,16384,3000,random,12,22,5642,0,180656,1.0623,0.0,true
HiddenCover,16384,3000,random,12,23,5642,0,180656,1.0495999999999999,0.0,true
HiddenCover,16384,3000,random,12,24,5642,0,180656,1.0876,0.0,true
HiddenCover,16384,3000,random,12,25,5642,0,180656,1.0933,0.0,true
HiddenCover,16384,3000,random,12,26,5642,0,180656,1.0514999999999999,0.0,true
HiddenCover,16384,3000,random,12,27,5642,0,180656,1.0621999999999998,0.0,true
HiddenCover,16384,3000,random,12,28,5642,0,180656,1.0576999999999999,0.0,true
HiddenCover,16384,3000,random,12,29,5642,0,180656,1.064,0.0,true
HiddenCover,16384,3000,random,13,0,5655,0,181072,1.1718,0.0,true
HiddenCover,16384,3000,random,13,1,5655,0,181072,1.0421,0.0,true
HiddenCover,16384,3000,random,13,2,5655,0,181072,1.0484,0.0,true
HiddenCover,16384,3000,random,13,3,5655,0,181072,1.0534,0.0,true
HiddenCover,16384,3000,random,13,4,5655,0,181072,1.0541,0.0,true
HiddenCover,16384,3000,random,13,5,5655,0,181072,1.0444,0.0,true
HiddenCover,16384,3000,random,13,6,5655,0,181072,1.0479,0.0,true
HiddenCover,16384,3000,random,13,7,5655,0,181072,1.0610000000000002,0.0,true
HiddenCover,16384,3000,random,13,8,5655,0,181072,1.4627,0.0,true
HiddenCover,16384,3000,random,13,9,5655,0,181072,1.847,0.0,true
HiddenCover,16384,3000,random,13,10,5655,0,181072,1.8592000000000002,0.0,true
HiddenCover,16384,3000,random,13,11,5655,0,181072,1.8836,0.0,true
HiddenCover,16384,3000,random,13,12,5655,0,181072,1.8719999999999999,0.0,true
HiddenCover,16384,3000,random,13,13,5655,0,181072,1.8278999999999999,0.0,true
HiddenCover,16384,3000,random,13,14,5655,0,181072,1.8336999999999999,0.0,true
HiddenCover,16384,3000,random,13,15,5655,0,181072,1.8381,0.0,true
HiddenCover,16384,3000,random,13,16,5655,0,181072,1.8324,0.0,true
HiddenCover,16384,3000,random,13,17,5655,0,181072,1.7744,0.0,true
HiddenCover,16384,3000,random,13,18,5655,0,181072,1.8991,0.0,true
HiddenCover,16384,3000,random,13,19,5655,0,181072,1.8439,0.0,true
HiddenCover,16384,3000,random,13,20,5655,0,181072,1.9572,0.0,true
HiddenCover,16384,3000,random,13,21,5655,0,181072,1.8267,0.0,true
HiddenCover,16384,3000,random,13,22,5655,0,181072,1.8334,0.0,true
HiddenCover,16384,3000,random,13,23,5655,0,181072,1.8201999999999998,0.0,true
HiddenCover,16384,3000,random,13,24,5655,0,181072,1.8239,0.0,true
HiddenCover,16384,3000,random,13,25,5655,0,181072,1.895,0.0,true
HiddenCover,16384,3000,random,13,26,5655,0,181072,1.8235000000000001,0.0,true
HiddenCover,16384,3000,random,13,27,5655,0,181072,1.0786,0.0,true
HiddenCover,16384,3000,random,13,28,5655,0,181072,1.0747,0.0,true
HiddenCover,16384,3000,random,13,29,5655,0,181072,1.0867,0.0,true
HiddenCover,16384,3000,random,14,0,5598,0,179248,1.0395,0.0,true
HiddenCover,16384,3000,random,14,1,5598,0,179248,1.0452000000000001,0.0,true
HiddenCover,16384,3000,random,14,2,5598,0,179248,1.0468000000000002,0.0,true
HiddenCover,16384,3000,random,14,3,5598,0,179248,1.2175,0.0,true
HiddenCover,16384,3000,random,14,4,5598,0,179248,1.7425,0.0,true
HiddenCover,16384,3000,random,14,5,5598,0,179248,1.1784000000000001,0.0,true
HiddenCover,16384,3000,random,14,6,5598,0,179248,1.7123,0.0,true
HiddenCover,16384,3000,random,14,7,5598,0,179248,1.8359999999999999,0.0,true
HiddenCover,16384,3000,random,14,8,5598,0,179248,1.8357,0.0,true
HiddenCover,16384,3000,random,14,9,5598,0,179248,1.8508,0.0,true
HiddenCover,16384,3000,random,14,10,5598,0,179248,1.8217999999999999,0.0,true
HiddenCover,16384,3000,random,14,11,5598,0,179248,1.8207,0.0,true
HiddenCover,16384,3000,random,14,12,5598,0,179248,1.8528,0.0,true
HiddenCover,16384,3000,random,14,13,5598,0,179248,1.7825,0.0,true
HiddenCover,16384,3000,random,14,14,5598,0,179248,1.6985999999999999,0.0,true
HiddenCover,16384,3000,random,14,15,5598,0,179248,1.1522999999999999,0.0,true
HiddenCover,16384,3000,random,14,16,5598,0,179248,1.078,0.0,true
HiddenCover,16384,3000,random,14,17,5598,0,179248,1.0826,0.0,true
HiddenCover,16384,3000,random,14,18,5598,0,179248,1.0532,0.0,true
HiddenCover,16384,3000,random,14,19,5598,0,179248,1.0565,0.0,true
HiddenCover,16384,3000,random,14,20,5598,0,179248,1.0449000000000002,0.0,true
HiddenCover,16384,3000,random,14,21,5598,0,179248,1.0597,0.0,true
HiddenCover,16384,3000,random,14,22,5598,0,179248,1.0437,0.0,true
HiddenCover,16384,3000,random,14,23,5598,0,179248,1.0503,0.0,true
HiddenCover,16384,3000,random,14,24,5598,0,179248,1.0608,0.0,true
HiddenCover,16384,3000,random,14,25,5598,0,179248,1.0688,0.0,true
HiddenCover,16384,3000,random,14,26,5598,0,179248,1.0447,0.0,true
HiddenCover,16384,3000,random,14,27,5598,0,179248,1.0482,0.0,true
HiddenCover,16384,3000,random,14,28,5598,0,179248,1.7681,0.0,true
HiddenCover,16384,3000,random,14,29,5598,0,179248,1.4978,0.0,true
HiddenCover,16384,3000,random,15,0,5615,0,179792,1.0551,0.0,true
HiddenCover,16384,3000,random,15,1,5615,0,179792,1.0556999999999999,0.0,true
HiddenCover,16384,3000,random,15,2,5615,0,179792,1.0546,0.0,true
HiddenCover,16384,3000,random,15,3,5615,0,179792,1.0722,0.0,true
HiddenCover,16384,3000,random,15,4,5615,0,179792,1.6107,0.0,true
HiddenCover,16384,3000,random,15,5,5615,0,179792,1.1216,0.0,true
HiddenCover,16384,3000,random,15,6,5615,0,179792,1.1106,0.0,true
HiddenCover,16384,3000,random,15,7,5615,0,179792,1.0602,0.0,true
HiddenCover,16384,3000,random,15,8,5615,0,179792,1.0511,0.0,true
HiddenCover,16384,3000,random,15,9,5615,0,179792,1.0553,0.0,true
HiddenCover,16384,3000,random,15,10,5615,0,179792,1.0640999999999998,0.0,true
HiddenCover,16384,3000,random,15,11,5615,0,179792,1.0688,0.0,true
HiddenCover,16384,3000,random,15,12,5615,0,179792,1.0505,0.0,true
HiddenCover,16384,3000,random,15,13,5615,0,179792,1.0436,0.0,true
HiddenCover,16384,3000,random,15,14,5615,0,179792,1.0586,0.0,true
HiddenCover,16384,3000,random,15,15,5615,0,179792,1.0759999999999998,0.0,true
HiddenCover,16384,3000,random,15,16,5615,0,179792,1.0612,0.0,true
HiddenCover,16384,3000,random,15,17,5615,0,179792,1.0413,0.0,true
HiddenCover,16384,3000,random,15,18,5615,0,179792,1.0434,0.0,true
HiddenCover,16384,3000,random,15,19,5615,0,179792,1.4667000000000001,0.0,true
HiddenCover,16384,3000,random,15,20,5615,0,179792,1.1092,0.0,true
HiddenCover,16384,3000,random,15,21,5615,0,179792,1.2216,0.0,true
HiddenCover,16384,3000,random,15,22,5615,0,179792,1.1804000000000001,0.0,true
HiddenCover,16384,3000,random,15,23,5615,0,179792,1.0493,0.0,true
HiddenCover,16384,3000,random,15,24,5615,0,179792,1.0573,0.0,true
HiddenCover,16384,3000,random,15,25,5615,0,179792,1.0523,0.0,true
HiddenCover,16384,3000,random,15,26,5615,0,179792,1.0465,0.0,true
HiddenCover,16384,3000,random,15,27,5615,0,179792,1.0433000000000001,0.0,true
HiddenCover,16384,3000,random,15,28,5615,0,179792,1.0553,0.0,true
HiddenCover,16384,3000,random,15,29,5615,0,179792,1.0463,0.0,true
HiddenCover,16384,3000,random,16,0,5688,0,182128,1.8203,0.0,true
HiddenCover,16384,3000,random,16,1,5688,0,182128,1.8359999999999999,0.0,true
HiddenCover,16384,3000,random,16,2,5688,0,182128,1.8243,0.0,true
HiddenCover,16384,3000,random,16,3,5688,0,182128,1.1155,0.0,true
HiddenCover,16384,3000,random,16,4,5688,0,182128,1.0969,0.0,true
HiddenCover,16384,3000,random,16,5,5688,0,182128,1.2242,0.0,true
HiddenCover,16384,3000,random,16,6,5688,0,182128,1.6457,0.0,true
HiddenCover,16384,3000,random,16,7,5688,0,182128,1.1808,0.0,true
HiddenCover,16384,3000,random,16,8,5688,0,182128,1.0835000000000001,0.0,true
HiddenCover,16384,3000,random,16,9,5688,0,182128,1.0645,0.0,true
HiddenCover,16384,3000,random,16,10,5688,0,182128,1.106,0.0,true
HiddenCover,16384,3000,random,16,11,5688,0,182128,1.1116,0.0,true
HiddenCover,16384,3000,random,16,12,5688,0,182128,1.0527,0.0,true
HiddenCover,16384,3000,random,16,13,5688,0,182128,1.0604,0.0,true
HiddenCover,16384,3000,random,16,14,5688,0,182128,1.0816999999999999,0.0,true
HiddenCover,16384,3000,random,16,15,5688,0,182128,1.0666,0.0,true
HiddenCover,16384,3000,random,16,16,5688,0,182128,1.261,0.0,true
HiddenCover,16384,3000,random,16,17,5688,0,182128,1.1278,0.0,true
HiddenCover,16384,3000,random,16,18,5688,0,182128,1.0549,0.0,true
HiddenCover,16384,3000,random,16,19,5688,0,182128,1.0639,0.0,true
HiddenCover,16384,3000,random,16,20,5688,0,182128,1.4882,0.0,true
HiddenCover,16384,3000,random,16,21,5688,0,182128,1.1522,0.0,true
HiddenCover,16384,3000,random,16,22,5688,0,182128,1.1845,0.0,true
HiddenCover,16384,3000,random,16,23,5688,0,182128,1.1325,0.0,true
HiddenCover,16384,3000,random,16,24,5688,0,182128,1.0723,0.0,true
HiddenCover,16384,3000,random,16,25,5688,0,182128,1.0515999999999999,0.0,true
HiddenCover,16384,3000,random,16,26,5688,0,182128,1.0605,0.0,true
HiddenCover,16384,3000,random,16,27,5688,0,182128,1.0606,0.0,true
HiddenCover,16384,3000,random,16,28,5688,0,182128,1.0612,0.0,true
HiddenCover,16384,3000,random,16,29,5688,0,182128,1.0585,0.0,true
HiddenCover,16384,3000,random,17,0,5622,0,180016,1.047,0.0,true
HiddenCover,16384,3000,random,17,1,5622,0,180016,1.06,0.0,true
HiddenCover,16384,3000,random,17,2,5622,0,180016,1.064,0.0,true
HiddenCover,16384,3000,random,17,3,5622,0,180016,1.0594000000000001,0.0,true
HiddenCover,16384,3000,random,17,4,5622,0,180016,1.0501,0.0,true
HiddenCover,16384,3000,random,17,5,5622,0,180016,1.0675000000000001,0.0,true
HiddenCover,16384,3000,random,17,6,5622,0,180016,1.0785,0.0,true
HiddenCover,16384,3000,random,17,7,5622,0,180016,1.1294,0.0,true
HiddenCover,16384,3000,random,17,8,5622,0,180016,1.0481,0.0,true
HiddenCover,16384,3000,random,17,9,5622,0,180016,1.053,0.0,true
HiddenCover,16384,3000,random,17,10,5622,0,180016,1.0528,0.0,true
HiddenCover,16384,3000,random,17,11,5622,0,180016,1.0493,0.0,true
HiddenCover,16384,3000,random,17,12,5622,0,180016,1.7247000000000001,0.0,true
HiddenCover,16384,3000,random,17,13,5622,0,180016,1.8258,0.0,true
HiddenCover,16384,3000,random,17,14,5622,0,180016,1.8502,0.0,true
HiddenCover,16384,3000,random,17,15,5622,0,180016,1.8414,0.0,true
HiddenCover,16384,3000,random,17,16,5622,0,180016,1.8404999999999998,0.0,true
HiddenCover,16384,3000,random,17,17,5622,0,180016,1.8841,0.0,true
HiddenCover,16384,3000,random,17,18,5622,0,180016,1.0625,0.0,true
HiddenCover,16384,3000,random,17,19,5622,0,180016,1.0526000000000002,0.0,true
HiddenCover,16384,3000,random,17,20,5622,0,180016,1.0556999999999999,0.0,true
HiddenCover,16384,3000,random,17,21,5622,0,180016,1.0843999999999998,0.0,true
HiddenCover,16384,3000,random,17,22,5622,0,180016,1.0673,0.0,true
HiddenCover,16384,3000,random,17,23,5622,0,180016,1.5039,0.0,true
HiddenCover,16384,3000,random,17,24,5622,0,180016,1.7303,0.0,true
HiddenCover,16384,3000,random,17,25,5622,0,180016,1.1535,0.0,true
HiddenCover,16384,3000,random,17,26,5622,0,180016,1.0903,0.0,true
HiddenCover,16384,3000,random,17,27,5622,0,180016,1.0432,0.0,true
HiddenCover,16384,3000,random,17,28,5622,0,180016,1.0502,0.0,true
HiddenCover,16384,3000,random,17,29,5622,0,180016,1.0511,0.0,true
HiddenCover,16384,3000,random,18,0,5646,0,180784,1.8256999999999999,0.0,true
HiddenCover,16384,3000,random,18,1,5646,0,180784,1.2692,0.0,true
HiddenCover,16384,3000,random,18,2,5646,0,180784,1.0769,0.0,true
HiddenCover,16384,3000,random,18,3,5646,0,180784,1.0522,0.0,true
HiddenCover,16384,3000,random,18,4,5646,0,180784,1.0623,0.0,true
HiddenCover,16384,3000,random,18,5,5646,0,180784,1.0797999999999999,0.0,true
HiddenCover,16384,3000,random,18,6,5646,0,180784,1.0574,0.0,true
HiddenCover,16384,3000,random,18,7,5646,0,180784,1.4377,0.0,true
HiddenCover,16384,3000,random,18,8,5646,0,180784,1.8129000000000002,0.0,true
HiddenCover,16384,3000,random,18,9,5646,0,180784,1.8713,0.0,true
HiddenCover,16384,3000,random,18,10,5646,0,180784,1.8212,0.0,true
HiddenCover,16384,3000,random,18,11,5646,0,180784,1.5245,0.0,true
HiddenCover,16384,3000,random,18,12,5646,0,180784,1.6212,0.0,true
HiddenCover,16384,3000,random,18,13,5646,0,180784,1.4185999999999999,0.0,true
HiddenCover,16384,3000,random,18,14,5646,0,180784,1.2842,0.0,true
HiddenCover,16384,3000,random,18,15,5646,0,180784,1.0687,0.0,true
HiddenCover,16384,3000,random,18,16,5646,0,180784,1.0578,0.0,true
HiddenCover,16384,3000,random,18,17,5646,0,180784,1.0663,0.0,true
HiddenCover,16384,3000,random,18,18,5646,0,180784,1.416,0.0,true
HiddenCover,16384,3000,random,18,19,5646,0,180784,1.8406,0.0,true
HiddenCover,16384,3000,random,18,20,5646,0,180784,1.8139,0.0,true
HiddenCover,16384,3000,random,18,21,5646,0,180784,1.8195999999999999,0.0,true
HiddenCover,16384,3000,random,18,22,5646,0,180784,1.8148000000000002,0.0,true
HiddenCover,16384,3000,random,18,23,5646,0,180784,1.8729,0.0,true
HiddenCover,16384,3000,random,18,24,5646,0,180784,1.1329,0.0,true
HiddenCover,16384,3000,random,18,25,5646,0,180784,1.0948,0.0,true
HiddenCover,16384,3000,random,18,26,5646,0,180784,1.0977000000000001,0.0,true
HiddenCover,16384,3000,random,18,27,5646,0,180784,1.065,0.0,true
HiddenCover,16384,3000,random,18,28,5646,0,180784,1.1681000000000001,0.0,true
HiddenCover,16384,3000,random,18,29,5646,0,180784,1.0610000000000002,0.0,true
HiddenCover,16384,3000,random,19,0,5656,0,181104,1.8780999999999999,0.0,true
HiddenCover,16384,3000,random,19,1,5656,0,181104,1.8242,0.0,true
HiddenCover,16384,3000,random,19,2,5656,0,181104,1.7987000000000002,0.0,true
HiddenCover,16384,3000,random,19,3,5656,0,181104,1.1100999999999999,0.0,true
HiddenCover,16384,3000,random,19,4,5656,0,181104,1.0579,0.0,true
HiddenCover,16384,3000,random,19,5,5656,0,181104,1.0512,0.0,true
HiddenCover,16384,3000,random,19,6,5656,0,181104,1.0621999999999998,0.0,true
HiddenCover,16384,3000,random,19,7,5656,0,181104,1.0697,0.0,true
HiddenCover,16384,3000,random,19,8,5656,0,181104,1.07,0.0,true
HiddenCover,16384,3000,random,19,9,5656,0,181104,1.0607,0.0,true
HiddenCover,16384,3000,random,19,10,5656,0,181104,1.0708,0.0,true
HiddenCover,16384,3000,random,19,11,5656,0,181104,1.078,0.0,true
HiddenCover,16384,3000,random,19,12,5656,0,181104,1.36,0.0,true
HiddenCover,16384,3000,random,19,13,5656,0,181104,1.9465000000000001,0.0,true
HiddenCover,16384,3000,random,19,14,5656,0,181104,1.8367,0.0,true
HiddenCover,16384,3000,random,19,15,5656,0,181104,1.8206,0.0,true
HiddenCover,16384,3000,random,19,16,5656,0,181104,1.8372,0.0,true
HiddenCover,16384,3000,random,19,17,5656,0,181104,1.8018,0.0,true
HiddenCover,16384,3000,random,19,18,5656,0,181104,1.8365,0.0,true
HiddenCover,16384,3000,random,19,19,5656,0,181104,1.825,0.0,true
HiddenCover,16384,3000,random,19,20,5656,0,181104,1.8215,0.0,true
HiddenCover,16384,3000,random,19,21,5656,0,181104,1.3776000000000002,0.0,true
HiddenCover,16384,3000,random,19,22,5656,0,181104,1.8172,0.0,true
HiddenCover,16384,3000,random,19,23,5656,0,181104,1.2853,0.0,true
HiddenCover,16384,3000,random,19,24,5656,0,181104,1.0733,0.0,true
HiddenCover,16384,3000,random,19,25,5656,0,181104,1.0839,0.0,true
HiddenCover,16384,3000,random,19,26,5656,0,181104,1.0567,0.0,true
HiddenCover,16384,3000,random,19,27,5656,0,181104,1.0744,0.0,true
HiddenCover,16384,3000,random,19,28,5656,0,181104,1.0502,0.0,true
HiddenCover,16384,3000,random,19,29,5656,0,181104,1.071,0.0,true
HiddenCover,16384,3000,dispersed,0,0,7096,0,227184,1.3106,0.0,true
HiddenCover,16384,3000,dispersed,0,1,7096,0,227184,1.3209,0.0,true
HiddenCover,16384,3000,dispersed,0,2,7096,0,227184,1.3136,0.0,true
HiddenCover,16384,3000,dispersed,0,3,7096,0,227184,1.3107,0.0,true
HiddenCover,16384,3000,dispersed,0,4,7096,0,227184,1.3628,0.0,true
HiddenCover,16384,3000,dispersed,0,5,7096,0,227184,1.3178,0.0,true
HiddenCover,16384,3000,dispersed,0,6,7096,0,227184,1.3225,0.0,true
HiddenCover,16384,3000,dispersed,0,7,7096,0,227184,1.3188,0.0,true
HiddenCover,16384,3000,dispersed,0,8,7096,0,227184,1.3278,0.0,true
HiddenCover,16384,3000,dispersed,0,9,7096,0,227184,1.936,0.0,true
HiddenCover,16384,3000,dispersed,0,10,7096,0,227184,1.3680999999999999,0.0,true
HiddenCover,16384,3000,dispersed,0,11,7096,0,227184,1.3439,0.0,true
HiddenCover,16384,3000,dispersed,0,12,7096,0,227184,1.3336000000000001,0.0,true
HiddenCover,16384,3000,dispersed,0,13,7096,0,227184,1.3458999999999999,0.0,true
HiddenCover,16384,3000,dispersed,0,14,7096,0,227184,1.3339,0.0,true
HiddenCover,16384,3000,dispersed,0,15,7096,0,227184,1.3237999999999999,0.0,true
HiddenCover,16384,3000,dispersed,0,16,7096,0,227184,1.3203,0.0,true
HiddenCover,16384,3000,dispersed,0,17,7096,0,227184,1.3256999999999999,0.0,true
HiddenCover,16384,3000,dispersed,0,18,7096,0,227184,1.3204,0.0,true
HiddenCover,16384,3000,dispersed,0,19,7096,0,227184,1.3105,0.0,true
HiddenCover,16384,3000,dispersed,0,20,7096,0,227184,1.3126,0.0,true
HiddenCover,16384,3000,dispersed,0,21,7096,0,227184,2.2569,0.0,true
HiddenCover,16384,3000,dispersed,0,22,7096,0,227184,2.3835,0.0,true
HiddenCover,16384,3000,dispersed,0,23,7096,0,227184,2.3836999999999997,0.0,true
HiddenCover,16384,3000,dispersed,0,24,7096,0,227184,2.3596,0.0,true
HiddenCover,16384,3000,dispersed,0,25,7096,0,227184,2.3763,0.0,true
HiddenCover,16384,3000,dispersed,0,26,7096,0,227184,2.3514,0.0,true
HiddenCover,16384,3000,dispersed,0,27,7096,0,227184,2.2678,0.0,true
HiddenCover,16384,3000,dispersed,0,28,7096,0,227184,2.5032,0.0,true
HiddenCover,16384,3000,dispersed,0,29,7096,0,227184,1.8554000000000002,0.0,true
HiddenCover,16384,3000,dispersed,1,0,7096,0,227184,1.3187,0.0,true
HiddenCover,16384,3000,dispersed,1,1,7096,0,227184,2.4342,0.0,true
HiddenCover,16384,3000,dispersed,1,2,7096,0,227184,2.3073,0.0,true
HiddenCover,16384,3000,dispersed,1,3,7096,0,227184,2.2836000000000003,0.0,true
HiddenCover,16384,3000,dispersed,1,4,7096,0,227184,2.2748999999999997,0.0,true
HiddenCover,16384,3000,dispersed,1,5,7096,0,227184,2.2981,0.0,true
HiddenCover,16384,3000,dispersed,1,6,7096,0,227184,2.2971,0.0,true
HiddenCover,16384,3000,dispersed,1,7,7096,0,227184,2.3382,0.0,true
HiddenCover,16384,3000,dispersed,1,8,7096,0,227184,1.5563,0.0,true
HiddenCover,16384,3000,dispersed,1,9,7096,0,227184,2.3605,0.0,true
HiddenCover,16384,3000,dispersed,1,10,7096,0,227184,2.3219,0.0,true
HiddenCover,16384,3000,dispersed,1,11,7096,0,227184,2.3569,0.0,true
HiddenCover,16384,3000,dispersed,1,12,7096,0,227184,2.3108,0.0,true
HiddenCover,16384,3000,dispersed,1,13,7096,0,227184,2.3011,0.0,true
HiddenCover,16384,3000,dispersed,1,14,7096,0,227184,1.8165,0.0,true
HiddenCover,16384,3000,dispersed,1,15,7096,0,227184,1.6534,0.0,true
HiddenCover,16384,3000,dispersed,1,16,7096,0,227184,1.5881999999999998,0.0,true
HiddenCover,16384,3000,dispersed,1,17,7096,0,227184,2.2313,0.0,true
HiddenCover,16384,3000,dispersed,1,18,7096,0,227184,2.0246,0.0,true
HiddenCover,16384,3000,dispersed,1,19,7096,0,227184,2.1097,0.0,true
HiddenCover,16384,3000,dispersed,1,20,7096,0,227184,2.1134,0.0,true
HiddenCover,16384,3000,dispersed,1,21,7096,0,227184,1.5534999999999999,0.0,true
HiddenCover,16384,3000,dispersed,1,22,7096,0,227184,1.3117999999999999,0.0,true
HiddenCover,16384,3000,dispersed,1,23,7096,0,227184,1.3439,0.0,true
HiddenCover,16384,3000,dispersed,1,24,7096,0,227184,1.4247999999999998,0.0,true
HiddenCover,16384,3000,dispersed,1,25,7096,0,227184,1.3688,0.0,true
HiddenCover,16384,3000,dispersed,1,26,7096,0,227184,1.7689,0.0,true
HiddenCover,16384,3000,dispersed,1,27,7096,0,227184,1.4276,0.0,true
HiddenCover,16384,3000,dispersed,1,28,7096,0,227184,1.3548,0.0,true
HiddenCover,16384,3000,dispersed,1,29,7096,0,227184,1.3455,0.0,true
HiddenCover,16384,3000,dispersed,2,0,7096,0,227184,1.4967,0.0,true
HiddenCover,16384,3000,dispersed,2,1,7096,0,227184,1.7523,0.0,true
HiddenCover,16384,3000,dispersed,2,2,7096,0,227184,1.3718000000000001,0.0,true
HiddenCover,16384,3000,dispersed,2,3,7096,0,227184,1.3233,0.0,true
HiddenCover,16384,3000,dispersed,2,4,7096,0,227184,1.3139,0.0,true
HiddenCover,16384,3000,dispersed,2,5,7096,0,227184,1.317,0.0,true
HiddenCover,16384,3000,dispersed,2,6,7096,0,227184,1.3236999999999999,0.0,true
HiddenCover,16384,3000,dispersed,2,7,7096,0,227184,1.3434,0.0,true
HiddenCover,16384,3000,dispersed,2,8,7096,0,227184,1.3392,0.0,true
HiddenCover,16384,3000,dispersed,2,9,7096,0,227184,1.3251000000000002,0.0,true
HiddenCover,16384,3000,dispersed,2,10,7096,0,227184,1.3121999999999998,0.0,true
HiddenCover,16384,3000,dispersed,2,11,7096,0,227184,1.8699999999999999,0.0,true
HiddenCover,16384,3000,dispersed,2,12,7096,0,227184,1.4117000000000002,0.0,true
HiddenCover,16384,3000,dispersed,2,13,7096,0,227184,1.3796,0.0,true
HiddenCover,16384,3000,dispersed,2,14,7096,0,227184,1.3436,0.0,true
HiddenCover,16384,3000,dispersed,2,15,7096,0,227184,1.3221,0.0,true
HiddenCover,16384,3000,dispersed,2,16,7096,0,227184,1.3155000000000001,0.0,true
HiddenCover,16384,3000,dispersed,2,17,7096,0,227184,1.3195999999999999,0.0,true
HiddenCover,16384,3000,dispersed,2,18,7096,0,227184,1.3142,0.0,true
HiddenCover,16384,3000,dispersed,2,19,7096,0,227184,1.4406,0.0,true
HiddenCover,16384,3000,dispersed,2,20,7096,0,227184,1.3237999999999999,0.0,true
HiddenCover,16384,3000,dispersed,2,21,7096,0,227184,1.3225,0.0,true
HiddenCover,16384,3000,dispersed,2,22,7096,0,227184,1.32,0.0,true
HiddenCover,16384,3000,dispersed,2,23,7096,0,227184,1.9417,0.0,true
HiddenCover,16384,3000,dispersed,2,24,7096,0,227184,1.407,0.0,true
HiddenCover,16384,3000,dispersed,2,25,7096,0,227184,1.3442,0.0,true
HiddenCover,16384,3000,dispersed,2,26,7096,0,227184,1.3301,0.0,true
HiddenCover,16384,3000,dispersed,2,27,7096,0,227184,1.3387,0.0,true
HiddenCover,16384,3000,dispersed,2,28,7096,0,227184,1.3653,0.0,true
HiddenCover,16384,3000,dispersed,2,29,7096,0,227184,1.3395,0.0,true
HiddenCover,16384,3000,dispersed,3,0,7096,0,227184,1.2672,0.0,true
HiddenCover,16384,3000,dispersed,3,1,7096,0,227184,1.2891000000000001,0.0,true
HiddenCover,16384,3000,dispersed,3,2,7096,0,227184,1.4379,0.0,true
HiddenCover,16384,3000,dispersed,3,3,7096,0,227184,1.3686,0.0,true
HiddenCover,16384,3000,dispersed,3,4,7096,0,227184,1.3426,0.0,true
HiddenCover,16384,3000,dispersed,3,5,7096,0,227184,1.3249,0.0,true
HiddenCover,16384,3000,dispersed,3,6,7096,0,227184,1.323,0.0,true
HiddenCover,16384,3000,dispersed,3,7,7096,0,227184,1.3423,0.0,true
HiddenCover,16384,3000,dispersed,3,8,7096,0,227184,1.542,0.0,true
HiddenCover,16384,3000,dispersed,3,9,7096,0,227184,2.1832000000000003,0.0,true
HiddenCover,16384,3000,dispersed,3,10,7096,0,227184,1.4923,0.0,true
HiddenCover,16384,3000,dispersed,3,11,7096,0,227184,1.3481,0.0,true
HiddenCover,16384,3000,dispersed,3,12,7096,0,227184,1.3263,0.0,true
HiddenCover,16384,3000,dispersed,3,13,7096,0,227184,2.4130000000000003,0.0,true
HiddenCover,16384,3000,dispersed,3,14,7096,0,227184,2.3600000000000003,0.0,true
HiddenCover,16384,3000,dispersed,3,15,7096,0,227184,1.6408,0.0,true
HiddenCover,16384,3000,dispersed,3,16,7096,0,227184,1.3333,0.0,true
HiddenCover,16384,3000,dispersed,3,17,7096,0,227184,1.3296000000000001,0.0,true
HiddenCover,16384,3000,dispersed,3,18,7096,0,227184,1.8505,0.0,true
HiddenCover,16384,3000,dispersed,3,19,7096,0,227184,1.9058,0.0,true
HiddenCover,16384,3000,dispersed,3,20,7096,0,227184,1.3814000000000002,0.0,true
HiddenCover,16384,3000,dispersed,3,21,7096,0,227184,1.3371,0.0,true
HiddenCover,16384,3000,dispersed,3,22,7096,0,227184,1.4005999999999998,0.0,true
HiddenCover,16384,3000,dispersed,3,23,7096,0,227184,1.3569,0.0,true
HiddenCover,16384,3000,dispersed,3,24,7096,0,227184,1.3320999999999998,0.0,true
HiddenCover,16384,3000,dispersed,3,25,7096,0,227184,1.3392,0.0,true
HiddenCover,16384,3000,dispersed,3,26,7096,0,227184,1.3235000000000001,0.0,true
HiddenCover,16384,3000,dispersed,3,27,7096,0,227184,1.3256,0.0,true
HiddenCover,16384,3000,dispersed,3,28,7096,0,227184,1.3132000000000001,0.0,true
HiddenCover,16384,3000,dispersed,3,29,7096,0,227184,1.3226,0.0,true
HiddenCover,16384,3000,dispersed,4,0,7096,0,227184,2.2937000000000003,0.0,true
HiddenCover,16384,3000,dispersed,4,1,7096,0,227184,2.2583,0.0,true
HiddenCover,16384,3000,dispersed,4,2,7096,0,227184,2.2669,0.0,true
HiddenCover,16384,3000,dispersed,4,3,7096,0,227184,2.2953,0.0,true
HiddenCover,16384,3000,dispersed,4,4,7096,0,227184,2.2756,0.0,true
HiddenCover,16384,3000,dispersed,4,5,7096,0,227184,1.5639,0.0,true
HiddenCover,16384,3000,dispersed,4,6,7096,0,227184,1.3156,0.0,true
HiddenCover,16384,3000,dispersed,4,7,7096,0,227184,1.4072,0.0,true
HiddenCover,16384,3000,dispersed,4,8,7096,0,227184,2.1887,0.0,true
HiddenCover,16384,3000,dispersed,4,9,7096,0,227184,1.4705,0.0,true
HiddenCover,16384,3000,dispersed,4,10,7096,0,227184,1.321,0.0,true
HiddenCover,16384,3000,dispersed,4,11,7096,0,227184,1.3323,0.0,true
HiddenCover,16384,3000,dispersed,4,12,7096,0,227184,1.3339999999999999,0.0,true
HiddenCover,16384,3000,dispersed,4,13,7096,0,227184,1.3205,0.0,true
HiddenCover,16384,3000,dispersed,4,14,7096,0,227184,1.3208,0.0,true
HiddenCover,16384,3000,dispersed,4,15,7096,0,227184,1.3268,0.0,true
HiddenCover,16384,3000,dispersed,4,16,7096,0,227184,1.3652,0.0,true
HiddenCover,16384,3000,dispersed,4,17,7096,0,227184,1.3274000000000001,0.0,true
HiddenCover,16384,3000,dispersed,4,18,7096,0,227184,1.3174000000000001,0.0,true
HiddenCover,16384,3000,dispersed,4,19,7096,0,227184,1.8377999999999999,0.0,true
HiddenCover,16384,3000,dispersed,4,20,7096,0,227184,2.3615,0.0,true
HiddenCover,16384,3000,dispersed,4,21,7096,0,227184,2.3063,0.0,true
HiddenCover,16384,3000,dispersed,4,22,7096,0,227184,2.2952,0.0,true
HiddenCover,16384,3000,dispersed,4,23,7096,0,227184,2.3102,0.0,true
HiddenCover,16384,3000,dispersed,4,24,7096,0,227184,2.2918000000000003,0.0,true
HiddenCover,16384,3000,dispersed,4,25,7096,0,227184,2.2815000000000003,0.0,true
HiddenCover,16384,3000,dispersed,4,26,7096,0,227184,2.4723,0.0,true
HiddenCover,16384,3000,dispersed,4,27,7096,0,227184,1.8785,0.0,true
HiddenCover,16384,3000,dispersed,4,28,7096,0,227184,1.4649,0.0,true
HiddenCover,16384,3000,dispersed,4,29,7096,0,227184,1.3940000000000001,0.0,true
HiddenCover,16384,3000,dispersed,5,0,7096,0,227184,2.4293,0.0,true
HiddenCover,16384,3000,dispersed,5,1,7096,0,227184,2.3667,0.0,true
HiddenCover,16384,3000,dispersed,5,2,7096,0,227184,2.3819000000000004,0.0,true
HiddenCover,16384,3000,dispersed,5,3,7096,0,227184,1.4535,0.0,true
HiddenCover,16384,3000,dispersed,5,4,7096,0,227184,1.3175999999999999,0.0,true
HiddenCover,16384,3000,dispersed,5,5,7096,0,227184,1.3101,0.0,true
HiddenCover,16384,3000,dispersed,5,6,7096,0,227184,1.3159,0.0,true
HiddenCover,16384,3000,dispersed,5,7,7096,0,227184,1.3298999999999999,0.0,true
HiddenCover,16384,3000,dispersed,5,8,7096,0,227184,1.3572,0.0,true
HiddenCover,16384,3000,dispersed,5,9,7096,0,227184,1.3195999999999999,0.0,true
HiddenCover,16384,3000,dispersed,5,10,7096,0,227184,1.8893,0.0,true
HiddenCover,16384,3000,dispersed,5,11,7096,0,227184,1.4992,0.0,true
HiddenCover,16384,3000,dispersed,5,12,7096,0,227184,1.3249,0.0,true
HiddenCover,16384,3000,dispersed,5,13,7096,0,227184,1.368,0.0,true
HiddenCover,16384,3000,dispersed,5,14,7096,0,227184,1.3345,0.0,true
HiddenCover,16384,3000,dispersed,5,15,7096,0,227184,1.3135,0.0,true
HiddenCover,16384,3000,dispersed,5,16,7096,0,227184,1.3213000000000001,0.0,true
HiddenCover,16384,3000,dispersed,5,17,7096,0,227184,1.3208,0.0,true
HiddenCover,16384,3000,dispersed,5,18,7096,0,227184,1.3142,0.0,true
HiddenCover,16384,3000,dispersed,5,19,7096,0,227184,1.4092,0.0,true
HiddenCover,16384,3000,dispersed,5,20,7096,0,227184,1.4747000000000001,0.0,true
HiddenCover,16384,3000,dispersed,5,21,7096,0,227184,1.3424,0.0,true
HiddenCover,16384,3000,dispersed,5,22,7096,0,227184,2.3333999999999997,0.0,true
HiddenCover,16384,3000,dispersed,5,23,7096,0,227184,1.4989000000000001,0.0,true
HiddenCover,16384,3000,dispersed,5,24,7096,0,227184,1.3481999999999998,0.0,true
HiddenCover,16384,3000,dispersed,5,25,7096,0,227184,1.3444,0.0,true
HiddenCover,16384,3000,dispersed,5,26,7096,0,227184,1.3211,0.0,true
HiddenCover,16384,3000,dispersed,5,27,7096,0,227184,1.3123,0.0,true
HiddenCover,16384,3000,dispersed,5,28,7096,0,227184,1.3139,0.0,true
HiddenCover,16384,3000,dispersed,5,29,7096,0,227184,1.3181,0.0,true
HiddenCover,16384,3000,dispersed,6,0,7096,0,227184,1.3304,0.0,true
HiddenCover,16384,3000,dispersed,6,1,7096,0,227184,1.3136999999999999,0.0,true
HiddenCover,16384,3000,dispersed,6,2,7096,0,227184,1.3291,0.0,true
HiddenCover,16384,3000,dispersed,6,3,7096,0,227184,1.3081,0.0,true
HiddenCover,16384,3000,dispersed,6,4,7096,0,227184,2.3341,0.0,true
HiddenCover,16384,3000,dispersed,6,5,7096,0,227184,2.3877,0.0,true
HiddenCover,16384,3000,dispersed,6,6,7096,0,227184,1.8994000000000002,0.0,true
HiddenCover,16384,3000,dispersed,6,7,7096,0,227184,1.4002999999999999,0.0,true
HiddenCover,16384,3000,dispersed,6,8,7096,0,227184,1.3486,0.0,true
HiddenCover,16384,3000,dispersed,6,9,7096,0,227184,1.3231,0.0,true
HiddenCover,16384,3000,dispersed,6,10,7096,0,227184,1.3204,0.0,true
HiddenCover,16384,3000,dispersed,6,11,7096,0,227184,1.3296000000000001,0.0,true
HiddenCover,16384,3000,dispersed,6,12,7096,0,227184,1.3162,0.0,true
HiddenCover,16384,3000,dispersed,6,13,7096,0,227184,1.3393000000000002,0.0,true
HiddenCover,16384,3000,dispersed,6,14,7096,0,227184,1.6597,0.0,true
HiddenCover,16384,3000,dispersed,6,15,7096,0,227184,1.3255000000000001,0.0,true
HiddenCover,16384,3000,dispersed,6,16,7096,0,227184,1.3078,0.0,true
HiddenCover,16384,3000,dispersed,6,17,7096,0,227184,1.3158,0.0,true
HiddenCover,16384,3000,dispersed,6,18,7096,0,227184,1.585,0.0,true
HiddenCover,16384,3000,dispersed,6,19,7096,0,227184,1.4005999999999998,0.0,true
HiddenCover,16384,3000,dispersed,6,20,7096,0,227184,1.3089,0.0,true
HiddenCover,16384,3000,dispersed,6,21,7096,0,227184,1.3136999999999999,0.0,true
HiddenCover,16384,3000,dispersed,6,22,7096,0,227184,1.3262,0.0,true
HiddenCover,16384,3000,dispersed,6,23,7096,0,227184,1.3282,0.0,true
HiddenCover,16384,3000,dispersed,6,24,7096,0,227184,1.3075999999999999,0.0,true
HiddenCover,16384,3000,dispersed,6,25,7096,0,227184,1.3417,0.0,true
HiddenCover,16384,3000,dispersed,6,26,7096,0,227184,1.3289,0.0,true
HiddenCover,16384,3000,dispersed,6,27,7096,0,227184,1.3352,0.0,true
HiddenCover,16384,3000,dispersed,6,28,7096,0,227184,1.3163,0.0,true
HiddenCover,16384,3000,dispersed,6,29,7096,0,227184,1.3301999999999998,0.0,true
HiddenCover,16384,3000,dispersed,7,0,7096,0,227184,1.3083,0.0,true
HiddenCover,16384,3000,dispersed,7,1,7096,0,227184,1.3209,0.0,true
HiddenCover,16384,3000,dispersed,7,2,7096,0,227184,1.3034999999999999,0.0,true
HiddenCover,16384,3000,dispersed,7,3,7096,0,227184,1.3136999999999999,0.0,true
HiddenCover,16384,3000,dispersed,7,4,7096,0,227184,2.2635,0.0,true
HiddenCover,16384,3000,dispersed,7,5,7096,0,227184,1.9468,0.0,true
HiddenCover,16384,3000,dispersed,7,6,7096,0,227184,1.3124,0.0,true
HiddenCover,16384,3000,dispersed,7,7,7096,0,227184,1.3204,0.0,true
HiddenCover,16384,3000,dispersed,7,8,7096,0,227184,1.8791,0.0,true
HiddenCover,16384,3000,dispersed,7,9,7096,0,227184,2.2751,0.0,true
HiddenCover,16384,3000,dispersed,7,10,7096,0,227184,2.2201,0.0,true
HiddenCover,16384,3000,dispersed,7,11,7096,0,227184,2.2230000000000003,0.0,true
HiddenCover,16384,3000,dispersed,7,12,7096,0,227184,2.2128,0.0,true
HiddenCover,16384,3000,dispersed,7,13,7096,0,227184,1.4213,0.0,true
HiddenCover,16384,3000,dispersed,7,14,7096,0,227184,1.3290000000000002,0.0,true
HiddenCover,16384,3000,dispersed,7,15,7096,0,227184,1.3123,0.0,true
HiddenCover,16384,3000,dispersed,7,16,7096,0,227184,1.2616,0.0,true
HiddenCover,16384,3000,dispersed,7,17,7096,0,227184,1.4156,0.0,true
HiddenCover,16384,3000,dispersed,7,18,7096,0,227184,1.3698,0.0,true
HiddenCover,16384,3000,dispersed,7,19,7096,0,227184,1.3147,0.0,true
HiddenCover,16384,3000,dispersed,7,20,7096,0,227184,1.3152000000000001,0.0,true
HiddenCover,16384,3000,dispersed,7,21,7096,0,227184,1.323,0.0,true
HiddenCover,16384,3000,dispersed,7,22,7096,0,227184,1.3306,0.0,true
HiddenCover,16384,3000,dispersed,7,23,7096,0,227184,1.3117999999999999,0.0,true
HiddenCover,16384,3000,dispersed,7,24,7096,0,227184,1.4762,0.0,true
HiddenCover,16384,3000,dispersed,7,25,7096,0,227184,1.7542,0.0,true
HiddenCover,16384,3000,dispersed,7,26,7096,0,227184,1.3896,0.0,true
HiddenCover,16384,3000,dispersed,7,27,7096,0,227184,1.3338,0.0,true
HiddenCover,16384,3000,dispersed,7,28,7096,0,227184,1.4371,0.0,true
HiddenCover,16384,3000,dispersed,7,29,7096,0,227184,1.3401999999999998,0.0,true
HiddenCover,16384,3000,dispersed,8,0,7096,0,227184,1.4664000000000001,0.0,true
HiddenCover,16384,3000,dispersed,8,1,7096,0,227184,1.6241,0.0,true
HiddenCover,16384,3000,dispersed,8,2,7096,0,227184,2.3383000000000003,0.0,true
HiddenCover,16384,3000,dispersed,8,3,7096,0,227184,2.3426,0.0,true
HiddenCover,16384,3000,dispersed,8,4,7096,0,227184,2.3235,0.0,true
HiddenCover,16384,3000,dispersed,8,5,7096,0,227184,2.3392,0.0,true
HiddenCover,16384,3000,dispersed,8,6,7096,0,227184,2.3176,0.0,true
HiddenCover,16384,3000,dispersed,8,7,7096,0,227184,2.2096,0.0,true
HiddenCover,16384,3000,dispersed,8,8,7096,0,227184,1.3525,0.0,true
HiddenCover,16384,3000,dispersed,8,9,7096,0,227184,1.48,0.0,true
HiddenCover,16384,3000,dispersed,8,10,7096,0,227184,1.3140999999999998,0.0,true
HiddenCover,16384,3000,dispersed,8,11,7096,0,227184,1.3891,0.0,true
HiddenCover,16384,3000,dispersed,8,12,7096,0,227184,1.3286,0.0,true
HiddenCover,16384,3000,dispersed,8,13,7096,0,227184,1.3152000000000001,0.0,true
HiddenCover,16384,3000,dispersed,8,14,7096,0,227184,1.3173,0.0,true
HiddenCover,16384,3000,dispersed,8,15,7096,0,227184,1.3415000000000001,0.0,true
HiddenCover,16384,3000,dispersed,8,16,7096,0,227184,1.3227,0.0,true
HiddenCover,16384,3000,dispersed,8,17,7096,0,227184,1.3262,0.0,true
HiddenCover,16384,3000,dispersed,8,18,7096,0,227184,1.6729,0.0,true
HiddenCover,16384,3000,dispersed,8,19,7096,0,227184,1.8651,0.0,true
HiddenCover,16384,3000,dispersed,8,20,7096,0,227184,1.3037,0.0,true
HiddenCover,16384,3000,dispersed,8,21,7096,0,227184,1.2691,0.0,true
HiddenCover,16384,3000,dispersed,8,22,7096,0,227184,1.2721,0.0,true
HiddenCover,16384,3000,dispersed,8,23,7096,0,227184,1.3246,0.0,true
HiddenCover,16384,3000,dispersed,8,24,7096,0,227184,1.3271,0.0,true
HiddenCover,16384,3000,dispersed,8,25,7096,0,227184,1.3197,0.0,true
HiddenCover,16384,3000,dispersed,8,26,7096,0,227184,1.3186,0.0,true
HiddenCover,16384,3000,dispersed,8,27,7096,0,227184,1.3163,0.0,true
HiddenCover,16384,3000,dispersed,8,28,7096,0,227184,1.339,0.0,true
HiddenCover,16384,3000,dispersed,8,29,7096,0,227184,1.3114,0.0,true
HiddenCover,16384,3000,dispersed,9,0,7096,0,227184,1.3303,0.0,true
HiddenCover,16384,3000,dispersed,9,1,7096,0,227184,1.3211,0.0,true
HiddenCover,16384,3000,dispersed,9,2,7096,0,227184,1.3093,0.0,true
HiddenCover,16384,3000,dispersed,9,3,7096,0,227184,1.3128,0.0,true
HiddenCover,16384,3000,dispersed,9,4,7096,0,227184,1.3911,0.0,true
HiddenCover,16384,3000,dispersed,9,5,7096,0,227184,2.7786999999999997,0.0,true
HiddenCover,16384,3000,dispersed,9,6,7096,0,227184,1.428,0.0,true
HiddenCover,16384,3000,dispersed,9,7,7096,0,227184,1.3545,0.0,true
HiddenCover,16384,3000,dispersed,9,8,7096,0,227184,1.2993,0.0,true
HiddenCover,16384,3000,dispersed,9,9,7096,0,227184,1.3182999999999998,0.0,true
HiddenCover,16384,3000,dispersed,9,10,7096,0,227184,1.3194000000000001,0.0,true
HiddenCover,16384,3000,dispersed,9,11,7096,0,227184,1.309,0.0,true
HiddenCover,16384,3000,dispersed,9,12,7096,0,227184,1.3084,0.0,true
HiddenCover,16384,3000,dispersed,9,13,7096,0,227184,1.3236999999999999,0.0,true
HiddenCover,16384,3000,dispersed,9,14,7096,0,227184,1.3204,0.0,true
HiddenCover,16384,3000,dispersed,9,15,7096,0,227184,1.4127,0.0,true
HiddenCover,16384,3000,dispersed,9,16,7096,0,227184,2.1955999999999998,0.0,true
HiddenCover,16384,3000,dispersed,9,17,7096,0,227184,2.2209,0.0,true
HiddenCover,16384,3000,dispersed,9,18,7096,0,227184,2.0604,0.0,true
HiddenCover,16384,3000,dispersed,9,19,7096,0,227184,1.7297,0.0,true
HiddenCover,16384,3000,dispersed,9,20,7096,0,227184,1.2731999999999999,0.0,true
HiddenCover,16384,3000,dispersed,9,21,7096,0,227184,1.2763,0.0,true
HiddenCover,16384,3000,dispersed,9,22,7096,0,227184,1.3039,0.0,true
HiddenCover,16384,3000,dispersed,9,23,7096,0,227184,1.3182999999999998,0.0,true
HiddenCover,16384,3000,dispersed,9,24,7096,0,227184,1.3989,0.0,true
HiddenCover,16384,3000,dispersed,9,25,7096,0,227184,1.2913,0.0,true
HiddenCover,16384,3000,dispersed,9,26,7096,0,227184,1.4571,0.0,true
HiddenCover,16384,3000,dispersed,9,27,7096,0,227184,1.4658,0.0,true
HiddenCover,16384,3000,dispersed,9,28,7096,0,227184,1.3925,0.0,true
HiddenCover,16384,3000,dispersed,9,29,7096,0,227184,1.3076999999999999,0.0,true
HiddenCover,16384,3000,dispersed,10,0,7096,0,227184,2.0105,0.0,true
HiddenCover,16384,3000,dispersed,10,1,7096,0,227184,2.7347,0.0,true
HiddenCover,16384,3000,dispersed,10,2,7096,0,227184,1.3388,0.0,true
HiddenCover,16384,3000,dispersed,10,3,7096,0,227184,1.3256,0.0,true
HiddenCover,16384,3000,dispersed,10,4,7096,0,227184,1.3381,0.0,true
HiddenCover,16384,3000,dispersed,10,5,7096,0,227184,1.3137999999999999,0.0,true
HiddenCover,16384,3000,dispersed,10,6,7096,0,227184,1.3114999999999999,0.0,true
HiddenCover,16384,3000,dispersed,10,7,7096,0,227184,1.4388,0.0,true
HiddenCover,16384,3000,dispersed,10,8,7096,0,227184,1.3882,0.0,true
HiddenCover,16384,3000,dispersed,10,9,7096,0,227184,1.3538000000000001,0.0,true
HiddenCover,16384,3000,dispersed,10,10,7096,0,227184,1.3326,0.0,true
HiddenCover,16384,3000,dispersed,10,11,7096,0,227184,1.9808000000000001,0.0,true
HiddenCover,16384,3000,dispersed,10,12,7096,0,227184,1.5689,0.0,true
HiddenCover,16384,3000,dispersed,10,13,7096,0,227184,1.3147,0.0,true
HiddenCover,16384,3000,dispersed,10,14,7096,0,227184,1.3149,0.0,true
HiddenCover,16384,3000,dispersed,10,15,7096,0,227184,1.3292,0.0,true
HiddenCover,16384,3000,dispersed,10,16,7096,0,227184,1.3223,0.0,true
HiddenCover,16384,3000,dispersed,10,17,7096,0,227184,1.3133000000000001,0.0,true
HiddenCover,16384,3000,dispersed,10,18,7096,0,227184,1.3088,0.0,true
HiddenCover,16384,3000,dispersed,10,19,7096,0,227184,1.3639,0.0,true
HiddenCover,16384,3000,dispersed,10,20,7096,0,227184,1.3173,0.0,true
HiddenCover,16384,3000,dispersed,10,21,7096,0,227184,1.3098999999999998,0.0,true
HiddenCover,16384,3000,dispersed,10,22,7096,0,227184,1.3178,0.0,true
HiddenCover,16384,3000,dispersed,10,23,7096,0,227184,1.6206,0.0,true
HiddenCover,16384,3000,dispersed,10,24,7096,0,227184,1.41,0.0,true
HiddenCover,16384,3000,dispersed,10,25,7096,0,227184,1.397,0.0,true
HiddenCover,16384,3000,dispersed,10,26,7096,0,227184,1.3313000000000001,0.0,true
HiddenCover,16384,3000,dispersed,10,27,7096,0,227184,1.332,0.0,true
HiddenCover,16384,3000,dispersed,10,28,7096,0,227184,1.3095999999999999,0.0,true
HiddenCover,16384,3000,dispersed,10,29,7096,0,227184,1.3148000000000002,0.0,true
HiddenCover,16384,3000,dispersed,11,0,7096,0,227184,1.312,0.0,true
HiddenCover,16384,3000,dispersed,11,1,7096,0,227184,1.3128,0.0,true
HiddenCover,16384,3000,dispersed,11,2,7096,0,227184,1.3128,0.0,true
HiddenCover,16384,3000,dispersed,11,3,7096,0,227184,1.3133000000000001,0.0,true
HiddenCover,16384,3000,dispersed,11,4,7096,0,227184,1.3655,0.0,true
HiddenCover,16384,3000,dispersed,11,5,7096,0,227184,1.3159999999999998,0.0,true
HiddenCover,16384,3000,dispersed,11,6,7096,0,227184,1.3087000000000002,0.0,true
HiddenCover,16384,3000,dispersed,11,7,7096,0,227184,1.3276,0.0,true
HiddenCover,16384,3000,dispersed,11,8,7096,0,227184,1.3112,0.0,true
HiddenCover,16384,3000,dispersed,11,9,7096,0,227184,1.5295,0.0,true
HiddenCover,16384,3000,dispersed,11,10,7096,0,227184,1.3964999999999999,0.0,true
HiddenCover,16384,3000,dispersed,11,11,7096,0,227184,1.3301999999999998,0.0,true
HiddenCover,16384,3000,dispersed,11,12,7096,0,227184,1.3182999999999998,0.0,true
HiddenCover,16384,3000,dispersed,11,13,7096,0,227184,1.3215,0.0,true
HiddenCover,16384,3000,dispersed,11,14,7096,0,227184,1.3177,0.0,true
HiddenCover,16384,3000,dispersed,11,15,7096,0,227184,1.3146,0.0,true
HiddenCover,16384,3000,dispersed,11,16,7096,0,227184,1.3661999999999999,0.0,true
HiddenCover,16384,3000,dispersed,11,17,7096,0,227184,1.3167,0.0,true
HiddenCover,16384,3000,dispersed,11,18,7096,0,227184,1.3188,0.0,true
HiddenCover,16384,3000,dispersed,11,19,7096,0,227184,1.3228,0.0,true
HiddenCover,16384,3000,dispersed,11,20,7096,0,227184,1.3198999999999999,0.0,true
HiddenCover,16384,3000,dispersed,11,21,7096,0,227184,1.4787,0.0,true
HiddenCover,16384,3000,dispersed,11,22,7096,0,227184,1.6102,0.0,true
HiddenCover,16384,3000,dispersed,11,23,7096,0,227184,1.4028,0.0,true
HiddenCover,16384,3000,dispersed,11,24,7096,0,227184,1.3325,0.0,true
HiddenCover,16384,3000,dispersed,11,25,7096,0,227184,1.3032,0.0,true
HiddenCover,16384,3000,dispersed,11,26,7096,0,227184,1.4162000000000001,0.0,true
HiddenCover,16384,3000,dispersed,11,27,7096,0,227184,1.3836,0.0,true
HiddenCover,16384,3000,dispersed,11,28,7096,0,227184,1.3119,0.0,true
HiddenCover,16384,3000,dispersed,11,29,7096,0,227184,1.3198999999999999,0.0,true
HiddenCover,16384,3000,dispersed,12,0,7096,0,227184,1.3353,0.0,true
HiddenCover,16384,3000,dispersed,12,1,7096,0,227184,1.3731,0.0,true
HiddenCover,16384,3000,dispersed,12,2,7096,0,227184,1.322,0.0,true
HiddenCover,16384,3000,dispersed,12,3,7096,0,227184,1.2995999999999999,0.0,true
HiddenCover,16384,3000,dispersed,12,4,7096,0,227184,1.3175999999999999,0.0,true
HiddenCover,16384,3000,dispersed,12,5,7096,0,227184,1.3067,0.0,true
HiddenCover,16384,3000,dispersed,12,6,7096,0,227184,1.3625,0.0,true
HiddenCover,16384,3000,dispersed,12,7,7096,0,227184,1.3237999999999999,0.0,true
HiddenCover,16384,3000,dispersed,12,8,7096,0,227184,1.6647,0.0,true
HiddenCover,16384,3000,dispersed,12,9,7096,0,227184,1.3606,0.0,true
HiddenCover,16384,3000,dispersed,12,10,7096,0,227184,1.2763,0.0,true
HiddenCover,16384,3000,dispersed,12,11,7096,0,227184,1.2599,0.0,true
HiddenCover,16384,3000,dispersed,12,12,7096,0,227184,1.4806000000000001,0.0,true
HiddenCover,16384,3000,dispersed,12,13,7096,0,227184,1.3288,0.0,true
HiddenCover,16384,3000,dispersed,12,14,7096,0,227184,1.3125,0.0,true
HiddenCover,16384,3000,dispersed,12,15,7096,0,227184,1.3208,0.0,true
HiddenCover,16384,3000,dispersed,12,16,7096,0,227184,1.3098999999999998,0.0,true
HiddenCover,16384,3000,dispersed,12,17,7096,0,227184,1.3161,0.0,true
HiddenCover,16384,3000,dispersed,12,18,7096,0,227184,1.3377000000000001,0.0,true
HiddenCover,16384,3000,dispersed,12,19,7096,0,227184,1.3332000000000002,0.0,true
HiddenCover,16384,3000,dispersed,12,20,7096,0,227184,2.1826,0.0,true
HiddenCover,16384,3000,dispersed,12,21,7096,0,227184,1.4854,0.0,true
HiddenCover,16384,3000,dispersed,12,22,7096,0,227184,1.2869,0.0,true
HiddenCover,16384,3000,dispersed,12,23,7096,0,227184,1.3873,0.0,true
HiddenCover,16384,3000,dispersed,12,24,7096,0,227184,1.435,0.0,true
HiddenCover,16384,3000,dispersed,12,25,7096,0,227184,1.3228,0.0,true
HiddenCover,16384,3000,dispersed,12,26,7096,0,227184,1.3089,0.0,true
HiddenCover,16384,3000,dispersed,12,27,7096,0,227184,1.3245,0.0,true
HiddenCover,16384,3000,dispersed,12,28,7096,0,227184,1.3252,0.0,true
HiddenCover,16384,3000,dispersed,12,29,7096,0,227184,1.3149,0.0,true
HiddenCover,16384,3000,dispersed,13,0,7096,0,227184,1.3085,0.0,true
HiddenCover,16384,3000,dispersed,13,1,7096,0,227184,1.3127,0.0,true
HiddenCover,16384,3000,dispersed,13,2,7096,0,227184,1.3065,0.0,true
HiddenCover,16384,3000,dispersed,13,3,7096,0,227184,1.3143,0.0,true
HiddenCover,16384,3000,dispersed,13,4,7096,0,227184,1.3174000000000001,0.0,true
HiddenCover,16384,3000,dispersed,13,5,7096,0,227184,2.1644,0.0,true
HiddenCover,16384,3000,dispersed,13,6,7096,0,227184,1.3873,0.0,true
HiddenCover,16384,3000,dispersed,13,7,7096,0,227184,1.3719,0.0,true
HiddenCover,16384,3000,dispersed,13,8,7096,0,227184,1.3336000000000001,0.0,true
HiddenCover,16384,3000,dispersed,13,9,7096,0,227184,1.328,0.0,true
HiddenCover,16384,3000,dispersed,13,10,7096,0,227184,1.3137999999999999,0.0,true
HiddenCover,16384,3000,dispersed,13,11,7096,0,227184,1.3181,0.0,true
HiddenCover,16384,3000,dispersed,13,12,7096,0,227184,1.3293000000000001,0.0,true
HiddenCover,16384,3000,dispersed,13,13,7096,0,227184,1.3577000000000001,0.0,true
HiddenCover,16384,3000,dispersed,13,14,7096,0,227184,1.3125,0.0,true
HiddenCover,16384,3000,dispersed,13,15,7096,0,227184,1.313,0.0,true
HiddenCover,16384,3000,dispersed,13,16,7096,0,227184,1.5558,0.0,true
HiddenCover,16384,3000,dispersed,13,17,7096,0,227184,1.6118000000000001,0.0,true
HiddenCover,16384,3000,dispersed,13,18,7096,0,227184,1.4159000000000002,0.0,true
HiddenCover,16384,3000,dispersed,13,19,7096,0,227184,1.3158,0.0,true
HiddenCover,16384,3000,dispersed,13,20,7096,0,227184,1.309,0.0,true
HiddenCover,16384,3000,dispersed,13,21,7096,0,227184,1.3086,0.0,true
HiddenCover,16384,3000,dispersed,13,22,7096,0,227184,1.3194000000000001,0.0,true
HiddenCover,16384,3000,dispersed,13,23,7096,0,227184,1.314,0.0,true
HiddenCover,16384,3000,dispersed,13,24,7096,0,227184,1.3079999999999998,0.0,true
HiddenCover,16384,3000,dispersed,13,25,7096,0,227184,1.3208,0.0,true
HiddenCover,16384,3000,dispersed,13,26,7096,0,227184,1.3133000000000001,0.0,true
HiddenCover,16384,3000,dispersed,13,27,7096,0,227184,1.3165,0.0,true
HiddenCover,16384,3000,dispersed,13,28,7096,0,227184,1.3004,0.0,true
HiddenCover,16384,3000,dispersed,13,29,7096,0,227184,1.9970999999999999,0.0,true
HiddenCover,16384,3000,dispersed,14,0,7096,0,227184,1.3491,0.0,true
HiddenCover,16384,3000,dispersed,14,1,7096,0,227184,1.4495,0.0,true
HiddenCover,16384,3000,dispersed,14,2,7096,0,227184,2.1741,0.0,true
HiddenCover,16384,3000,dispersed,14,3,7096,0,227184,1.3653,0.0,true
HiddenCover,16384,3000,dispersed,14,4,7096,0,227184,1.3046,0.0,true
HiddenCover,16384,3000,dispersed,14,5,7096,0,227184,1.3208,0.0,true
HiddenCover,16384,3000,dispersed,14,6,7096,0,227184,1.3188,0.0,true
HiddenCover,16384,3000,dispersed,14,7,7096,0,227184,1.3336999999999999,0.0,true
HiddenCover,16384,3000,dispersed,14,8,7096,0,227184,1.3058,0.0,true
HiddenCover,16384,3000,dispersed,14,9,7096,0,227184,1.3132000000000001,0.0,true
HiddenCover,16384,3000,dispersed,14,10,7096,0,227184,1.3109,0.0,true
HiddenCover,16384,3000,dispersed,14,11,7096,0,227184,1.3189,0.0,true
HiddenCover,16384,3000,dispersed,14,12,7096,0,227184,1.3159999999999998,0.0,true
HiddenCover,16384,3000,dispersed,14,13,7096,0,227184,2.6321,0.0,true
HiddenCover,16384,3000,dispersed,14,14,7096,0,227184,1.9234,0.0,true
HiddenCover,16384,3000,dispersed,14,15,7096,0,227184,1.32,0.0,true
HiddenCover,16384,3000,dispersed,14,16,7096,0,227184,1.266,0.0,true
HiddenCover,16384,3000,dispersed,14,17,7096,0,227184,1.2539,0.0,true
HiddenCover,16384,3000,dispersed,14,18,7096,0,227184,1.2749000000000001,0.0,true
HiddenCover,16384,3000,dispersed,14,19,7096,0,227184,1.2539,0.0,true
HiddenCover,16384,3000,dispersed,14,20,7096,0,227184,1.3301999999999998,0.0,true
HiddenCover,16384,3000,dispersed,14,21,7096,0,227184,1.2538,0.0,true
HiddenCover,16384,3000,dispersed,14,22,7096,0,227184,1.2590999999999999,0.0,true
HiddenCover,16384,3000,dispersed,14,23,7096,0,227184,1.3470000000000002,0.0,true
HiddenCover,16384,3000,dispersed,14,24,7096,0,227184,1.2662,0.0,true
HiddenCover,16384,3000,dispersed,14,25,7096,0,227184,1.6922000000000001,0.0,true
HiddenCover,16384,3000,dispersed,14,26,7096,0,227184,1.3309000000000002,0.0,true
HiddenCover,16384,3000,dispersed,14,27,7096,0,227184,1.3371,0.0,true
HiddenCover,16384,3000,dispersed,14,28,7096,0,227184,1.3041,0.0,true
HiddenCover,16384,3000,dispersed,14,29,7096,0,227184,1.3233,0.0,true
HiddenCover,16384,3000,dispersed,15,0,7096,0,227184,1.4369,0.0,true
HiddenCover,16384,3000,dispersed,15,1,7096,0,227184,1.3674,0.0,true
HiddenCover,16384,3000,dispersed,15,2,7096,0,227184,1.3249,0.0,true
HiddenCover,16384,3000,dispersed,15,3,7096,0,227184,1.3182,0.0,true
HiddenCover,16384,3000,dispersed,15,4,7096,0,227184,1.3367,0.0,true
HiddenCover,16384,3000,dispersed,15,5,7096,0,227184,1.3252,0.0,true
HiddenCover,16384,3000,dispersed,15,6,7096,0,227184,1.3177,0.0,true
HiddenCover,16384,3000,dispersed,15,7,7096,0,227184,1.3062,0.0,true
HiddenCover,16384,3000,dispersed,15,8,7096,0,227184,1.4324999999999999,0.0,true
HiddenCover,16384,3000,dispersed,15,9,7096,0,227184,2.2135000000000002,0.0,true
HiddenCover,16384,3000,dispersed,15,10,7096,0,227184,2.2084,0.0,true
HiddenCover,16384,3000,dispersed,15,11,7096,0,227184,2.0752,0.0,true
HiddenCover,16384,3000,dispersed,15,12,7096,0,227184,1.4748,0.0,true
HiddenCover,16384,3000,dispersed,15,13,7096,0,227184,1.3093,0.0,true
HiddenCover,16384,3000,dispersed,15,14,7096,0,227184,1.3193000000000001,0.0,true
HiddenCover,16384,3000,dispersed,15,15,7096,0,227184,1.3228,0.0,true
HiddenCover,16384,3000,dispersed,15,16,7096,0,227184,1.3178,0.0,true
HiddenCover,16384,3000,dispersed,15,17,7096,0,227184,1.4825000000000002,0.0,true
HiddenCover,16384,3000,dispersed,15,18,7096,0,227184,1.3458,0.0,true
HiddenCover,16384,3000,dispersed,15,19,7096,0,227184,1.3420999999999998,0.0,true
HiddenCover,16384,3000,dispersed,15,20,7096,0,227184,1.3129000000000002,0.0,true
HiddenCover,16384,3000,dispersed,15,21,7096,0,227184,1.3899,0.0,true
HiddenCover,16384,3000,dispersed,15,22,7096,0,227184,1.6441,0.0,true
HiddenCover,16384,3000,dispersed,15,23,7096,0,227184,1.3569,0.0,true
HiddenCover,16384,3000,dispersed,15,24,7096,0,227184,1.3341,0.0,true
HiddenCover,16384,3000,dispersed,15,25,7096,0,227184,1.3343,0.0,true
HiddenCover,16384,3000,dispersed,15,26,7096,0,227184,1.3124,0.0,true
HiddenCover,16384,3000,dispersed,15,27,7096,0,227184,1.3572,0.0,true
HiddenCover,16384,3000,dispersed,15,28,7096,0,227184,1.4832999999999998,0.0,true
HiddenCover,16384,3000,dispersed,15,29,7096,0,227184,2.0818999999999996,0.0,true
HiddenCover,16384,3000,dispersed,16,0,7096,0,227184,1.3589,0.0,true
HiddenCover,16384,3000,dispersed,16,1,7096,0,227184,1.3558000000000001,0.0,true
HiddenCover,16384,3000,dispersed,16,2,7096,0,227184,1.3195,0.0,true
HiddenCover,16384,3000,dispersed,16,3,7096,0,227184,1.3179,0.0,true
HiddenCover,16384,3000,dispersed,16,4,7096,0,227184,1.3156999999999999,0.0,true
HiddenCover,16384,3000,dispersed,16,5,7096,0,227184,1.3184,0.0,true
HiddenCover,16384,3000,dispersed,16,6,7096,0,227184,2.1666,0.0,true
HiddenCover,16384,3000,dispersed,16,7,7096,0,227184,1.5381,0.0,true
HiddenCover,16384,3000,dispersed,16,8,7096,0,227184,1.2632999999999999,0.0,true
HiddenCover,16384,3000,dispersed,16,9,7096,0,227184,1.2521,0.0,true
HiddenCover,16384,3000,dispersed,16,10,7096,0,227184,1.264,0.0,true
HiddenCover,16384,3000,dispersed,16,11,7096,0,227184,1.7087,0.0,true
HiddenCover,16384,3000,dispersed,16,12,7096,0,227184,1.2957999999999998,0.0,true
HiddenCover,16384,3000,dispersed,16,13,7096,0,227184,1.2638,0.0,true
HiddenCover,16384,3000,dispersed,16,14,7096,0,227184,1.2654,0.0,true
HiddenCover,16384,3000,dispersed,16,15,7096,0,227184,1.2733,0.0,true
HiddenCover,16384,3000,dispersed,16,16,7096,0,227184,1.2532,0.0,true
HiddenCover,16384,3000,dispersed,16,17,7096,0,227184,1.2767,0.0,true
HiddenCover,16384,3000,dispersed,16,18,7096,0,227184,2.0081,0.0,true
HiddenCover,16384,3000,dispersed,16,19,7096,0,227184,1.6592,0.0,true
HiddenCover,16384,3000,dispersed,16,20,7096,0,227184,1.4338,0.0,true
HiddenCover,16384,3000,dispersed,16,21,7096,0,227184,1.3092,0.0,true
HiddenCover,16384,3000,dispersed,16,22,7096,0,227184,1.3475,0.0,true
HiddenCover,16384,3000,dispersed,16,23,7096,0,227184,1.2742,0.0,true
HiddenCover,16384,3000,dispersed,16,24,7096,0,227184,1.2532999999999999,0.0,true
HiddenCover,16384,3000,dispersed,16,25,7096,0,227184,1.2511,0.0,true
HiddenCover,16384,3000,dispersed,16,26,7096,0,227184,1.2605,0.0,true
HiddenCover,16384,3000,dispersed,16,27,7096,0,227184,1.2772000000000001,0.0,true
HiddenCover,16384,3000,dispersed,16,28,7096,0,227184,1.2631999999999999,0.0,true
HiddenCover,16384,3000,dispersed,16,29,7096,0,227184,1.2468,0.0,true
HiddenCover,16384,3000,dispersed,17,0,7096,0,227184,1.3004,0.0,true
HiddenCover,16384,3000,dispersed,17,1,7096,0,227184,1.3105,0.0,true
HiddenCover,16384,3000,dispersed,17,2,7096,0,227184,1.3338,0.0,true
HiddenCover,16384,3000,dispersed,17,3,7096,0,227184,2.0288,0.0,true
HiddenCover,16384,3000,dispersed,17,4,7096,0,227184,1.5212999999999999,0.0,true
HiddenCover,16384,3000,dispersed,17,5,7096,0,227184,1.3039,0.0,true
HiddenCover,16384,3000,dispersed,17,6,7096,0,227184,1.5915000000000001,0.0,true
HiddenCover,16384,3000,dispersed,17,7,7096,0,227184,1.6747999999999998,0.0,true
HiddenCover,16384,3000,dispersed,17,8,7096,0,227184,1.4102,0.0,true
HiddenCover,16384,3000,dispersed,17,9,7096,0,227184,1.3076999999999999,0.0,true
HiddenCover,16384,3000,dispersed,17,10,7096,0,227184,1.3647,0.0,true
HiddenCover,16384,3000,dispersed,17,11,7096,0,227184,1.3034,0.0,true
HiddenCover,16384,3000,dispersed,17,12,7096,0,227184,1.2635,0.0,true
HiddenCover,16384,3000,dispersed,17,13,7096,0,227184,1.2621,0.0,true
HiddenCover,16384,3000,dispersed,17,14,7096,0,227184,1.7087999999999999,0.0,true
HiddenCover,16384,3000,dispersed,17,15,7096,0,227184,1.6518,0.0,true
HiddenCover,16384,3000,dispersed,17,16,7096,0,227184,1.3834,0.0,true
HiddenCover,16384,3000,dispersed,17,17,7096,0,227184,1.6534,0.0,true
HiddenCover,16384,3000,dispersed,17,18,7096,0,227184,1.3204,0.0,true
HiddenCover,16384,3000,dispersed,17,19,7096,0,227184,1.2650000000000001,0.0,true
HiddenCover,16384,3000,dispersed,17,20,7096,0,227184,1.2532999999999999,0.0,true
HiddenCover,16384,3000,dispersed,17,21,7096,0,227184,1.2754,0.0,true
HiddenCover,16384,3000,dispersed,17,22,7096,0,227184,1.3838,0.0,true
HiddenCover,16384,3000,dispersed,17,23,7096,0,227184,1.3334,0.0,true
HiddenCover,16384,3000,dispersed,17,24,7096,0,227184,1.3031,0.0,true
HiddenCover,16384,3000,dispersed,17,25,7096,0,227184,1.3102,0.0,true
HiddenCover,16384,3000,dispersed,17,26,7096,0,227184,1.9567999999999999,0.0,true
HiddenCover,16384,3000,dispersed,17,27,7096,0,227184,1.6759,0.0,true
HiddenCover,16384,3000,dispersed,17,28,7096,0,227184,1.4421,0.0,true
HiddenCover,16384,3000,dispersed,17,29,7096,0,227184,1.3198999999999999,0.0,true
HiddenCover,16384,3000,dispersed,18,0,7096,0,227184,2.0443000000000002,0.0,true
HiddenCover,16384,3000,dispersed,18,1,7096,0,227184,1.6628999999999998,0.0,true
HiddenCover,16384,3000,dispersed,18,2,7096,0,227184,1.3655,0.0,true
HiddenCover,16384,3000,dispersed,18,3,7096,0,227184,1.3316999999999999,0.0,true
HiddenCover,16384,3000,dispersed,18,4,7096,0,227184,1.3148000000000002,0.0,true
HiddenCover,16384,3000,dispersed,18,5,7096,0,227184,1.3104,0.0,true
HiddenCover,16384,3000,dispersed,18,6,7096,0,227184,1.3304,0.0,true
HiddenCover,16384,3000,dispersed,18,7,7096,0,227184,1.3164,0.0,true
HiddenCover,16384,3000,dispersed,18,8,7096,0,227184,1.3128,0.0,true
HiddenCover,16384,3000,dispersed,18,9,7096,0,227184,1.3224,0.0,true
HiddenCover,16384,3000,dispersed,18,10,7096,0,227184,1.3258,0.0,true
HiddenCover,16384,3000,dispersed,18,11,7096,0,227184,1.3226,0.0,true
HiddenCover,16384,3000,dispersed,18,12,7096,0,227184,2.1113999999999997,0.0,true
HiddenCover,16384,3000,dispersed,18,13,7096,0,227184,1.5587000000000002,0.0,true
HiddenCover,16384,3000,dispersed,18,14,7096,0,227184,1.4316000000000002,0.0,true
HiddenCover,16384,3000,dispersed,18,15,7096,0,227184,1.3583,0.0,true
HiddenCover,16384,3000,dispersed,18,16,7096,0,227184,1.2944,0.0,true
HiddenCover,16384,3000,dispersed,18,17,7096,0,227184,1.2717,0.0,true
HiddenCover,16384,3000,dispersed,18,18,7096,0,227184,1.2808,0.0,true
HiddenCover,16384,3000,dispersed,18,19,7096,0,227184,1.2639,0.0,true
HiddenCover,16384,3000,dispersed,18,20,7096,0,227184,1.2543,0.0,true
HiddenCover,16384,3000,dispersed,18,21,7096,0,227184,1.2449,0.0,true
HiddenCover,16384,3000,dispersed,18,22,7096,0,227184,1.2584,0.0,true
HiddenCover,16384,3000,dispersed,18,23,7096,0,227184,1.5262,0.0,true
HiddenCover,16384,3000,dispersed,18,24,7096,0,227184,2.8605,0.0,true
HiddenCover,16384,3000,dispersed,18,25,7096,0,227184,2.3145000000000002,0.0,true
HiddenCover,16384,3000,dispersed,18,26,7096,0,227184,2.2104999999999997,0.0,true
HiddenCover,16384,3000,dispersed,18,27,7096,0,227184,2.2289,0.0,true
HiddenCover,16384,3000,dispersed,18,28,7096,0,227184,2.2198,0.0,true
HiddenCover,16384,3000,dispersed,18,29,7096,0,227184,2.1017,0.0,true
HiddenCover,16384,3000,dispersed,19,0,7096,0,227184,1.3045,0.0,true
HiddenCover,16384,3000,dispersed,19,1,7096,0,227184,1.2966,0.0,true
HiddenCover,16384,3000,dispersed,19,2,7096,0,227184,1.3179999999999998,0.0,true
HiddenCover,16384,3000,dispersed,19,3,7096,0,227184,1.3281,0.0,true
HiddenCover,16384,3000,dispersed,19,4,7096,0,227184,1.3242,0.0,true
HiddenCover,16384,3000,dispersed,19,5,7096,0,227184,2.235,0.0,true
HiddenCover,16384,3000,dispersed,19,6,7096,0,227184,2.0941,0.0,true
HiddenCover,16384,3000,dispersed,19,7,7096,0,227184,1.4723,0.0,true
HiddenCover,16384,3000,dispersed,19,8,7096,0,227184,1.3268,0.0,true
HiddenCover,16384,3000,dispersed,19,9,7096,0,227184,1.322,0.0,true
HiddenCover,16384,3000,dispersed,19,10,7096,0,227184,1.2937999999999998,0.0,true
HiddenCover,16384,3000,dispersed,19,11,7096,0,227184,1.3163,0.0,true
HiddenCover,16384,3000,dispersed,19,12,7096,0,227184,1.321,0.0,true
HiddenCover,16384,3000,dispersed,19,13,7096,0,227184,1.3105,0.0,true
HiddenCover,16384,3000,dispersed,19,14,7096,0,227184,1.3236,0.0,true
HiddenCover,16384,3000,dispersed,19,15,7096,0,227184,1.4476,0.0,true
HiddenCover,16384,3000,dispersed,19,16,7096,0,227184,1.74,0.0,true
HiddenCover,16384,3000,dispersed,19,17,7096,0,227184,2.4244000000000003,0.0,true
HiddenCover,16384,3000,dispersed,19,18,7096,0,227184,1.9241,0.0,true
HiddenCover,16384,3000,dispersed,19,19,7096,0,227184,1.8837000000000002,0.0,true
HiddenCover,16384,3000,dispersed,19,20,7096,0,227184,2.0554,0.0,true
HiddenCover,16384,3000,dispersed,19,21,7096,0,227184,1.8739,0.0,true
HiddenCover,16384,3000,dispersed,19,22,7096,0,227184,1.3575,0.0,true
HiddenCover,16384,3000,dispersed,19,23,7096,0,227184,1.3116,0.0,true
HiddenCover,16384,3000,dispersed,19,24,7096,0,227184,1.3646,0.0,true
HiddenCover,16384,3000,dispersed,19,25,7096,0,227184,1.3417,0.0,true
HiddenCover,16384,3000,dispersed,19,26,7096,0,227184,1.7931,0.0,true
HiddenCover,16384,3000,dispersed,19,27,7096,0,227184,1.3772,0.0,true
HiddenCover,16384,3000,dispersed,19,28,7096,0,227184,1.3305,0.0,true
HiddenCover,16384,3000,dispersed,19,29,7096,0,227184,1.3206,0.0,true
HiddenCover,16384,10000,clustered,0,0,16,0,624,0.0294,0.0,true
HiddenCover,16384,10000,clustered,0,1,16,0,624,0.0294,0.0,true
HiddenCover,16384,10000,clustered,0,2,16,0,624,0.0292,0.0,true
HiddenCover,16384,10000,clustered,0,3,16,0,624,0.0292,0.0,true
HiddenCover,16384,10000,clustered,0,4,16,0,624,0.0296,0.0,true
HiddenCover,16384,10000,clustered,0,5,16,0,624,0.0292,0.0,true
HiddenCover,16384,10000,clustered,0,6,16,0,624,0.0292,0.0,true
HiddenCover,16384,10000,clustered,0,7,16,0,624,0.0293,0.0,true
HiddenCover,16384,10000,clustered,0,8,16,0,624,0.0293,0.0,true
HiddenCover,16384,10000,clustered,0,9,16,0,624,0.0297,0.0,true
HiddenCover,16384,10000,clustered,0,10,16,0,624,0.0292,0.0,true
HiddenCover,16384,10000,clustered,0,11,16,0,624,0.0292,0.0,true
HiddenCover,16384,10000,clustered,0,12,16,0,624,0.0292,0.0,true
HiddenCover,16384,10000,clustered,0,13,16,0,624,0.0294,0.0,true
HiddenCover,16384,10000,clustered,0,14,16,0,624,0.0296,0.0,true
HiddenCover,16384,10000,clustered,0,15,16,0,624,0.0293,0.0,true
HiddenCover,16384,10000,clustered,0,16,16,0,624,0.0293,0.0,true
HiddenCover,16384,10000,clustered,0,17,16,0,624,0.0293,0.0,true
HiddenCover,16384,10000,clustered,0,18,16,0,624,0.0294,0.0,true
HiddenCover,16384,10000,clustered,0,19,16,0,624,0.0296,0.0,true
HiddenCover,16384,10000,clustered,0,20,16,0,624,0.0293,0.0,true
HiddenCover,16384,10000,clustered,0,21,16,0,624,0.0293,0.0,true
HiddenCover,16384,10000,clustered,0,22,16,0,624,0.0293,0.0,true
HiddenCover,16384,10000,clustered,0,23,16,0,624,0.0293,0.0,true
HiddenCover,16384,10000,clustered,0,24,16,0,624,0.0322,0.0,true
HiddenCover,16384,10000,clustered,0,25,16,0,624,0.0293,0.0,true
HiddenCover,16384,10000,clustered,0,26,16,0,624,0.0292,0.0,true
HiddenCover,16384,10000,clustered,0,27,16,0,624,0.0294,0.0,true
HiddenCover,16384,10000,clustered,0,28,16,0,624,0.0292,0.0,true
HiddenCover,16384,10000,clustered,0,29,16,0,624,0.030800000000000004,0.0,true
HiddenCover,16384,10000,clustered,1,0,8,0,368,0.028,0.0,true
HiddenCover,16384,10000,clustered,1,1,8,0,368,0.0283,0.0,true
HiddenCover,16384,10000,clustered,1,2,8,0,368,0.0279,0.0,true
HiddenCover,16384,10000,clustered,1,3,8,0,368,0.0279,0.0,true
HiddenCover,16384,10000,clustered,1,4,8,0,368,0.0279,0.0,true
HiddenCover,16384,10000,clustered,1,5,8,0,368,0.0279,0.0,true
HiddenCover,16384,10000,clustered,1,6,8,0,368,0.0279,0.0,true
HiddenCover,16384,10000,clustered,1,7,8,0,368,0.028,0.0,true
HiddenCover,16384,10000,clustered,1,8,8,0,368,0.0279,0.0,true
HiddenCover,16384,10000,clustered,1,9,8,0,368,0.0279,0.0,true
HiddenCover,16384,10000,clustered,1,10,8,0,368,0.0283,0.0,true
HiddenCover,16384,10000,clustered,1,11,8,0,368,0.028,0.0,true
HiddenCover,16384,10000,clustered,1,12,8,0,368,0.0281,0.0,true
HiddenCover,16384,10000,clustered,1,13,8,0,368,0.0279,0.0,true
HiddenCover,16384,10000,clustered,1,14,8,0,368,0.0279,0.0,true
HiddenCover,16384,10000,clustered,1,15,8,0,368,0.028,0.0,true
HiddenCover,16384,10000,clustered,1,16,8,0,368,0.0279,0.0,true
HiddenCover,16384,10000,clustered,1,17,8,0,368,0.0281,0.0,true
HiddenCover,16384,10000,clustered,1,18,8,0,368,0.0281,0.0,true
HiddenCover,16384,10000,clustered,1,19,8,0,368,0.0285,0.0,true
HiddenCover,16384,10000,clustered,1,20,8,0,368,0.0279,0.0,true
HiddenCover,16384,10000,clustered,1,21,8,0,368,0.0279,0.0,true
HiddenCover,16384,10000,clustered,1,22,8,0,368,0.027800000000000002,0.0,true
HiddenCover,16384,10000,clustered,1,23,8,0,368,0.0279,0.0,true
HiddenCover,16384,10000,clustered,1,24,8,0,368,0.0279,0.0,true
HiddenCover,16384,10000,clustered,1,25,8,0,368,0.028,0.0,true
HiddenCover,16384,10000,clustered,1,26,8,0,368,0.0281,0.0,true
HiddenCover,16384,10000,clustered,1,27,8,0,368,0.028,0.0,true
HiddenCover,16384,10000,clustered,1,28,8,0,368,0.028399999999999998,0.0,true
HiddenCover,16384,10000,clustered,1,29,8,0,368,0.0279,0.0,true
HiddenCover,16384,10000,clustered,2,0,10,0,432,0.0285,0.0,true
HiddenCover,16384,10000,clustered,2,1,10,0,432,0.028399999999999998,0.0,true
HiddenCover,16384,10000,clustered,2,2,10,0,432,0.028399999999999998,0.0,true
HiddenCover,16384,10000,clustered,2,3,10,0,432,0.028399999999999998,0.0,true
HiddenCover,16384,10000,clustered,2,4,10,0,432,0.028399999999999998,0.0,true
HiddenCover,16384,10000,clustered,2,5,10,0,432,0.0285,0.0,true
HiddenCover,16384,10000,clustered,2,6,10,0,432,0.028399999999999998,0.0,true
HiddenCover,16384,10000,clustered,2,7,10,0,432,0.0288,0.0,true
HiddenCover,16384,10000,clustered,2,8,10,0,432,0.0285,0.0,true
HiddenCover,16384,10000,clustered,2,9,10,0,432,0.0283,0.0,true
HiddenCover,16384,10000,clustered,2,10,10,0,432,0.0285,0.0,true
HiddenCover,16384,10000,clustered,2,11,10,0,432,0.0285,0.0,true
HiddenCover,16384,10000,clustered,2,12,10,0,432,0.028399999999999998,0.0,true
HiddenCover,16384,10000,clustered,2,13,10,0,432,0.0285,0.0,true
HiddenCover,16384,10000,clustered,2,14,10,0,432,0.0283,0.0,true
HiddenCover,16384,10000,clustered,2,15,10,0,432,0.0288,0.0,true
HiddenCover,16384,10000,clustered,2,16,10,0,432,0.028399999999999998,0.0,true
HiddenCover,16384,10000,clustered,2,17,10,0,432,0.0285,0.0,true
HiddenCover,16384,10000,clustered,2,18,10,0,432,0.0283,0.0,true
HiddenCover,16384,10000,clustered,2,19,10,0,432,0.028399999999999998,0.0,true
HiddenCover,16384,10000,clustered,2,20,10,0,432,0.028399999999999998,0.0,true
HiddenCover,16384,10000,clustered,2,21,10,0,432,0.0285,0.0,true
HiddenCover,16384,10000,clustered,2,22,10,0,432,0.0287,0.0,true
HiddenCover,16384,10000,clustered,2,23,10,0,432,0.028399999999999998,0.0,true
HiddenCover,16384,10000,clustered,2,24,10,0,432,0.0285,0.0,true
HiddenCover,16384,10000,clustered,2,25,10,0,432,0.028399999999999998,0.0,true
HiddenCover,16384,10000,clustered,2,26,10,0,432,0.0285,0.0,true
HiddenCover,16384,10000,clustered,2,27,10,0,432,0.028399999999999998,0.0,true
HiddenCover,16384,10000,clustered,2,28,10,0,432,0.028399999999999998,0.0,true
HiddenCover,16384,10000,clustered,2,29,10,0,432,0.028399999999999998,0.0,true
HiddenCover,16384,10000,clustered,3,0,6,0,304,0.027299999999999998,0.0,true
HiddenCover,16384,10000,clustered,3,1,6,0,304,0.027200000000000002,0.0,true
HiddenCover,16384,10000,clustered,3,2,6,0,304,0.027200000000000002,0.0,true
HiddenCover,16384,10000,clustered,3,3,6,0,304,0.027200000000000002,0.0,true
HiddenCover,16384,10000,clustered,3,4,6,0,304,0.027200000000000002,0.0,true
HiddenCover,16384,10000,clustered,3,5,6,0,304,0.027200000000000002,0.0,true
HiddenCover,16384,10000,clustered,3,6,6,0,304,0.0275,0.0,true
HiddenCover,16384,10000,clustered,3,7,6,0,304,0.027200000000000002,0.0,true
HiddenCover,16384,10000,clustered,3,8,6,0,304,0.027,0.0,true
HiddenCover,16384,10000,clustered,3,9,6,0,304,0.027200000000000002,0.0,true
HiddenCover,16384,10000,clustered,3,10,6,0,304,0.027100000000000003,0.0,true
HiddenCover,16384,10000,clustered,3,11,6,0,304,0.027200000000000002,0.0,true
HiddenCover,16384,10000,clustered,3,12,6,0,304,0.027299999999999998,0.0,true
HiddenCover,16384,10000,clustered,3,13,6,0,304,0.027,0.0,true
HiddenCover,16384,10000,clustered,3,14,6,0,304,0.027100000000000003,0.0,true
HiddenCover,16384,10000,clustered,3,15,6,0,304,0.027,0.0,true
HiddenCover,16384,10000,clustered,3,16,6,0,304,0.027200000000000002,0.0,true
HiddenCover,16384,10000,clustered,3,17,6,0,304,0.027299999999999998,0.0,true
HiddenCover,16384,10000,clustered,3,18,6,0,304,0.0276,0.0,true
HiddenCover,16384,10000,clustered,3,19,6,0,304,0.027100000000000003,0.0,true
HiddenCover,16384,10000,clustered,3,20,6,0,304,0.027200000000000002,0.0,true
HiddenCover,16384,10000,clustered,3,21,6,0,304,0.027299999999999998,0.0,true
HiddenCover,16384,10000,clustered,3,22,6,0,304,0.027200000000000002,0.0,true
HiddenCover,16384,10000,clustered,3,23,6,0,304,0.027100000000000003,0.0,true
HiddenCover,16384,10000,clustered,3,24,6,0,304,0.027100000000000003,0.0,true
HiddenCover,16384,10000,clustered,3,25,6,0,304,0.027200000000000002,0.0,true
HiddenCover,16384,10000,clustered,3,26,6,0,304,0.027200000000000002,0.0,true
HiddenCover,16384,10000,clustered,3,27,6,0,304,0.027200000000000002,0.0,true
HiddenCover,16384,10000,clustered,3,28,6,0,304,0.027299999999999998,0.0,true
HiddenCover,16384,10000,clustered,3,29,6,0,304,0.027200000000000002,0.0,true
HiddenCover,16384,10000,clustered,4,0,14,0,560,0.0323,0.0,true
HiddenCover,16384,10000,clustered,4,1,14,0,560,0.031099999999999996,0.0,true
HiddenCover,16384,10000,clustered,4,2,14,0,560,0.029,0.0,true
HiddenCover,16384,10000,clustered,4,3,14,0,560,0.0291,0.0,true
HiddenCover,16384,10000,clustered,4,4,14,0,560,0.0293,0.0,true
HiddenCover,16384,10000,clustered,4,5,14,0,560,0.029,0.0,true
HiddenCover,16384,10000,clustered,4,6,14,0,560,0.028900000000000002,0.0,true
HiddenCover,16384,10000,clustered,4,7,14,0,560,0.029,0.0,true
HiddenCover,16384,10000,clustered,4,8,14,0,560,0.029,0.0,true
HiddenCover,16384,10000,clustered,4,9,14,0,560,0.028900000000000002,0.0,true
HiddenCover,16384,10000,clustered,4,10,14,0,560,0.0294,0.0,true
HiddenCover,16384,10000,clustered,4,11,14,0,560,0.029,0.0,true
HiddenCover,16384,10000,clustered,4,12,14,0,560,0.029,0.0,true
HiddenCover,16384,10000,clustered,4,13,14,0,560,0.0314,0.0,true
HiddenCover,16384,10000,clustered,4,14,14,0,560,0.029,0.0,true
HiddenCover,16384,10000,clustered,4,15,14,0,560,0.029,0.0,true
HiddenCover,16384,10000,clustered,4,16,14,0,560,0.0293,0.0,true
HiddenCover,16384,10000,clustered,4,17,14,0,560,0.029,0.0,true
HiddenCover,16384,10000,clustered,4,18,14,0,560,0.0292,0.0,true
HiddenCover,16384,10000,clustered,4,19,14,0,560,0.029,0.0,true
HiddenCover,16384,10000,clustered,4,20,14,0,560,0.028900000000000002,0.0,true
HiddenCover,16384,10000,clustered,4,21,14,0,560,0.0293,0.0,true
HiddenCover,16384,10000,clustered,4,22,14,0,560,0.0288,0.0,true
HiddenCover,16384,10000,clustered,4,23,14,0,560,0.029,0.0,true
HiddenCover,16384,10000,clustered,4,24,14,0,560,0.028900000000000002,0.0,true
HiddenCover,16384,10000,clustered,4,25,14,0,560,0.0291,0.0,true
HiddenCover,16384,10000,clustered,4,26,14,0,560,0.028900000000000002,0.0,true
HiddenCover,16384,10000,clustered,4,27,14,0,560,0.0294,0.0,true
HiddenCover,16384,10000,clustered,4,28,14,0,560,0.0291,0.0,true
HiddenCover,16384,10000,clustered,4,29,14,0,560,0.029,0.0,true
HiddenCover,16384,10000,clustered,5,0,11,0,464,0.0287,0.0,true
HiddenCover,16384,10000,clustered,5,1,11,0,464,0.0287,0.0,true
HiddenCover,16384,10000,clustered,5,2,11,0,464,0.0287,0.0,true
HiddenCover,16384,10000,clustered,5,3,11,0,464,0.029,0.0,true
HiddenCover,16384,10000,clustered,5,4,11,0,464,0.0287,0.0,true
HiddenCover,16384,10000,clustered,5,5,11,0,464,0.0287,0.0,true
HiddenCover,16384,10000,clustered,5,6,11,0,464,0.0287,0.0,true
HiddenCover,16384,10000,clustered,5,7,11,0,464,0.0286,0.0,true
HiddenCover,16384,10000,clustered,5,8,11,0,464,0.0287,0.0,true
HiddenCover,16384,10000,clustered,5,9,11,0,464,0.0288,0.0,true
HiddenCover,16384,10000,clustered,5,10,11,0,464,0.0288,0.0,true
HiddenCover,16384,10000,clustered,5,11,11,0,464,0.0291,0.0,true
HiddenCover,16384,10000,clustered,5,12,11,0,464,0.0287,0.0,true
HiddenCover,16384,10000,clustered,5,13,11,0,464,0.0287,0.0,true
HiddenCover,16384,10000,clustered,5,14,11,0,464,0.0286,0.0,true
HiddenCover,16384,10000,clustered,5,15,11,0,464,0.0287,0.0,true
HiddenCover,16384,10000,clustered,5,16,11,0,464,0.0286,0.0,true
HiddenCover,16384,10000,clustered,5,17,11,0,464,0.0287,0.0,true
HiddenCover,16384,10000,clustered,5,18,11,0,464,0.029,0.0,true
HiddenCover,16384,10000,clustered,5,19,11,0,464,0.0286,0.0,true
HiddenCover,16384,10000,clustered,5,20,11,0,464,0.0288,0.0,true
HiddenCover,16384,10000,clustered,5,21,11,0,464,0.0287,0.0,true
HiddenCover,16384,10000,clustered,5,22,11,0,464,0.0286,0.0,true
HiddenCover,16384,10000,clustered,5,23,11,0,464,0.0287,0.0,true
HiddenCover,16384,10000,clustered,5,24,11,0,464,0.0285,0.0,true
HiddenCover,16384,10000,clustered,5,25,11,0,464,0.028900000000000002,0.0,true
HiddenCover,16384,10000,clustered,5,26,11,0,464,0.0286,0.0,true
HiddenCover,16384,10000,clustered,5,27,11,0,464,0.0287,0.0,true
HiddenCover,16384,10000,clustered,5,28,11,0,464,0.0286,0.0,true
HiddenCover,16384,10000,clustered,5,29,11,0,464,0.0287,0.0,true
HiddenCover,16384,10000,clustered,6,0,11,0,464,0.0287,0.0,true
HiddenCover,16384,10000,clustered,6,1,11,0,464,0.028399999999999998,0.0,true
HiddenCover,16384,10000,clustered,6,2,11,0,464,0.0288,0.0,true
HiddenCover,16384,10000,clustered,6,3,11,0,464,0.0285,0.0,true
HiddenCover,16384,10000,clustered,6,4,11,0,464,0.028399999999999998,0.0,true
HiddenCover,16384,10000,clustered,6,5,11,0,464,0.028399999999999998,0.0,true
HiddenCover,16384,10000,clustered,6,6,11,0,464,0.0285,0.0,true
HiddenCover,16384,10000,clustered,6,7,11,0,464,0.0285,0.0,true
HiddenCover,16384,10000,clustered,6,8,11,0,464,0.028399999999999998,0.0,true
HiddenCover,16384,10000,clustered,6,9,11,0,464,0.0288,0.0,true
HiddenCover,16384,10000,clustered,6,10,11,0,464,0.0285,0.0,true
HiddenCover,16384,10000,clustered,6,11,11,0,464,0.028399999999999998,0.0,true
HiddenCover,16384,10000,clustered,6,12,11,0,464,0.0285,0.0,true
HiddenCover,16384,10000,clustered,6,13,11,0,464,0.028399999999999998,0.0,true
HiddenCover,16384,10000,clustered,6,14,11,0,464,0.0285,0.0,true
HiddenCover,16384,10000,clustered,6,15,11,0,464,0.0283,0.0,true
HiddenCover,16384,10000,clustered,6,16,11,0,464,0.0287,0.0,true
HiddenCover,16384,10000,clustered,6,17,11,0,464,0.028399999999999998,0.0,true
HiddenCover,16384,10000,clustered,6,18,11,0,464,0.0285,0.0,true
HiddenCover,16384,10000,clustered,6,19,11,0,464,0.028399999999999998,0.0,true
HiddenCover,16384,10000,clustered,6,20,11,0,464,0.028399999999999998,0.0,true
HiddenCover,16384,10000,clustered,6,21,11,0,464,0.0285,0.0,true
HiddenCover,16384,10000,clustered,6,22,11,0,464,0.028399999999999998,0.0,true
HiddenCover,16384,10000,clustered,6,23,11,0,464,0.0287,0.0,true
HiddenCover,16384,10000,clustered,6,24,11,0,464,0.0285,0.0,true
HiddenCover,16384,10000,clustered,6,25,11,0,464,0.028399999999999998,0.0,true
HiddenCover,16384,10000,clustered,6,26,11,0,464,0.0285,0.0,true
HiddenCover,16384,10000,clustered,6,27,11,0,464,0.028399999999999998,0.0,true
HiddenCover,16384,10000,clustered,6,28,11,0,464,0.028399999999999998,0.0,true
HiddenCover,16384,10000,clustered,6,29,11,0,464,0.028399999999999998,0.0,true
HiddenCover,16384,10000,clustered,7,0,16,0,624,0.0292,0.0,true
HiddenCover,16384,10000,clustered,7,1,16,0,624,0.0294,0.0,true
HiddenCover,16384,10000,clustered,7,2,16,0,624,0.0292,0.0,true
HiddenCover,16384,10000,clustered,7,3,16,0,624,0.0296,0.0,true
HiddenCover,16384,10000,clustered,7,4,16,0,624,0.0292,0.0,true
HiddenCover,16384,10000,clustered,7,5,16,0,624,0.0292,0.0,true
HiddenCover,16384,10000,clustered,7,6,16,0,624,0.0292,0.0,true
HiddenCover,16384,10000,clustered,7,7,16,0,624,0.0292,0.0,true
HiddenCover,16384,10000,clustered,7,8,16,0,624,0.0295,0.0,true
HiddenCover,16384,10000,clustered,7,9,16,0,624,0.0292,0.0,true
HiddenCover,16384,10000,clustered,7,10,16,0,624,0.0292,0.0,true
HiddenCover,16384,10000,clustered,7,11,16,0,624,0.0292,0.0,true
HiddenCover,16384,10000,clustered,7,12,16,0,624,0.0292,0.0,true
HiddenCover,16384,10000,clustered,7,13,16,0,624,0.0295,0.0,true
HiddenCover,16384,10000,clustered,7,14,16,0,624,0.0292,0.0,true
HiddenCover,16384,10000,clustered,7,15,16,0,624,0.0291,0.0,true
HiddenCover,16384,10000,clustered,7,16,16,0,624,0.0292,0.0,true
HiddenCover,16384,10000,clustered,7,17,16,0,624,0.0293,0.0,true
HiddenCover,16384,10000,clustered,7,18,16,0,624,0.0295,0.0,true
HiddenCover,16384,10000,clustered,7,19,16,0,624,0.0292,0.0,true
HiddenCover,16384,10000,clustered,7,20,16,0,624,0.0292,0.0,true
HiddenCover,16384,10000,clustered,7,21,16,0,624,0.0293,0.0,true
HiddenCover,16384,10000,clustered,7,22,16,0,624,0.0293,0.0,true
HiddenCover,16384,10000,clustered,7,23,16,0,624,0.0297,0.0,true
HiddenCover,16384,10000,clustered,7,24,16,0,624,0.0293,0.0,true
HiddenCover,16384,10000,clustered,7,25,16,0,624,0.0293,0.0,true
HiddenCover,16384,10000,clustered,7,26,16,0,624,0.0292,0.0,true
HiddenCover,16384,10000,clustered,7,27,16,0,624,0.0292,0.0,true
HiddenCover,16384,10000,clustered,7,28,16,0,624,0.0297,0.0,true
HiddenCover,16384,10000,clustered,7,29,16,0,624,0.0295,0.0,true
HiddenCover,16384,10000,clustered,8,0,12,0,496,0.0336,0.0,true
HiddenCover,16384,10000,clustered,8,1,12,0,496,0.056799999999999996,0.0,true
HiddenCover,16384,10000,clustered,8,2,12,0,496,0.0549,0.0,true
HiddenCover,16384,10000,clustered,8,3,12,0,496,0.0431,0.0,true
HiddenCover,16384,10000,clustered,8,4,12,0,496,0.0354,0.0,true
HiddenCover,16384,10000,clustered,8,5,12,0,496,0.0352,0.0,true
HiddenCover,16384,10000,clustered,8,6,12,0,496,0.036199999999999996,0.0,true
HiddenCover,16384,10000,clustered,8,7,12,0,496,0.0346,0.0,true
HiddenCover,16384,10000,clustered,8,8,12,0,496,0.036199999999999996,0.0,true
HiddenCover,16384,10000,clustered,8,9,12,0,496,0.0349,0.0,true
HiddenCover,16384,10000,clustered,8,10,12,0,496,0.0627,0.0,true
HiddenCover,16384,10000,clustered,8,11,12,0,496,0.0574,0.0,true
HiddenCover,16384,10000,clustered,8,12,12,0,496,0.054,0.0,true
HiddenCover,16384,10000,clustered,8,13,12,0,496,0.0533,0.0,true
HiddenCover,16384,10000,clustered,8,14,12,0,496,0.0533,0.0,true
HiddenCover,16384,10000,clustered,8,15,12,0,496,0.0493,0.0,true
HiddenCover,16384,10000,clustered,8,16,12,0,496,0.0395,0.0,true
HiddenCover,16384,10000,clustered,8,17,12,0,496,0.0357,0.0,true
HiddenCover,16384,10000,clustered,8,18,12,0,496,0.0356,0.0,true
HiddenCover,16384,10000,clustered,8,19,12,0,496,0.0347,0.0,true
HiddenCover,16384,10000,clustered,8,20,12,0,496,0.0337,0.0,true
HiddenCover,16384,10000,clustered,8,21,12,0,496,0.037200000000000004,0.0,true
HiddenCover,16384,10000,clustered,8,22,12,0,496,0.034100000000000005,0.0,true
HiddenCover,16384,10000,clustered,8,23,12,0,496,0.0336,0.0,true
HiddenCover,16384,10000,clustered,8,24,12,0,496,0.0333,0.0,true
HiddenCover,16384,10000,clustered,8,25,12,0,496,0.0344,0.0,true
HiddenCover,16384,10000,clustered,8,26,12,0,496,0.0323,0.0,true
HiddenCover,16384,10000,clustered,8,27,12,0,496,0.032100000000000004,0.0,true
HiddenCover,16384,10000,clustered,8,28,12,0,496,0.0326,0.0,true
HiddenCover,16384,10000,clustered,8,29,12,0,496,0.0357,0.0,true
HiddenCover,16384,10000,clustered,9,0,13,0,528,0.032799999999999996,0.0,true
HiddenCover,16384,10000,clustered,9,1,13,0,528,0.0335,0.0,true
HiddenCover,16384,10000,clustered,9,2,13,0,528,0.032799999999999996,0.0,true
HiddenCover,16384,10000,clustered,9,3,13,0,528,0.0326,0.0,true
HiddenCover,16384,10000,clustered,9,4,13,0,528,0.0354,0.0,true
HiddenCover,16384,10000,clustered,9,5,13,0,528,0.0344,0.0,true
HiddenCover,16384,10000,clustered,9,6,13,0,528,0.0335,0.0,true
HiddenCover,16384,10000,clustered,9,7,13,0,528,0.033800000000000004,0.0,true
HiddenCover,16384,10000,clustered,9,8,13,0,528,0.0344,0.0,true
HiddenCover,16384,10000,clustered,9,9,13,0,528,0.0365,0.0,true
HiddenCover,16384,10000,clustered,9,10,13,0,528,0.0339,0.0,true
HiddenCover,16384,10000,clustered,9,11,13,0,528,0.0369,0.0,true
HiddenCover,16384,10000,clustered,9,12,13,0,528,0.0378,0.0,true
HiddenCover,16384,10000,clustered,9,13,13,0,528,0.037200000000000004,0.0,true
HiddenCover,16384,10000,clustered,9,14,13,0,528,0.0386,0.0,true
HiddenCover,16384,10000,clustered,9,15,13,0,528,0.0375,0.0,true
HiddenCover,16384,10000,clustered,9,16,13,0,528,0.0339,0.0,true
HiddenCover,16384,10000,clustered,9,17,13,0,528,0.0331,0.0,true
HiddenCover,16384,10000,clustered,9,18,13,0,528,0.034,0.0,true
HiddenCover,16384,10000,clustered,9,19,13,0,528,0.0343,0.0,true
HiddenCover,16384,10000,clustered,9,20,13,0,528,0.0357,0.0,true
HiddenCover,16384,10000,clustered,9,21,13,0,528,0.034499999999999996,0.0,true
HiddenCover,16384,10000,clustered,9,22,13,0,528,0.0333,0.0,true
HiddenCover,16384,10000,clustered,9,23,13,0,528,0.0339,0.0,true
HiddenCover,16384,10000,clustered,9,24,13,0,528,0.032499999999999994,0.0,true
HiddenCover,16384,10000,clustered,9,25,13,0,528,0.0326,0.0,true
HiddenCover,16384,10000,clustered,9,26,13,0,528,0.0323,0.0,true
HiddenCover,16384,10000,clustered,9,27,13,0,528,0.0322,0.0,true
HiddenCover,16384,10000,clustered,9,28,13,0,528,0.0323,0.0,true
HiddenCover,16384,10000,clustered,9,29,13,0,528,0.0326,0.0,true
HiddenCover,16384,10000,clustered,10,0,14,0,560,0.0347,0.0,true
HiddenCover,16384,10000,clustered,10,1,14,0,560,0.032499999999999994,0.0,true
HiddenCover,16384,10000,clustered,10,2,14,0,560,0.0337,0.0,true
HiddenCover,16384,10000,clustered,10,3,14,0,560,0.037,0.0,true
HiddenCover,16384,10000,clustered,10,4,14,0,560,0.0343,0.0,true
HiddenCover,16384,10000,clustered,10,5,14,0,560,0.0351,0.0,true
HiddenCover,16384,10000,clustered,10,6,14,0,560,0.0347,0.0,true
HiddenCover,16384,10000,clustered,10,7,14,0,560,0.032499999999999994,0.0,true
HiddenCover,16384,10000,clustered,10,8,14,0,560,0.032499999999999994,0.0,true
HiddenCover,16384,10000,clustered,10,9,14,0,560,0.0347,0.0,true
HiddenCover,16384,10000,clustered,10,10,14,0,560,0.0327,0.0,true
HiddenCover,16384,10000,clustered,10,11,14,0,560,0.032499999999999994,0.0,true
HiddenCover,16384,10000,clustered,10,12,14,0,560,0.0324,0.0,true
HiddenCover,16384,10000,clustered,10,13,14,0,560,0.0324,0.0,true
HiddenCover,16384,10000,clustered,10,14,14,0,560,0.0335,0.0,true
HiddenCover,16384,10000,clustered,10,15,14,0,560,0.0329,0.0,true
HiddenCover,16384,10000,clustered,10,16,14,0,560,0.0324,0.0,true
HiddenCover,16384,10000,clustered,10,17,14,0,560,0.0323,0.0,true
HiddenCover,16384,10000,clustered,10,18,14,0,560,0.0324,0.0,true
HiddenCover,16384,10000,clustered,10,19,14,0,560,0.032499999999999994,0.0,true
HiddenCover,16384,10000,clustered,10,20,14,0,560,0.0326,0.0,true
HiddenCover,16384,10000,clustered,10,21,14,0,560,0.0323,0.0,true
HiddenCover,16384,10000,clustered,10,22,14,0,560,0.0324,0.0,true
HiddenCover,16384,10000,clustered,10,23,14,0,560,0.0324,0.0,true
HiddenCover,16384,10000,clustered,10,24,14,0,560,0.0324,0.0,true
HiddenCover,16384,10000,clustered,10,25,14,0,560,0.0337,0.0,true
HiddenCover,16384,10000,clustered,10,26,14,0,560,0.0346,0.0,true
HiddenCover,16384,10000,clustered,10,27,14,0,560,0.0326,0.0,true
HiddenCover,16384,10000,clustered,10,28,14,0,560,0.0324,0.0,true
HiddenCover,16384,10000,clustered,10,29,14,0,560,0.0323,0.0,true
HiddenCover,16384,10000,clustered,11,0,6,0,304,0.0312,0.0,true
HiddenCover,16384,10000,clustered,11,1,6,0,304,0.031099999999999996,0.0,true
HiddenCover,16384,10000,clustered,11,2,6,0,304,0.031099999999999996,0.0,true
HiddenCover,16384,10000,clustered,11,3,6,0,304,0.031,0.0,true
HiddenCover,16384,10000,clustered,11,4,6,0,304,0.031099999999999996,0.0,true
HiddenCover,16384,10000,clustered,11,5,6,0,304,0.031099999999999996,0.0,true
HiddenCover,16384,10000,clustered,11,6,6,0,304,0.0312,0.0,true
HiddenCover,16384,10000,clustered,11,7,6,0,304,0.031099999999999996,0.0,true
HiddenCover,16384,10000,clustered,11,8,6,0,304,0.031099999999999996,0.0,true
HiddenCover,16384,10000,clustered,11,9,6,0,304,0.031099999999999996,0.0,true
HiddenCover,16384,10000,clustered,11,10,6,0,304,0.0316,0.0,true
HiddenCover,16384,10000,clustered,11,11,6,0,304,0.031099999999999996,0.0,true
HiddenCover,16384,10000,clustered,11,12,6,0,304,0.031099999999999996,0.0,true
HiddenCover,16384,10000,clustered,11,13,6,0,304,0.0312,0.0,true
HiddenCover,16384,10000,clustered,11,14,6,0,304,0.0312,0.0,true
HiddenCover,16384,10000,clustered,11,15,6,0,304,0.0312,0.0,true
HiddenCover,16384,10000,clustered,11,16,6,0,304,0.031,0.0,true
HiddenCover,16384,10000,clustered,11,17,6,0,304,0.031099999999999996,0.0,true
HiddenCover,16384,10000,clustered,11,18,6,0,304,0.031099999999999996,0.0,true
HiddenCover,16384,10000,clustered,11,19,6,0,304,0.0313,0.0,true
HiddenCover,16384,10000,clustered,11,20,6,0,304,0.0312,0.0,true
HiddenCover,16384,10000,clustered,11,21,6,0,304,0.0313,0.0,true
HiddenCover,16384,10000,clustered,11,22,6,0,304,0.0333,0.0,true
HiddenCover,16384,10000,clustered,11,23,6,0,304,0.0337,0.0,true
HiddenCover,16384,10000,clustered,11,24,6,0,304,0.0323,0.0,true
HiddenCover,16384,10000,clustered,11,25,6,0,304,0.0313,0.0,true
HiddenCover,16384,10000,clustered,11,26,6,0,304,0.031099999999999996,0.0,true
HiddenCover,16384,10000,clustered,11,27,6,0,304,0.031,0.0,true
HiddenCover,16384,10000,clustered,11,28,6,0,304,0.031099999999999996,0.0,true
HiddenCover,16384,10000,clustered,11,29,6,0,304,0.0314,0.0,true
HiddenCover,16384,10000,clustered,12,0,17,0,656,0.0331,0.0,true
HiddenCover,16384,10000,clustered,12,1,17,0,656,0.0333,0.0,true
HiddenCover,16384,10000,clustered,12,2,17,0,656,0.0329,0.0,true
HiddenCover,16384,10000,clustered,12,3,17,0,656,0.0329,0.0,true
HiddenCover,16384,10000,clustered,12,4,17,0,656,0.0333,0.0,true
HiddenCover,16384,10000,clustered,12,5,17,0,656,0.0329,0.0,true
HiddenCover,16384,10000,clustered,12,6,17,0,656,0.033,0.0,true
HiddenCover,16384,10000,clustered,12,7,17,0,656,0.0332,0.0,true
HiddenCover,16384,10000,clustered,12,8,17,0,656,0.0331,0.0,true
HiddenCover,16384,10000,clustered,12,9,17,0,656,0.0335,0.0,true
HiddenCover,16384,10000,clustered,12,10,17,0,656,0.033,0.0,true
HiddenCover,16384,10000,clustered,12,11,17,0,656,0.0329,0.0,true
HiddenCover,16384,10000,clustered,12,12,17,0,656,0.0329,0.0,true
HiddenCover,16384,10000,clustered,12,13,17,0,656,0.0333,0.0,true
HiddenCover,16384,10000,clustered,12,14,17,0,656,0.033,0.0,true
HiddenCover,16384,10000,clustered,12,15,17,0,656,0.0329,0.0,true
HiddenCover,16384,10000,clustered,12,16,17,0,656,0.0329,0.0,true
HiddenCover,16384,10000,clustered,12,17,17,0,656,0.0329,0.0,true
HiddenCover,16384,10000,clustered,12,18,17,0,656,0.0333,0.0,true
HiddenCover,16384,10000,clustered,12,19,17,0,656,0.0329,0.0,true
HiddenCover,16384,10000,clustered,12,20,17,0,656,0.033,0.0,true
HiddenCover,16384,10000,clustered,12,21,17,0,656,0.0329,0.0,true
HiddenCover,16384,10000,clustered,12,22,17,0,656,0.032799999999999996,0.0,true
HiddenCover,16384,10000,clustered,12,23,17,0,656,0.0333,0.0,true
HiddenCover,16384,10000,clustered,12,24,17,0,656,0.0331,0.0,true
HiddenCover,16384,10000,clustered,12,25,17,0,656,0.0329,0.0,true
HiddenCover,16384,10000,clustered,12,26,17,0,656,0.033,0.0,true
HiddenCover,16384,10000,clustered,12,27,17,0,656,0.0347,0.0,true
HiddenCover,16384,10000,clustered,12,28,17,0,656,0.033,0.0,true
HiddenCover,16384,10000,clustered,12,29,17,0,656,0.0336,0.0,true
HiddenCover,16384,10000,clustered,13,0,12,0,496,0.0322,0.0,true
HiddenCover,16384,10000,clustered,13,1,12,0,496,0.032,0.0,true
HiddenCover,16384,10000,clustered,13,2,12,0,496,0.0323,0.0,true
HiddenCover,16384,10000,clustered,13,3,12,0,496,0.032499999999999994,0.0,true
HiddenCover,16384,10000,clustered,13,4,12,0,496,0.034,0.0,true
HiddenCover,16384,10000,clustered,13,5,12,0,496,0.032100000000000004,0.0,true
HiddenCover,16384,10000,clustered,13,6,12,0,496,0.032100000000000004,0.0,true
HiddenCover,16384,10000,clustered,13,7,12,0,496,0.032,0.0,true
HiddenCover,16384,10000,clustered,13,8,12,0,496,0.0322,0.0,true
HiddenCover,16384,10000,clustered,13,9,12,0,496,0.0323,0.0,true
HiddenCover,16384,10000,clustered,13,10,12,0,496,0.032,0.0,true
HiddenCover,16384,10000,clustered,13,11,12,0,496,0.032,0.0,true
HiddenCover,16384,10000,clustered,13,12,12,0,496,0.032100000000000004,0.0,true
HiddenCover,16384,10000,clustered,13,13,12,0,496,0.032100000000000004,0.0,true
HiddenCover,16384,10000,clustered,13,14,12,0,496,0.0322,0.0,true
HiddenCover,16384,10000,clustered,13,15,12,0,496,0.032100000000000004,0.0,true
HiddenCover,16384,10000,clustered,13,16,12,0,496,0.0324,0.0,true
HiddenCover,16384,10000,clustered,13,17,12,0,496,0.032,0.0,true
HiddenCover,16384,10000,clustered,13,18,12,0,496,0.032100000000000004,0.0,true
HiddenCover,16384,10000,clustered,13,19,12,0,496,0.032100000000000004,0.0,true
HiddenCover,16384,10000,clustered,13,20,12,0,496,0.032,0.0,true
HiddenCover,16384,10000,clustered,13,21,12,0,496,0.032100000000000004,0.0,true
HiddenCover,16384,10000,clustered,13,22,12,0,496,0.032,0.0,true
HiddenCover,16384,10000,clustered,13,23,12,0,496,0.0326,0.0,true
HiddenCover,16384,10000,clustered,13,24,12,0,496,0.032,0.0,true
HiddenCover,16384,10000,clustered,13,25,12,0,496,0.032100000000000004,0.0,true
HiddenCover,16384,10000,clustered,13,26,12,0,496,0.032100000000000004,0.0,true
HiddenCover,16384,10000,clustered,13,27,12,0,496,0.032499999999999994,0.0,true
HiddenCover,16384,10000,clustered,13,28,12,0,496,0.032100000000000004,0.0,true
HiddenCover,16384,10000,clustered,13,29,12,0,496,0.0324,0.0,true
HiddenCover,16384,10000,clustered,14,0,13,0,528,0.0322,0.0,true
HiddenCover,16384,10000,clustered,14,1,13,0,528,0.0323,0.0,true
HiddenCover,16384,10000,clustered,14,2,13,0,528,0.0322,0.0,true
HiddenCover,16384,10000,clustered,14,3,13,0,528,0.0323,0.0,true
HiddenCover,16384,10000,clustered,14,4,13,0,528,0.0327,0.0,true
HiddenCover,16384,10000,clustered,14,5,13,0,528,0.0322,0.0,true
HiddenCover,16384,10000,clustered,14,6,13,0,528,0.0323,0.0,true
HiddenCover,16384,10000,clustered,14,7,13,0,528,0.0322,0.0,true
HiddenCover,16384,10000,clustered,14,8,13,0,528,0.0324,0.0,true
HiddenCover,16384,10000,clustered,14,9,13,0,528,0.0322,0.0,true
HiddenCover,16384,10000,clustered,14,10,13,0,528,0.0327,0.0,true
HiddenCover,16384,10000,clustered,14,11,13,0,528,0.0322,0.0,true
HiddenCover,16384,10000,clustered,14,12,13,0,528,0.0323,0.0,true
HiddenCover,16384,10000,clustered,14,13,13,0,528,0.0323,0.0,true
HiddenCover,16384,10000,clustered,14,14,13,0,528,0.0324,0.0,true
HiddenCover,16384,10000,clustered,14,15,13,0,528,0.0323,0.0,true
HiddenCover,16384,10000,clustered,14,16,13,0,528,0.0327,0.0,true
HiddenCover,16384,10000,clustered,14,17,13,0,528,0.0322,0.0,true
HiddenCover,16384,10000,clustered,14,18,13,0,528,0.0323,0.0,true
HiddenCover,16384,10000,clustered,14,19,13,0,528,0.0323,0.0,true
HiddenCover,16384,10000,clustered,14,20,13,0,528,0.0322,0.0,true
HiddenCover,16384,10000,clustered,14,21,13,0,528,0.0322,0.0,true
HiddenCover,16384,10000,clustered,14,22,13,0,528,0.0323,0.0,true
HiddenCover,16384,10000,clustered,14,23,13,0,528,0.0327,0.0,true
HiddenCover,16384,10000,clustered,14,24,13,0,528,0.0323,0.0,true
HiddenCover,16384,10000,clustered,14,25,13,0,528,0.0324,0.0,true
HiddenCover,16384,10000,clustered,14,26,13,0,528,0.0322,0.0,true
HiddenCover,16384,10000,clustered,14,27,13,0,528,0.0323,0.0,true
HiddenCover,16384,10000,clustered,14,28,13,0,528,0.032100000000000004,0.0,true
HiddenCover,16384,10000,clustered,14,29,13,0,528,0.032499999999999994,0.0,true
HiddenCover,16384,10000,clustered,15,0,11,0,464,0.0322,0.0,true
HiddenCover,16384,10000,clustered,15,1,11,0,464,0.0323,0.0,true
HiddenCover,16384,10000,clustered,15,2,11,0,464,0.0323,0.0,true
HiddenCover,16384,10000,clustered,15,3,11,0,464,0.032100000000000004,0.0,true
HiddenCover,16384,10000,clustered,15,4,11,0,464,0.0322,0.0,true
HiddenCover,16384,10000,clustered,15,5,11,0,464,0.0322,0.0,true
HiddenCover,16384,10000,clustered,15,6,11,0,464,0.032499999999999994,0.0,true
HiddenCover,16384,10000,clustered,15,7,11,0,464,0.0322,0.0,true
HiddenCover,16384,10000,clustered,15,8,11,0,464,0.0322,0.0,true
HiddenCover,16384,10000,clustered,15,9,11,0,464,0.0322,0.0,true
HiddenCover,16384,10000,clustered,15,10,11,0,464,0.032100000000000004,0.0,true
HiddenCover,16384,10000,clustered,15,11,11,0,464,0.032,0.0,true
HiddenCover,16384,10000,clustered,15,12,11,0,464,0.032,0.0,true
HiddenCover,16384,10000,clustered,15,13,11,0,464,0.0324,0.0,true
HiddenCover,16384,10000,clustered,15,14,11,0,464,0.032100000000000004,0.0,true
HiddenCover,16384,10000,clustered,15,15,11,0,464,0.032100000000000004,0.0,true
HiddenCover,16384,10000,clustered,15,16,11,0,464,0.0322,0.0,true
HiddenCover,16384,10000,clustered,15,17,11,0,464,0.032100000000000004,0.0,true
HiddenCover,16384,10000,clustered,15,18,11,0,464,0.0324,0.0,true
HiddenCover,16384,10000,clustered,15,19,11,0,464,0.032100000000000004,0.0,true
HiddenCover,16384,10000,clustered,15,20,11,0,464,0.032499999999999994,0.0,true
HiddenCover,16384,10000,clustered,15,21,11,0,464,0.0322,0.0,true
HiddenCover,16384,10000,clustered,15,22,11,0,464,0.0322,0.0,true
HiddenCover,16384,10000,clustered,15,23,11,0,464,0.0323,0.0,true
HiddenCover,16384,10000,clustered,15,24,11,0,464,0.0323,0.0,true
HiddenCover,16384,10000,clustered,15,25,11,0,464,0.032,0.0,true
HiddenCover,16384,10000,clustered,15,26,11,0,464,0.0324,0.0,true
HiddenCover,16384,10000,clustered,15,27,11,0,464,0.032499999999999994,0.0,true
HiddenCover,16384,10000,clustered,15,28,11,0,464,0.032100000000000004,0.0,true
HiddenCover,16384,10000,clustered,15,29,11,0,464,0.0322,0.0,true
HiddenCover,16384,10000,clustered,16,0,10,0,432,0.031099999999999996,0.0,true
HiddenCover,16384,10000,clustered,16,1,10,0,432,0.031099999999999996,0.0,true
HiddenCover,16384,10000,clustered,16,2,10,0,432,0.031099999999999996,0.0,true
HiddenCover,16384,10000,clustered,16,3,10,0,432,0.0312,0.0,true
HiddenCover,16384,10000,clustered,16,4,10,0,432,0.031099999999999996,0.0,true
HiddenCover,16384,10000,clustered,16,5,10,0,432,0.0315,0.0,true
HiddenCover,16384,10000,clustered,16,6,10,0,432,0.031099999999999996,0.0,true
HiddenCover,16384,10000,clustered,16,7,10,0,432,0.031,0.0,true
HiddenCover,16384,10000,clustered,16,8,10,0,432,0.0313,0.0,true
HiddenCover,16384,10000,clustered,16,9,10,0,432,0.0313,0.0,true
HiddenCover,16384,10000,clustered,16,10,10,0,432,0.031099999999999996,0.0,true
HiddenCover,16384,10000,clustered,16,11,10,0,432,0.0313,0.0,true
HiddenCover,16384,10000,clustered,16,12,10,0,432,0.031099999999999996,0.0,true
HiddenCover,16384,10000,clustered,16,13,10,0,432,0.0314,0.0,true
HiddenCover,16384,10000,clustered,16,14,10,0,432,0.0312,0.0,true
HiddenCover,16384,10000,clustered,16,15,10,0,432,0.0312,0.0,true
HiddenCover,16384,10000,clustered,16,16,10,0,432,0.031,0.0,true
HiddenCover,16384,10000,clustered,16,17,10,0,432,0.031099999999999996,0.0,true
HiddenCover,16384,10000,clustered,16,18,10,0,432,0.031099999999999996,0.0,true
HiddenCover,16384,10000,clustered,16,19,10,0,432,0.031099999999999996,0.0,true
HiddenCover,16384,10000,clustered,16,20,10,0,432,0.0312,0.0,true
HiddenCover,16384,10000,clustered,16,21,10,0,432,0.0315,0.0,true
HiddenCover,16384,10000,clustered,16,22,10,0,432,0.0323,0.0,true
HiddenCover,16384,10000,clustered,16,23,10,0,432,0.0318,0.0,true
HiddenCover,16384,10000,clustered,16,24,10,0,432,0.0339,0.0,true
HiddenCover,16384,10000,clustered,16,25,10,0,432,0.0315,0.0,true
HiddenCover,16384,10000,clustered,16,26,10,0,432,0.031099999999999996,0.0,true
HiddenCover,16384,10000,clustered,16,27,10,0,432,0.031099999999999996,0.0,true
HiddenCover,16384,10000,clustered,16,28,10,0,432,0.031099999999999996,0.0,true
HiddenCover,16384,10000,clustered,16,29,10,0,432,0.0314,0.0,true
HiddenCover,16384,10000,clustered,17,0,18,0,688,0.0431,0.0,true
HiddenCover,16384,10000,clustered,17,1,18,0,688,0.0425,0.0,true
HiddenCover,16384,10000,clustered,17,2,18,0,688,0.0431,0.0,true
HiddenCover,16384,10000,clustered,17,3,18,0,688,0.0431,0.0,true
HiddenCover,16384,10000,clustered,17,4,18,0,688,0.0431,0.0,true
HiddenCover,16384,10000,clustered,17,5,18,0,688,0.043699999999999996,0.0,true
HiddenCover,16384,10000,clustered,17,6,18,0,688,0.043000000000000003,0.0,true
HiddenCover,16384,10000,clustered,17,7,18,0,688,0.0428,0.0,true
HiddenCover,16384,10000,clustered,17,8,18,0,688,0.0425,0.0,true
HiddenCover,16384,10000,clustered,17,9,18,0,688,0.0424,0.0,true
HiddenCover,16384,10000,clustered,17,10,18,0,688,0.0435,0.0,true
HiddenCover,16384,10000,clustered,17,11,18,0,688,0.0434,0.0,true
HiddenCover,16384,10000,clustered,17,12,18,0,688,0.0434,0.0,true
HiddenCover,16384,10000,clustered,17,13,18,0,688,0.043300000000000005,0.0,true
HiddenCover,16384,10000,clustered,17,14,18,0,688,0.043699999999999996,0.0,true
HiddenCover,16384,10000,clustered,17,15,18,0,688,0.0432,0.0,true
HiddenCover,16384,10000,clustered,17,16,18,0,688,0.043000000000000003,0.0,true
HiddenCover,16384,10000,clustered,17,17,18,0,688,0.0427,0.0,true
HiddenCover,16384,10000,clustered,17,18,18,0,688,0.0428,0.0,true
HiddenCover,16384,10000,clustered,17,19,18,0,688,0.0431,0.0,true
HiddenCover,16384,10000,clustered,17,20,18,0,688,0.0429,0.0,true
HiddenCover,16384,10000,clustered,17,21,18,0,688,0.043000000000000003,0.0,true
HiddenCover,16384,10000,clustered,17,22,18,0,688,0.043000000000000003,0.0,true
HiddenCover,16384,10000,clustered,17,23,18,0,688,0.0438,0.0,true
HiddenCover,16384,10000,clustered,17,24,18,0,688,0.0434,0.0,true
HiddenCover,16384,10000,clustered,17,25,18,0,688,0.043000000000000003,0.0,true
HiddenCover,16384,10000,clustered,17,26,18,0,688,0.0431,0.0,true
HiddenCover,16384,10000,clustered,17,27,18,0,688,0.0431,0.0,true
HiddenCover,16384,10000,clustered,17,28,18,0,688,0.0431,0.0,true
HiddenCover,16384,10000,clustered,17,29,18,0,688,0.0425,0.0,true
HiddenCover,16384,10000,clustered,18,0,11,0,464,0.041,0.0,true
HiddenCover,16384,10000,clustered,18,1,11,0,464,0.041,0.0,true
HiddenCover,16384,10000,clustered,18,2,11,0,464,0.0414,0.0,true
HiddenCover,16384,10000,clustered,18,3,11,0,464,0.0413,0.0,true
HiddenCover,16384,10000,clustered,18,4,11,0,464,0.0422,0.0,true
HiddenCover,16384,10000,clustered,18,5,11,0,464,0.0415,0.0,true
HiddenCover,16384,10000,clustered,18,6,11,0,464,0.0414,0.0,true
HiddenCover,16384,10000,clustered,18,7,11,0,464,0.0408,0.0,true
HiddenCover,16384,10000,clustered,18,8,11,0,464,0.041,0.0,true
HiddenCover,16384,10000,clustered,18,9,11,0,464,0.0413,0.0,true
HiddenCover,16384,10000,clustered,18,10,11,0,464,0.041699999999999994,0.0,true
HiddenCover,16384,10000,clustered,18,11,11,0,464,0.0419,0.0,true
HiddenCover,16384,10000,clustered,18,12,11,0,464,0.041100000000000005,0.0,true
HiddenCover,16384,10000,clustered,18,13,11,0,464,0.0418,0.0,true
HiddenCover,16384,10000,clustered,18,14,11,0,464,0.0414,0.0,true
HiddenCover,16384,10000,clustered,18,15,11,0,464,0.041,0.0,true
HiddenCover,16384,10000,clustered,18,16,11,0,464,0.041100000000000005,0.0,true
HiddenCover,16384,10000,clustered,18,17,11,0,464,0.0413,0.0,true
HiddenCover,16384,10000,clustered,18,18,11,0,464,0.0413,0.0,true
HiddenCover,16384,10000,clustered,18,19,11,0,464,0.0415,0.0,true
HiddenCover,16384,10000,clustered,18,20,11,0,464,0.0412,0.0,true
HiddenCover,16384,10000,clustered,18,21,11,0,464,0.041100000000000005,0.0,true
HiddenCover,16384,10000,clustered,18,22,11,0,464,0.0409,0.0,true
HiddenCover,16384,10000,clustered,18,23,11,0,464,0.041,0.0,true
HiddenCover,16384,10000,clustered,18,24,11,0,464,0.041100000000000005,0.0,true
HiddenCover,16384,10000,clustered,18,25,11,0,464,0.0415,0.0,true
HiddenCover,16384,10000,clustered,18,26,11,0,464,0.0416,0.0,true
HiddenCover,16384,10000,clustered,18,27,11,0,464,0.0415,0.0,true
HiddenCover,16384,10000,clustered,18,28,11,0,464,0.0413,0.0,true
HiddenCover,16384,10000,clustered,18,29,11,0,464,0.041100000000000005,0.0,true
HiddenCover,16384,10000,clustered,19,0,12,0,496,0.0391,0.0,true
HiddenCover,16384,10000,clustered,19,1,12,0,496,0.0366,0.0,true
HiddenCover,16384,10000,clustered,19,2,12,0,496,0.0354,0.0,true
HiddenCover,16384,10000,clustered,19,3,12,0,496,0.035500000000000004,0.0,true
HiddenCover,16384,10000,clustered,19,4,12,0,496,0.045599999999999995,0.0,true
HiddenCover,16384,10000,clustered,19,5,12,0,496,0.0371,0.0,true
HiddenCover,16384,10000,clustered,19,6,12,0,496,0.0349,0.0,true
HiddenCover,16384,10000,clustered,19,7,12,0,496,0.0356,0.0,true
HiddenCover,16384,10000,clustered,19,8,12,0,496,0.0359,0.0,true
HiddenCover,16384,10000,clustered,19,9,12,0,496,0.1113,0.0,true
HiddenCover,16384,10000,clustered,19,10,12,0,496,0.0751,0.0,true
HiddenCover,16384,10000,clustered,19,11,12,0,496,0.0406,0.0,true
HiddenCover,16384,10000,clustered,19,12,12,0,496,0.0383,0.0,true
HiddenCover,16384,10000,clustered,19,13,12,0,496,0.0374,0.0,true
HiddenCover,16384,10000,clustered,19,14,12,0,496,0.0665,0.0,true
HiddenCover,16384,10000,clustered,19,15,12,0,496,0.0409,0.0,true
HiddenCover,16384,10000,clustered,19,16,12,0,496,0.0415,0.0,true
HiddenCover,16384,10000,clustered,19,17,12,0,496,0.0461,0.0,true
HiddenCover,16384,10000,clustered,19,18,12,0,496,0.0378,0.0,true
HiddenCover,16384,10000,clustered,19,19,12,0,496,0.0407,0.0,true
HiddenCover,16384,10000,clustered,19,20,12,0,496,0.0369,0.0,true
HiddenCover,16384,10000,clustered,19,21,12,0,496,0.0327,0.0,true
HiddenCover,16384,10000,clustered,19,22,12,0,496,0.036000000000000004,0.0,true
HiddenCover,16384,10000,clustered,19,23,12,0,496,0.035500000000000004,0.0,true
HiddenCover,16384,10000,clustered,19,24,12,0,496,0.0334,0.0,true
HiddenCover,16384,10000,clustered,19,25,12,0,496,0.0347,0.0,true
HiddenCover,16384,10000,clustered,19,26,12,0,496,0.0373,0.0,true
HiddenCover,16384,10000,clustered,19,27,12,0,496,0.0373,0.0,true
HiddenCover,16384,10000,clustered,19,28,12,0,496,0.0363,0.0,true
HiddenCover,16384,10000,clustered,19,29,12,0,496,0.0347,0.0,true
HiddenCover,16384,10000,random,0,0,5024,0,160880,0.9462,0.0,true
HiddenCover,16384,10000,random,0,1,5024,0,160880,0.9613,0.0,true
HiddenCover,16384,10000,random,0,2,5024,0,160880,1.0086,0.0,true
HiddenCover,16384,10000,random,0,3,5024,0,160880,0.9528,0.0,true
HiddenCover,16384,10000,random,0,4,5024,0,160880,0.9369,0.0,true
HiddenCover,16384,10000,random,0,5,5024,0,160880,0.9394,0.0,true
HiddenCover,16384,10000,random,0,6,5024,0,160880,0.9430999999999999,0.0,true
HiddenCover,16384,10000,random,0,7,5024,0,160880,1.0926,0.0,true
HiddenCover,16384,10000,random,0,8,5024,0,160880,1.5211999999999999,0.0,true
HiddenCover,16384,10000,random,0,9,5024,0,160880,1.6271,0.0,true
HiddenCover,16384,10000,random,0,10,5024,0,160880,1.5359,0.0,true
HiddenCover,16384,10000,random,0,11,5024,0,160880,1.0376,0.0,true
HiddenCover,16384,10000,random,0,12,5024,0,160880,0.9525,0.0,true
HiddenCover,16384,10000,random,0,13,5024,0,160880,0.9473,0.0,true
HiddenCover,16384,10000,random,0,14,5024,0,160880,0.9377,0.0,true
HiddenCover,16384,10000,random,0,15,5024,0,160880,0.9444,0.0,true
HiddenCover,16384,10000,random,0,16,5024,0,160880,1.1253000000000002,0.0,true
HiddenCover,16384,10000,random,0,17,5024,0,160880,0.9879000000000001,0.0,true
HiddenCover,16384,10000,random,0,18,5024,0,160880,0.9428000000000001,0.0,true
HiddenCover,16384,10000,random,0,19,5024,0,160880,0.9349000000000001,0.0,true
HiddenCover,16384,10000,random,0,20,5024,0,160880,0.9357,0.0,true
HiddenCover,16384,10000,random,0,21,5024,0,160880,0.9345,0.0,true
HiddenCover,16384,10000,random,0,22,5024,0,160880,0.9886,0.0,true
HiddenCover,16384,10000,random,0,23,5024,0,160880,1.1847999999999999,0.0,true
HiddenCover,16384,10000,random,0,24,5024,0,160880,0.975,0.0,true
HiddenCover,16384,10000,random,0,25,5024,0,160880,0.9507,0.0,true
HiddenCover,16384,10000,random,0,26,5024,0,160880,0.9581000000000001,0.0,true
HiddenCover,16384,10000,random,0,27,5024,0,160880,0.948,0.0,true
HiddenCover,16384,10000,random,0,28,5024,0,160880,0.9383,0.0,true
HiddenCover,16384,10000,random,0,29,5024,0,160880,0.9681,0.0,true
HiddenCover,16384,10000,random,1,0,5006,0,160304,1.0182,0.0,true
HiddenCover,16384,10000,random,1,1,5006,0,160304,0.9762,0.0,true
HiddenCover,16384,10000,random,1,2,5006,0,160304,0.9659,0.0,true
HiddenCover,16384,10000,random,1,3,5006,0,160304,0.9454,0.0,true
HiddenCover,16384,10000,random,1,4,5006,0,160304,0.9623,0.0,true
HiddenCover,16384,10000,random,1,5,5006,0,160304,0.9328,0.0,true
HiddenCover,16384,10000,random,1,6,5006,0,160304,1.0361,0.0,true
HiddenCover,16384,10000,random,1,7,5006,0,160304,0.9652999999999999,0.0,true
HiddenCover,16384,10000,random,1,8,5006,0,160304,0.9757,0.0,true
HiddenCover,16384,10000,random,1,9,5006,0,160304,0.9470999999999999,0.0,true
HiddenCover,16384,10000,random,1,10,5006,0,160304,0.9695,0.0,true
HiddenCover,16384,10000,random,1,11,5006,0,160304,0.9552999999999999,0.0,true
HiddenCover,16384,10000,random,1,12,5006,0,160304,0.9798999999999999,0.0,true
HiddenCover,16384,10000,random,1,13,5006,0,160304,0.9732999999999999,0.0,true
HiddenCover,16384,10000,random,1,14,5006,0,160304,1.0486,0.0,true
HiddenCover,16384,10000,random,1,15,5006,0,160304,1.6263,0.0,true
HiddenCover,16384,10000,random,1,16,5006,0,160304,1.5958,0.0,true
HiddenCover,16384,10000,random,1,17,5006,0,160304,1.6383999999999999,0.0,true
HiddenCover,16384,10000,random,1,18,5006,0,160304,1.6496,0.0,true
HiddenCover,16384,10000,random,1,19,5006,0,160304,1.0784,0.0,true
HiddenCover,16384,10000,random,1,20,5006,0,160304,1.0376,0.0,true
HiddenCover,16384,10000,random,1,21,5006,0,160304,0.9836,0.0,true
HiddenCover,16384,10000,random,1,22,5006,0,160304,0.9738,0.0,true
HiddenCover,16384,10000,random,1,23,5006,0,160304,0.9756,0.0,true
HiddenCover,16384,10000,random,1,24,5006,0,160304,0.9568,0.0,true
HiddenCover,16384,10000,random,1,25,5006,0,160304,0.9873,0.0,true
HiddenCover,16384,10000,random,1,26,5006,0,160304,0.9858,0.0,true
HiddenCover,16384,10000,random,1,27,5006,0,160304,0.9559,0.0,true
HiddenCover,16384,10000,random,1,28,5006,0,160304,0.9547,0.0,true
HiddenCover,16384,10000,random,1,29,5006,0,160304,1.4141,0.0,true
HiddenCover,16384,10000,random,2,0,5047,0,161616,0.9657,0.0,true
HiddenCover,16384,10000,random,2,1,5047,0,161616,0.9894000000000001,0.0,true
HiddenCover,16384,10000,random,2,2,5047,0,161616,0.9997999999999999,0.0,true
HiddenCover,16384,10000,random,2,3,5047,0,161616,0.9708,0.0,true
HiddenCover,16384,10000,random,2,4,5047,0,161616,0.9889,0.0,true
HiddenCover,16384,10000,random,2,5,5047,0,161616,0.9855,0.0,true
HiddenCover,16384,10000,random,2,6,5047,0,161616,1.0786,0.0,true
HiddenCover,16384,10000,random,2,7,5047,0,161616,1.211,0.0,true
HiddenCover,16384,10000,random,2,8,5047,0,161616,1.0089000000000001,0.0,true
HiddenCover,16384,10000,random,2,9,5047,0,161616,1.0667,0.0,true
HiddenCover,16384,10000,random,2,10,5047,0,161616,1.1156,0.0,true
HiddenCover,16384,10000,random,2,11,5047,0,161616,0.9460000000000001,0.0,true
HiddenCover,16384,10000,random,2,12,5047,0,161616,0.9472,0.0,true
HiddenCover,16384,10000,random,2,13,5047,0,161616,0.939,0.0,true
HiddenCover,16384,10000,random,2,14,5047,0,161616,0.9393,0.0,true
HiddenCover,16384,10000,random,2,15,5047,0,161616,0.9423,0.0,true
HiddenCover,16384,10000,random,2,16,5047,0,161616,0.9418,0.0,true
HiddenCover,16384,10000,random,2,17,5047,0,161616,0.9382,0.0,true
HiddenCover,16384,10000,random,2,18,5047,0,161616,0.9417,0.0,true
HiddenCover,16384,10000,random,2,19,5047,0,161616,0.9399000000000001,0.0,true
HiddenCover,16384,10000,random,2,20,5047,0,161616,0.9362,0.0,true
HiddenCover,16384,10000,random,2,21,5047,0,161616,0.9525,0.0,true
HiddenCover,16384,10000,random,2,22,5047,0,161616,0.9419,0.0,true
HiddenCover,16384,10000,random,2,23,5047,0,161616,1.0988,0.0,true
HiddenCover,16384,10000,random,2,24,5047,0,161616,1.7451,0.0,true
HiddenCover,16384,10000,random,2,25,5047,0,161616,1.2172999999999998,0.0,true
HiddenCover,16384,10000,random,2,26,5047,0,161616,0.9946,0.0,true
HiddenCover,16384,10000,random,2,27,5047,0,161616,0.95,0.0,true
HiddenCover,16384,10000,random,2,28,5047,0,161616,0.9523999999999999,0.0,true
HiddenCover,16384,10000,random,2,29,5047,0,161616,0.9522,0.0,true
HiddenCover,16384,10000,random,3,0,5010,0,160432,0.9491999999999999,0.0,true
HiddenCover,16384,10000,random,3,1,5010,0,160432,1.7564,0.0,true
HiddenCover,16384,10000,random,3,2,5010,0,160432,1.4441,0.0,true
HiddenCover,16384,10000,random,3,3,5010,0,160432,0.9491,0.0,true
HiddenCover,16384,10000,random,3,4,5010,0,160432,0.9473,0.0,true
HiddenCover,16384,10000,random,3,5,5010,0,160432,0.9502,0.0,true
HiddenCover,16384,10000,random,3,6,5010,0,160432,0.9407000000000001,0.0,true
HiddenCover,16384,10000,random,3,7,5010,0,160432,0.9403,0.0,true
HiddenCover,16384,10000,random,3,8,5010,0,160432,0.9395,0.0,true
HiddenCover,16384,10000,random,3,9,5010,0,160432,0.9512,0.0,true
HiddenCover,16384,10000,random,3,10,5010,0,160432,0.9523999999999999,0.0,true
HiddenCover,16384,10000,random,3,11,5010,0,160432,0.9504,0.0,true
HiddenCover,16384,10000,random,3,12,5010,0,160432,0.9477,0.0,true
HiddenCover,16384,10000,random,3,13,5010,0,160432,0.9467,0.0,true
HiddenCover,16384,10000,random,3,14,5010,0,160432,0.9433999999999999,0.0,true
HiddenCover,16384,10000,random,3,15,5010,0,160432,0.9511,0.0,true
HiddenCover,16384,10000,random,3,16,5010,0,160432,0.9579,0.0,true
HiddenCover,16384,10000,random,3,17,5010,0,160432,1.2708000000000002,0.0,true
HiddenCover,16384,10000,random,3,18,5010,0,160432,1.8429,0.0,true
HiddenCover,16384,10000,random,3,19,5010,0,160432,1.6378,0.0,true
HiddenCover,16384,10000,random,3,20,5010,0,160432,1.6509999999999998,0.0,true
HiddenCover,16384,10000,random,3,21,5010,0,160432,1.674,0.0,true
HiddenCover,16384,10000,random,3,22,5010,0,160432,1.6453,0.0,true
HiddenCover,16384,10000,random,3,23,5010,0,160432,1.6513,0.0,true
HiddenCover,16384,10000,random,3,24,5010,0,160432,1.656,0.0,true
HiddenCover,16384,10000,random,3,25,5010,0,160432,1.6528,0.0,true
HiddenCover,16384,10000,random,3,26,5010,0,160432,1.6583999999999999,0.0,true
HiddenCover,16384,10000,random,3,27,5010,0,160432,1.7619,0.0,true
HiddenCover,16384,10000,random,3,28,5010,0,160432,1.4707,0.0,true
HiddenCover,16384,10000,random,3,29,5010,0,160432,1.0293999999999999,0.0,true
HiddenCover,16384,10000,random,4,0,5015,0,160592,0.9378000000000001,0.0,true
HiddenCover,16384,10000,random,4,1,5015,0,160592,0.9329,0.0,true
HiddenCover,16384,10000,random,4,2,5015,0,160592,1.0245,0.0,true
HiddenCover,16384,10000,random,4,3,5015,0,160592,0.9319000000000001,0.0,true
HiddenCover,16384,10000,random,4,4,5015,0,160592,0.9437,0.0,true
HiddenCover,16384,10000,random,4,5,5015,0,160592,1.3905,0.0,true
HiddenCover,16384,10000,random,4,6,5015,0,160592,1.6892,0.0,true
HiddenCover,16384,10000,random,4,7,5015,0,160592,1.6704999999999999,0.0,true
HiddenCover,16384,10000,random,4,8,5015,0,160592,1.6498000000000002,0.0,true
HiddenCover,16384,10000,random,4,9,5015,0,160592,1.656,0.0,true
HiddenCover,16384,10000,random,4,10,5015,0,160592,1.649,0.0,true
HiddenCover,16384,10000,random,4,11,5015,0,160592,1.6528999999999998,0.0,true
HiddenCover,16384,10000,random,4,12,5015,0,160592,1.6475000000000002,0.0,true
HiddenCover,16384,10000,random,4,13,5015,0,160592,1.7177,0.0,true
HiddenCover,16384,10000,random,4,14,5015,0,160592,0.9512,0.0,true
HiddenCover,16384,10000,random,4,15,5015,0,160592,0.9448,0.0,true
HiddenCover,16384,10000,random,4,16,5015,0,160592,1.1696,0.0,true
HiddenCover,16384,10000,random,4,17,5015,0,160592,1.5164,0.0,true
HiddenCover,16384,10000,random,4,18,5015,0,160592,1.0652000000000001,0.0,true
HiddenCover,16384,10000,random,4,19,5015,0,160592,0.9437,0.0,true
HiddenCover,16384,10000,random,4,20,5015,0,160592,0.941,0.0,true
HiddenCover,16384,10000,random,4,21,5015,0,160592,0.9370999999999999,0.0,true
HiddenCover,16384,10000,random,4,22,5015,0,160592,0.975,0.0,true
HiddenCover,16384,10000,random,4,23,5015,0,160592,0.9409000000000001,0.0,true
HiddenCover,16384,10000,random,4,24,5015,0,160592,0.9428000000000001,0.0,true
HiddenCover,16384,10000,random,4,25,5015,0,160592,0.9369,0.0,true
HiddenCover,16384,10000,random,4,26,5015,0,160592,0.9387,0.0,true
HiddenCover,16384,10000,random,4,27,5015,0,160592,0.9863000000000001,0.0,true
HiddenCover,16384,10000,random,4,28,5015,0,160592,1.0625,0.0,true
HiddenCover,16384,10000,random,4,29,5015,0,160592,0.9652000000000001,0.0,true
HiddenCover,16384,10000,random,5,0,5038,0,161328,0.9493,0.0,true
HiddenCover,16384,10000,random,5,1,5038,0,161328,0.9533,0.0,true
HiddenCover,16384,10000,random,5,2,5038,0,161328,0.9445,0.0,true
HiddenCover,16384,10000,random,5,3,5038,0,161328,0.9387,0.0,true
HiddenCover,16384,10000,random,5,4,5038,0,161328,0.9389,0.0,true
HiddenCover,16384,10000,random,5,5,5038,0,161328,0.9866,0.0,true
HiddenCover,16384,10000,random,5,6,5038,0,161328,0.9997999999999999,0.0,true
HiddenCover,16384,10000,random,5,7,5038,0,161328,0.9541999999999999,0.0,true
HiddenCover,16384,10000,random,5,8,5038,0,161328,0.9517,0.0,true
HiddenCover,16384,10000,random,5,9,5038,0,161328,0.9545,0.0,true
HiddenCover,16384,10000,random,5,10,5038,0,161328,0.958,0.0,true
HiddenCover,16384,10000,random,5,11,5038,0,161328,1.3806,0.0,true
HiddenCover,16384,10000,random,5,12,5038,0,161328,1.0269000000000001,0.0,true
HiddenCover,16384,10000,random,5,13,5038,0,161328,0.9647,0.0,true
HiddenCover,16384,10000,random,5,14,5038,0,161328,0.9575,0.0,true
HiddenCover,16384,10000,random,5,15,5038,0,161328,0.9491999999999999,0.0,true
HiddenCover,16384,10000,random,5,16,5038,0,161328,0.9449000000000001,0.0,true
HiddenCover,16384,10000,random,5,17,5038,0,161328,0.9456,0.0,true
HiddenCover,16384,10000,random,5,18,5038,0,161328,0.9379,0.0,true
HiddenCover,16384,10000,random,5,19,5038,0,161328,0.9426,0.0,true
HiddenCover,16384,10000,random,5,20,5038,0,161328,0.9496,0.0,true
HiddenCover,16384,10000,random,5,21,5038,0,161328,1.1573,0.0,true
HiddenCover,16384,10000,random,5,22,5038,0,161328,0.973,0.0,true
HiddenCover,16384,10000,random,5,23,5038,0,161328,0.9436,0.0,true
HiddenCover,16384,10000,random,5,24,5038,0,161328,0.9477,0.0,true
HiddenCover,16384,10000,random,5,25,5038,0,161328,0.9557,0.0,true
HiddenCover,16384,10000,random,5,26,5038,0,161328,0.9444,0.0,true
HiddenCover,16384,10000,random,5,27,5038,0,161328,1.0393,0.0,true
HiddenCover,16384,10000,random,5,28,5038,0,161328,1.5437,0.0,true
HiddenCover,16384,10000,random,5,29,5038,0,161328,1.2181,0.0,true
HiddenCover,16384,10000,random,6,0,5117,0,163856,1.6831,0.0,true
HiddenCover,16384,10000,random,6,1,5117,0,163856,1.6808999999999998,0.0,true
HiddenCover,16384,10000,random,6,2,5117,0,163856,1.7075,0.0,true
HiddenCover,16384,10000,random,6,3,5117,0,163856,1.5581,0.0,true
HiddenCover,16384,10000,random,6,4,5117,0,163856,1.0215,0.0,true
HiddenCover,16384,10000,random,6,5,5117,0,163856,0.964,0.0,true
HiddenCover,16384,10000,random,6,6,5117,0,163856,0.9592,0.0,true
HiddenCover,16384,10000,random,6,7,5117,0,163856,0.9594,0.0,true
HiddenCover,16384,10000,random,6,8,5117,0,163856,0.9538,0.0,true
HiddenCover,16384,10000,random,6,9,5117,0,163856,0.9569,0.0,true
HiddenCover,16384,10000,random,6,10,5117,0,163856,0.9581000000000001,0.0,true
HiddenCover,16384,10000,random,6,11,5117,0,163856,1.0076,0.0,true
HiddenCover,16384,10000,random,6,12,5117,0,163856,1.0032,0.0,true
HiddenCover,16384,10000,random,6,13,5117,0,163856,0.9655,0.0,true
HiddenCover,16384,10000,random,6,14,5117,0,163856,0.9508,0.0,true
HiddenCover,16384,10000,random,6,15,5117,0,163856,0.9534,0.0,true
HiddenCover,16384,10000,random,6,16,5117,0,163856,0.9587,0.0,true
HiddenCover,16384,10000,random,6,17,5117,0,163856,0.9748,0.0,true
HiddenCover,16384,10000,random,6,18,5117,0,163856,0.9613,0.0,true
HiddenCover,16384,10000,random,6,19,5117,0,163856,1.6785,0.0,true
HiddenCover,16384,10000,random,6,20,5117,0,163856,1.2105,0.0,true
HiddenCover,16384,10000,random,6,21,5117,0,163856,1.0253,0.0,true
HiddenCover,16384,10000,random,6,22,5117,0,163856,0.9708,0.0,true
HiddenCover,16384,10000,random,6,23,5117,0,163856,0.9716,0.0,true
HiddenCover,16384,10000,random,6,24,5117,0,163856,0.9917999999999999,0.0,true
HiddenCover,16384,10000,random,6,25,5117,0,163856,0.9681,0.0,true
HiddenCover,16384,10000,random,6,26,5117,0,163856,1.0383,0.0,true
HiddenCover,16384,10000,random,6,27,5117,0,163856,0.9885,0.0,true
HiddenCover,16384,10000,random,6,28,5117,0,163856,0.9632,0.0,true
HiddenCover,16384,10000,random,6,29,5117,0,163856,0.9684999999999999,0.0,true
HiddenCover,16384,10000,random,7,0,5055,0,161872,0.9457,0.0,true
HiddenCover,16384,10000,random,7,1,5055,0,161872,0.9711000000000001,0.0,true
HiddenCover,16384,10000,random,7,2,5055,0,161872,0.9529,0.0,true
HiddenCover,16384,10000,random,7,3,5055,0,161872,1.642,0.0,true
HiddenCover,16384,10000,random,7,4,5055,0,161872,1.6665,0.0,true
HiddenCover,16384,10000,random,7,5,5055,0,161872,1.6651,0.0,true
HiddenCover,16384,10000,random,7,6,5055,0,161872,1.6621,0.0,true
HiddenCover,16384,10000,random,7,7,5055,0,161872,1.6684,0.0,true
HiddenCover,16384,10000,random,7,8,5055,0,161872,1.6735,0.0,true
HiddenCover,16384,10000,random,7,9,5055,0,161872,1.5904,0.0,true
HiddenCover,16384,10000,random,7,10,5055,0,161872,1.0784,0.0,true
HiddenCover,16384,10000,random,7,11,5055,0,161872,1.1856,0.0,true
HiddenCover,16384,10000,random,7,12,5055,0,161872,0.9797,0.0,true
HiddenCover,16384,10000,random,7,13,5055,0,161872,1.1896,0.0,true
HiddenCover,16384,10000,random,7,14,5055,0,161872,1.1149,0.0,true
HiddenCover,16384,10000,random,7,15,5055,0,161872,0.9411,0.0,true
HiddenCover,16384,10000,random,7,16,5055,0,161872,0.9449000000000001,0.0,true
HiddenCover,16384,10000,random,7,17,5055,0,161872,0.9377,0.0,true
HiddenCover,16384,10000,random,7,18,5055,0,161872,0.944,0.0,true
HiddenCover,16384,10000,random,7,19,5055,0,161872,0.9549,0.0,true
HiddenCover,16384,10000,random,7,20,5055,0,161872,0.9346,0.0,true
HiddenCover,16384,10000,random,7,21,5055,0,161872,0.9379,0.0,true
HiddenCover,16384,10000,random,7,22,5055,0,161872,0.9391,0.0,true
HiddenCover,16384,10000,random,7,23,5055,0,161872,0.9446,0.0,true
HiddenCover,16384,10000,random,7,24,5055,0,161872,0.9494,0.0,true
HiddenCover,16384,10000,random,7,25,5055,0,161872,1.4144999999999999,0.0,true
HiddenCover,16384,10000,random,7,26,5055,0,161872,1.6340000000000001,0.0,true
HiddenCover,16384,10000,random,7,27,5055,0,161872,1.0997999999999999,0.0,true
HiddenCover,16384,10000,random,7,28,5055,0,161872,1.0401,0.0,true
HiddenCover,16384,10000,random,7,29,5055,0,161872,1.4066,0.0,true
HiddenCover,16384,10000,random,8,0,5074,0,162480,0.948,0.0,true
HiddenCover,16384,10000,random,8,1,5074,0,162480,1.1634,0.0,true
HiddenCover,16384,10000,random,8,2,5074,0,162480,1.3117999999999999,0.0,true
HiddenCover,16384,10000,random,8,3,5074,0,162480,1.4505,0.0,true
HiddenCover,16384,10000,random,8,4,5074,0,162480,1.1575,0.0,true
HiddenCover,16384,10000,random,8,5,5074,0,162480,0.9533,0.0,true
HiddenCover,16384,10000,random,8,6,5074,0,162480,0.9433999999999999,0.0,true
HiddenCover,16384,10000,random,8,7,5074,0,162480,0.9562,0.0,true
HiddenCover,16384,10000,random,8,8,5074,0,162480,0.9546,0.0,true
HiddenCover,16384,10000,random,8,9,5074,0,162480,0.9610000000000001,0.0,true
HiddenCover,16384,10000,random,8,10,5074,0,162480,0.9546,0.0,true
HiddenCover,16384,10000,random,8,11,5074,0,162480,0.9506,0.0,true
HiddenCover,16384,10000,random,8,12,5074,0,162480,0.9502999999999999,0.0,true
HiddenCover,16384,10000,random,8,13,5074,0,162480,0.9520000000000001,0.0,true
HiddenCover,16384,10000,random,8,14,5074,0,162480,0.9511,0.0,true
HiddenCover,16384,10000,random,8,15,5074,0,162480,0.9802000000000001,0.0,true
HiddenCover,16384,10000,random,8,16,5074,0,162480,0.9551,0.0,true
HiddenCover,16384,10000,random,8,17,5074,0,162480,0.9557,0.0,true
HiddenCover,16384,10000,random,8,18,5074,0,162480,1.5822,0.0,true
HiddenCover,16384,10000,random,8,19,5074,0,162480,0.9618,0.0,true
HiddenCover,16384,10000,random,8,20,5074,0,162480,0.9650000000000001,0.0,true
HiddenCover,16384,10000,random,8,21,5074,0,162480,0.9430000000000001,0.0,true
HiddenCover,16384,10000,random,8,22,5074,0,162480,0.9535,0.0,true
HiddenCover,16384,10000,random,8,23,5074,0,162480,0.9419,0.0,true
HiddenCover,16384,10000,random,8,24,5074,0,162480,0.9579,0.0,true
HiddenCover,16384,10000,random,8,25,5074,0,162480,0.9489000000000001,0.0,true
HiddenCover,16384,10000,random,8,26,5074,0,162480,0.9477,0.0,true
HiddenCover,16384,10000,random,8,27,5074,0,162480,0.9502,0.0,true
HiddenCover,16384,10000,random,8,28,5074,0,162480,0.9449000000000001,0.0,true
HiddenCover,16384,10000,random,8,29,5074,0,162480,0.95,0.0,true
HiddenCover,16384,10000,random,9,0,5037,0,161296,0.9003,0.0,true
HiddenCover,16384,10000,random,9,1,5037,0,161296,0.892,0.0,true
HiddenCover,16384,10000,random,9,2,5037,0,161296,0.8964,0.0,true
HiddenCover,16384,10000,random,9,3,5037,0,161296,0.8943,0.0,true
HiddenCover,16384,10000,random,9,4,5037,0,161296,0.8944,0.0,true
HiddenCover,16384,10000,random,9,5,5037,0,161296,0.9377,0.0,true
HiddenCover,16384,10000,random,9,6,5037,0,161296,0.9065,0.0,true
HiddenCover,16384,10000,random,9,7,5037,0,161296,0.8926000000000001,0.0,true
HiddenCover,16384,10000,random,9,8,5037,0,161296,0.8897,0.0,true
HiddenCover,16384,10000,random,9,9,5037,0,161296,0.8986999999999999,0.0,true
HiddenCover,16384,10000,random,9,10,5037,0,161296,0.9148999999999999,0.0,true
HiddenCover,16384,10000,random,9,11,5037,0,161296,0.9073,0.0,true
HiddenCover,16384,10000,random,9,12,5037,0,161296,0.8996,0.0,true
HiddenCover,16384,10000,random,9,13,5037,0,161296,1.7297,0.0,true
HiddenCover,16384,10000,random,9,14,5037,0,161296,1.3095999999999999,0.0,true
HiddenCover,16384,10000,random,9,15,5037,0,161296,1.4635,0.0,true
HiddenCover,16384,10000,random,9,16,5037,0,161296,1.0502,0.0,true
HiddenCover,16384,10000,random,9,17,5037,0,161296,0.8913,0.0,true
HiddenCover,16384,10000,random,9,18,5037,0,161296,0.8951,0.0,true
HiddenCover,16384,10000,random,9,19,5037,0,161296,0.8996,0.0,true
HiddenCover,16384,10000,random,9,20,5037,0,161296,0.8959,0.0,true
HiddenCover,16384,10000,random,9,21,5037,0,161296,0.9188999999999999,0.0,true
HiddenCover,16384,10000,random,9,22,5037,0,161296,0.9182,0.0,true
HiddenCover,16384,10000,random,9,23,5037,0,161296,0.8885,0.0,true
HiddenCover,16384,10000,random,9,24,5037,0,161296,0.8966999999999999,0.0,true
HiddenCover,16384,10000,random,9,25,5037,0,161296,0.8972,0.0,true
HiddenCover,16384,10000,random,9,26,5037,0,161296,0.9131,0.0,true
HiddenCover,16384,10000,random,9,27,5037,0,161296,0.8896000000000001,0.0,true
HiddenCover,16384,10000,random,9,28,5037,0,161296,1.0035,0.0,true
HiddenCover,16384,10000,random,9,29,5037,0,161296,1.2845,0.0,true
HiddenCover,16384,10000,random,10,0,5046,0,161584,0.9211999999999999,0.0,true
HiddenCover,16384,10000,random,10,1,5046,0,161584,0.9454,0.0,true
HiddenCover,16384,10000,random,10,2,5046,0,161584,0.8954,0.0,true
HiddenCover,16384,10000,random,10,3,5046,0,161584,0.9086,0.0,true
HiddenCover,16384,10000,random,10,4,5046,0,161584,0.8862,0.0,true
HiddenCover,16384,10000,random,10,5,5046,0,161584,0.9014,0.0,true
HiddenCover,16384,10000,random,10,6,5046,0,161584,1.135,0.0,true
HiddenCover,16384,10000,random,10,7,5046,0,161584,1.089,0.0,true
HiddenCover,16384,10000,random,10,8,5046,0,161584,1.5508,0.0,true
HiddenCover,16384,10000,random,10,9,5046,0,161584,1.0357999999999998,0.0,true
HiddenCover,16384,10000,random,10,10,5046,0,161584,0.9543,0.0,true
HiddenCover,16384,10000,random,10,11,5046,0,161584,0.9236,0.0,true
HiddenCover,16384,10000,random,10,12,5046,0,161584,0.9034,0.0,true
HiddenCover,16384,10000,random,10,13,5046,0,161584,0.912,0.0,true
HiddenCover,16384,10000,random,10,14,5046,0,161584,0.8872,0.0,true
HiddenCover,16384,10000,random,10,15,5046,0,161584,0.8823000000000001,0.0,true
HiddenCover,16384,10000,random,10,16,5046,0,161584,0.8947,0.0,true
HiddenCover,16384,10000,random,10,17,5046,0,161584,0.9062,0.0,true
HiddenCover,16384,10000,random,10,18,5046,0,161584,0.9047000000000001,0.0,true
HiddenCover,16384,10000,random,10,19,5046,0,161584,0.9049,0.0,true
HiddenCover,16384,10000,random,10,20,5046,0,161584,0.9021,0.0,true
HiddenCover,16384,10000,random,10,21,5046,0,161584,0.8899999999999999,0.0,true
HiddenCover,16384,10000,random,10,22,5046,0,161584,1.088,0.0,true
HiddenCover,16384,10000,random,10,23,5046,0,161584,0.9391,0.0,true
HiddenCover,16384,10000,random,10,24,5046,0,161584,0.9026000000000001,0.0,true
HiddenCover,16384,10000,random,10,25,5046,0,161584,1.4605,0.0,true
HiddenCover,16384,10000,random,10,26,5046,0,161584,1.0275,0.0,true
HiddenCover,16384,10000,random,10,27,5046,0,161584,0.9370999999999999,0.0,true
HiddenCover,16384,10000,random,10,28,5046,0,161584,0.992,0.0,true
HiddenCover,16384,10000,random,10,29,5046,0,161584,0.9336,0.0,true
HiddenCover,16384,10000,random,11,0,5054,0,161840,1.0723,0.0,true
HiddenCover,16384,10000,random,11,1,5054,0,161840,0.9641,0.0,true
HiddenCover,16384,10000,random,11,2,5054,0,161840,0.9495,0.0,true
HiddenCover,16384,10000,random,11,3,5054,0,161840,0.9533,0.0,true
HiddenCover,16384,10000,random,11,4,5054,0,161840,1.3744,0.0,true
HiddenCover,16384,10000,random,11,5,5054,0,161840,1.003,0.0,true
HiddenCover,16384,10000,random,11,6,5054,0,161840,0.9537,0.0,true
HiddenCover,16384,10000,random,11,7,5054,0,161840,0.9597,0.0,true
HiddenCover,16384,10000,random,11,8,5054,0,161840,0.9232,0.0,true
HiddenCover,16384,10000,random,11,9,5054,0,161840,0.9277000000000001,0.0,true
HiddenCover,16384,10000,random,11,10,5054,0,161840,0.8975,0.0,true
HiddenCover,16384,10000,random,11,11,5054,0,161840,0.9018,0.0,true
HiddenCover,16384,10000,random,11,12,5054,0,161840,0.8983,0.0,true
HiddenCover,16384,10000,random,11,13,5054,0,161840,0.8991,0.0,true
HiddenCover,16384,10000,random,11,14,5054,0,161840,0.9068,0.0,true
HiddenCover,16384,10000,random,11,15,5054,0,161840,0.8952,0.0,true
HiddenCover,16384,10000,random,11,16,5054,0,161840,1.3612,0.0,true
HiddenCover,16384,10000,random,11,17,5054,0,161840,1.6266,0.0,true
HiddenCover,16384,10000,random,11,18,5054,0,161840,1.6222,0.0,true
HiddenCover,16384,10000,random,11,19,5054,0,161840,1.9895,0.0,true
HiddenCover,16384,10000,random,11,20,5054,0,161840,1.0473,0.0,true
HiddenCover,16384,10000,random,11,21,5054,0,161840,0.9642000000000001,0.0,true
HiddenCover,16384,10000,random,11,22,5054,0,161840,0.9472,0.0,true
HiddenCover,16384,10000,random,11,23,5054,0,161840,0.9518000000000001,0.0,true
HiddenCover,16384,10000,random,11,24,5054,0,161840,0.9548,0.0,true
HiddenCover,16384,10000,random,11,25,5054,0,161840,0.9515,0.0,true
HiddenCover,16384,10000,random,11,26,5054,0,161840,0.9483999999999999,0.0,true
HiddenCover,16384,10000,random,11,27,5054,0,161840,0.9423,0.0,true
HiddenCover,16384,10000,random,11,28,5054,0,161840,0.9428000000000001,0.0,true
HiddenCover,16384,10000,random,11,29,5054,0,161840,0.9444,0.0,true
HiddenCover,16384,10000,random,12,0,5050,0,161712,0.9604,0.0,true
HiddenCover,16384,10000,random,12,1,5050,0,161712,0.9545,0.0,true
HiddenCover,16384,10000,random,12,2,5050,0,161712,0.9541000000000001,0.0,true
HiddenCover,16384,10000,random,12,3,5050,0,161712,0.945,0.0,true
HiddenCover,16384,10000,random,12,4,5050,0,161712,0.9479,0.0,true
HiddenCover,16384,10000,random,12,5,5050,0,161712,0.9436,0.0,true
HiddenCover,16384,10000,random,12,6,5050,0,161712,0.9427,0.0,true
HiddenCover,16384,10000,random,12,7,5050,0,161712,0.9541999999999999,0.0,true
HiddenCover,16384,10000,random,12,8,5050,0,161712,1.0229,0.0,true
HiddenCover,16384,10000,random,12,9,5050,0,161712,0.9478000000000001,0.0,true
HiddenCover,16384,10000,random,12,10,5050,0,161712,0.9521,0.0,true
HiddenCover,16384,10000,random,12,11,5050,0,161712,0.9430999999999999,0.0,true
HiddenCover,16384,10000,random,12,12,5050,0,161712,0.9583,0.0,true
HiddenCover,16384,10000,random,12,13,5050,0,161712,0.9726999999999999,0.0,true
HiddenCover,16384,10000,random,12,14,5050,0,161712,1.1900000000000002,0.0,true
HiddenCover,16384,10000,random,12,15,5050,0,161712,1.6566,0.0,true
HiddenCover,16384,10000,random,12,16,5050,0,161712,1.6593,0.0,true
HiddenCover,16384,10000,random,12,17,5050,0,161712,1.6628,0.0,true
HiddenCover,16384,10000,random,12,18,5050,0,161712,1.6814,0.0,true
HiddenCover,16384,10000,random,12,19,5050,0,161712,1.6592,0.0,true
HiddenCover,16384,10000,random,12,20,5050,0,161712,1.6457,0.0,true
HiddenCover,16384,10000,random,12,21,5050,0,161712,1.6641,0.0,true
HiddenCover,16384,10000,random,12,22,5050,0,161712,1.6661,0.0,true
HiddenCover,16384,10000,random,12,23,5050,0,161712,1.6615,0.0,true
HiddenCover,16384,10000,random,12,24,5050,0,161712,1.0938,0.0,true
HiddenCover,16384,10000,random,12,25,5050,0,161712,1.6278,0.0,true
HiddenCover,16384,10000,random,12,26,5050,0,161712,1.0967,0.0,true
HiddenCover,16384,10000,random,12,27,5050,0,161712,0.9695,0.0,true
HiddenCover,16384,10000,random,12,28,5050,0,161712,0.958,0.0,true
HiddenCover,16384,10000,random,12,29,5050,0,161712,0.9418,0.0,true
HiddenCover,16384,10000,random,13,0,5033,0,161168,1.1589,0.0,true
HiddenCover,16384,10000,random,13,1,5033,0,161168,0.9775,0.0,true
HiddenCover,16384,10000,random,13,2,5033,0,161168,0.9555,0.0,true
HiddenCover,16384,10000,random,13,3,5033,0,161168,0.9428000000000001,0.0,true
HiddenCover,16384,10000,random,13,4,5033,0,161168,0.9362,0.0,true
HiddenCover,16384,10000,random,13,5,5033,0,161168,0.9319000000000001,0.0,true
HiddenCover,16384,10000,random,13,6,5033,0,161168,0.9349000000000001,0.0,true
HiddenCover,16384,10000,random,13,7,5033,0,161168,1.0233,0.0,true
HiddenCover,16384,10000,random,13,8,5033,0,161168,0.9458,0.0,true
HiddenCover,16384,10000,random,13,9,5033,0,161168,0.9338000000000001,0.0,true
HiddenCover,16384,10000,random,13,10,5033,0,161168,0.9319999999999999,0.0,true
HiddenCover,16384,10000,random,13,11,5033,0,161168,0.9372,0.0,true
HiddenCover,16384,10000,random,13,12,5033,0,161168,0.9417,0.0,true
HiddenCover,16384,10000,random,13,13,5033,0,161168,0.9568,0.0,true
HiddenCover,16384,10000,random,13,14,5033,0,161168,0.9449000000000001,0.0,true
HiddenCover,16384,10000,random,13,15,5033,0,161168,0.941,0.0,true
HiddenCover,16384,10000,random,13,16,5033,0,161168,1.0409,0.0,true
HiddenCover,16384,10000,random,13,17,5033,0,161168,1.307,0.0,true
HiddenCover,16384,10000,random,13,18,5033,0,161168,1.0797,0.0,true
HiddenCover,16384,10000,random,13,19,5033,0,161168,0.9711000000000001,0.0,true
HiddenCover,16384,10000,random,13,20,5033,0,161168,0.8956,0.0,true
HiddenCover,16384,10000,random,13,21,5033,0,161168,0.9288000000000001,0.0,true
HiddenCover,16384,10000,random,13,22,5033,0,161168,1.0784,0.0,true
HiddenCover,16384,10000,random,13,23,5033,0,161168,0.9940000000000001,0.0,true
HiddenCover,16384,10000,random,13,24,5033,0,161168,0.9508,0.0,true
HiddenCover,16384,10000,random,13,25,5033,0,161168,0.9473,0.0,true
HiddenCover,16384,10000,random,13,26,5033,0,161168,0.9485,0.0,true
HiddenCover,16384,10000,random,13,27,5033,0,161168,0.9414,0.0,true
HiddenCover,16384,10000,random,13,28,5033,0,161168,0.9487,0.0,true
HiddenCover,16384,10000,random,13,29,5033,0,161168,0.9342,0.0,true
HiddenCover,16384,10000,random,14,0,5024,0,160880,0.9546,0.0,true
HiddenCover,16384,10000,random,14,1,5024,0,160880,0.8973,0.0,true
HiddenCover,16384,10000,random,14,2,5024,0,160880,0.9359000000000001,0.0,true
HiddenCover,16384,10000,random,14,3,5024,0,160880,0.9466,0.0,true
HiddenCover,16384,10000,random,14,4,5024,0,160880,0.9429,0.0,true
HiddenCover,16384,10000,random,14,5,5024,0,160880,0.9408,0.0,true
HiddenCover,16384,10000,random,14,6,5024,0,160880,0.9364,0.0,true
HiddenCover,16384,10000,random,14,7,5024,0,160880,0.94,0.0,true
HiddenCover,16384,10000,random,14,8,5024,0,160880,0.9428000000000001,0.0,true
HiddenCover,16384,10000,random,14,9,5024,0,160880,0.9526,0.0,true
HiddenCover,16384,10000,random,14,10,5024,0,160880,0.9435,0.0,true
HiddenCover,16384,10000,random,14,11,5024,0,160880,1.0636,0.0,true
HiddenCover,16384,10000,random,14,12,5024,0,160880,1.3563,0.0,true
HiddenCover,16384,10000,random,14,13,5024,0,160880,1.0514999999999999,0.0,true
HiddenCover,16384,10000,random,14,14,5024,0,160880,0.9301999999999999,0.0,true
HiddenCover,16384,10000,random,14,15,5024,0,160880,1.0714,0.0,true
HiddenCover,16384,10000,random,14,16,5024,0,160880,0.9427,0.0,true
HiddenCover,16384,10000,random,14,17,5024,0,160880,0.9058999999999999,0.0,true
HiddenCover,16384,10000,random,14,18,5024,0,160880,0.9307,0.0,true
HiddenCover,16384,10000,random,14,19,5024,0,160880,0.9165,0.0,true
HiddenCover,16384,10000,random,14,20,5024,0,160880,0.9037999999999999,0.0,true
HiddenCover,16384,10000,random,14,21,5024,0,160880,0.9295,0.0,true
HiddenCover,16384,10000,random,14,22,5024,0,160880,0.9035,0.0,true
HiddenCover,16384,10000,random,14,23,5024,0,160880,0.9161,0.0,true
HiddenCover,16384,10000,random,14,24,5024,0,160880,0.9266,0.0,true
HiddenCover,16384,10000,random,14,25,5024,0,160880,0.906,0.0,true
HiddenCover,16384,10000,random,14,26,5024,0,160880,0.9035,0.0,true
HiddenCover,16384,10000,random,14,27,5024,0,160880,0.9146,0.0,true
HiddenCover,16384,10000,random,14,28,5024,0,160880,0.9037999999999999,0.0,true
HiddenCover,16384,10000,random,14,29,5024,0,160880,1.4768999999999999,0.0,true
HiddenCover,16384,10000,random,15,0,5070,0,162352,0.9599,0.0,true
HiddenCover,16384,10000,random,15,1,5070,0,162352,0.9433999999999999,0.0,true
HiddenCover,16384,10000,random,15,2,5070,0,162352,0.9541000000000001,0.0,true
HiddenCover,16384,10000,random,15,3,5070,0,162352,0.9472,0.0,true
HiddenCover,16384,10000,random,15,4,5070,0,162352,0.9523,0.0,true
HiddenCover,16384,10000,random,15,5,5070,0,162352,0.9566,0.0,true
HiddenCover,16384,10000,random,15,6,5070,0,162352,0.9479,0.0,true
HiddenCover,16384,10000,random,15,7,5070,0,162352,1.45,0.0,true
HiddenCover,16384,10000,random,15,8,5070,0,162352,1.3883,0.0,true
HiddenCover,16384,10000,random,15,9,5070,0,162352,0.9483999999999999,0.0,true
HiddenCover,16384,10000,random,15,10,5070,0,162352,0.9771000000000001,0.0,true
HiddenCover,16384,10000,random,15,11,5070,0,162352,0.9833999999999999,0.0,true
HiddenCover,16384,10000,random,15,12,5070,0,162352,1.0318,0.0,true
HiddenCover,16384,10000,random,15,13,5070,0,162352,0.9079999999999999,0.0,true
HiddenCover,16384,10000,random,15,14,5070,0,162352,0.9097000000000001,0.0,true
HiddenCover,16384,10000,random,15,15,5070,0,162352,0.9072,0.0,true
HiddenCover,16384,10000,random,15,16,5070,0,162352,0.9190999999999999,0.0,true
HiddenCover,16384,10000,random,15,17,5070,0,162352,0.9365,0.0,true
HiddenCover,16384,10000,random,15,18,5070,0,162352,0.9502999999999999,0.0,true
HiddenCover,16384,10000,random,15,19,5070,0,162352,0.9478000000000001,0.0,true
HiddenCover,16384,10000,random,15,20,5070,0,162352,0.9489000000000001,0.0,true
HiddenCover,16384,10000,random,15,21,5070,0,162352,0.9425,0.0,true
HiddenCover,16384,10000,random,15,22,5070,0,162352,0.9451,0.0,true
HiddenCover,16384,10000,random,15,23,5070,0,162352,1.2266,0.0,true
HiddenCover,16384,10000,random,15,24,5070,0,162352,1.6891,0.0,true
HiddenCover,16384,10000,random,15,25,5070,0,162352,1.081,0.0,true
HiddenCover,16384,10000,random,15,26,5070,0,162352,0.9452,0.0,true
HiddenCover,16384,10000,random,15,27,5070,0,162352,0.9441,0.0,true
HiddenCover,16384,10000,random,15,28,5070,0,162352,0.9581000000000001,0.0,true
HiddenCover,16384,10000,random,15,29,5070,0,162352,0.9437,0.0,true
HiddenCover,16384,10000,random,16,0,5054,0,161840,0.9722,0.0,true
HiddenCover,16384,10000,random,16,1,5054,0,161840,1.1785,0.0,true
HiddenCover,16384,10000,random,16,2,5054,0,161840,1.6138000000000001,0.0,true
HiddenCover,16384,10000,random,16,3,5054,0,161840,1.6257000000000001,0.0,true
HiddenCover,16384,10000,random,16,4,5054,0,161840,1.4995,0.0,true
HiddenCover,16384,10000,random,16,5,5054,0,161840,1.5736999999999999,0.0,true
HiddenCover,16384,10000,random,16,6,5054,0,161840,1.1588,0.0,true
HiddenCover,16384,10000,random,16,7,5054,0,161840,0.94,0.0,true
HiddenCover,16384,10000,random,16,8,5054,0,161840,0.9464,0.0,true
HiddenCover,16384,10000,random,16,9,5054,0,161840,0.9333,0.0,true
HiddenCover,16384,10000,random,16,10,5054,0,161840,0.9481999999999999,0.0,true
HiddenCover,16384,10000,random,16,11,5054,0,161840,0.9554,0.0,true
HiddenCover,16384,10000,random,16,12,5054,0,161840,0.9391999999999999,0.0,true
HiddenCover,16384,10000,random,16,13,5054,0,161840,1.0536,0.0,true
HiddenCover,16384,10000,random,16,14,5054,0,161840,0.9108,0.0,true
HiddenCover,16384,10000,random,16,15,5054,0,161840,0.9299,0.0,true
HiddenCover,16384,10000,random,16,16,5054,0,161840,1.4385999999999999,0.0,true
HiddenCover,16384,10000,random,16,17,5054,0,161840,1.4046,0.0,true
HiddenCover,16384,10000,random,16,18,5054,0,161840,0.9696,0.0,true
HiddenCover,16384,10000,random,16,19,5054,0,161840,0.8899999999999999,0.0,true
HiddenCover,16384,10000,random,16,20,5054,0,161840,0.9025,0.0,true
HiddenCover,16384,10000,random,16,21,5054,0,161840,0.8966999999999999,0.0,true
HiddenCover,16384,10000,random,16,22,5054,0,161840,0.9214,0.0,true
HiddenCover,16384,10000,random,16,23,5054,0,161840,0.9017,0.0,true
HiddenCover,16384,10000,random,16,24,5054,0,161840,0.928,0.0,true
HiddenCover,16384,10000,random,16,25,5054,0,161840,0.9113,0.0,true
HiddenCover,16384,10000,random,16,26,5054,0,161840,0.9018,0.0,true
HiddenCover,16384,10000,random,16,27,5054,0,161840,0.8919,0.0,true
HiddenCover,16384,10000,random,16,28,5054,0,161840,0.8932,0.0,true
HiddenCover,16384,10000,random,16,29,5054,0,161840,0.8975,0.0,true
HiddenCover,16384,10000,random,17,0,4984,0,159600,0.8986999999999999,0.0,true
HiddenCover,16384,10000,random,17,1,4984,0,159600,0.9138,0.0,true
HiddenCover,16384,10000,random,17,2,4984,0,159600,0.9354,0.0,true
HiddenCover,16384,10000,random,17,3,4984,0,159600,0.9034,0.0,true
HiddenCover,16384,10000,random,17,4,4984,0,159600,0.8996,0.0,true
HiddenCover,16384,10000,random,17,5,4984,0,159600,0.9297,0.0,true
HiddenCover,16384,10000,random,17,6,4984,0,159600,0.9446,0.0,true
HiddenCover,16384,10000,random,17,7,4984,0,159600,1.0717,0.0,true
HiddenCover,16384,10000,random,17,8,4984,0,159600,0.9452,0.0,true
HiddenCover,16384,10000,random,17,9,4984,0,159600,0.9341,0.0,true
HiddenCover,16384,10000,random,17,10,4984,0,159600,0.9425,0.0,true
HiddenCover,16384,10000,random,17,11,4984,0,159600,1.3074000000000001,0.0,true
HiddenCover,16384,10000,random,17,12,4984,0,159600,1.6469,0.0,true
HiddenCover,16384,10000,random,17,13,4984,0,159600,0.9509,0.0,true
HiddenCover,16384,10000,random,17,14,4984,0,159600,0.9418,0.0,true
HiddenCover,16384,10000,random,17,15,4984,0,159600,0.9488,0.0,true
HiddenCover,16384,10000,random,17,16,4984,0,159600,0.9446,0.0,true
HiddenCover,16384,10000,random,17,17,4984,0,159600,0.9285,0.0,true
HiddenCover,16384,10000,random,17,18,4984,0,159600,0.9346,0.0,true
HiddenCover,16384,10000,random,17,19,4984,0,159600,0.9313,0.0,true
HiddenCover,16384,10000,random,17,20,4984,0,159600,0.9336,0.0,true
HiddenCover,16384,10000,random,17,21,4984,0,159600,0.9602999999999999,0.0,true
HiddenCover,16384,10000,random,17,22,4984,0,159600,0.9493,0.0,true
HiddenCover,16384,10000,random,17,23,4984,0,159600,1.1624,0.0,true
HiddenCover,16384,10000,random,17,24,4984,0,159600,1.511,0.0,true
HiddenCover,16384,10000,random,17,25,4984,0,159600,0.9578,0.0,true
HiddenCover,16384,10000,random,17,26,4984,0,159600,0.9359000000000001,0.0,true
HiddenCover,16384,10000,random,17,27,4984,0,159600,1.4365,0.0,true
HiddenCover,16384,10000,random,17,28,4984,0,159600,1.0002,0.0,true
HiddenCover,16384,10000,random,17,29,4984,0,159600,0.9469,0.0,true
HiddenCover,16384,10000,random,18,0,5040,0,161392,1.0252,0.0,true
HiddenCover,16384,10000,random,18,1,5040,0,161392,0.9594,0.0,true
HiddenCover,16384,10000,random,18,2,5040,0,161392,0.9514,0.0,true
HiddenCover,16384,10000,random,18,3,5040,0,161392,0.957,0.0,true
HiddenCover,16384,10000,random,18,4,5040,0,161392,0.9375,0.0,true
HiddenCover,16384,10000,random,18,5,5040,0,161392,1.1447,0.0,true
HiddenCover,16384,10000,random,18,6,5040,0,161392,1.9349,0.0,true
HiddenCover,16384,10000,random,18,7,5040,0,161392,1.5986,0.0,true
HiddenCover,16384,10000,random,18,8,5040,0,161392,1.5457999999999998,0.0,true
HiddenCover,16384,10000,random,18,9,5040,0,161392,1.5280999999999998,0.0,true
HiddenCover,16384,10000,random,18,10,5040,0,161392,1.6036,0.0,true
HiddenCover,16384,10000,random,18,11,5040,0,161392,0.9433999999999999,0.0,true
HiddenCover,16384,10000,random,18,12,5040,0,161392,0.9288000000000001,0.0,true
HiddenCover,16384,10000,random,18,13,5040,0,161392,0.9803,0.0,true
HiddenCover,16384,10000,random,18,14,5040,0,161392,0.9881,0.0,true
HiddenCover,16384,10000,random,18,15,5040,0,161392,0.9433999999999999,0.0,true
HiddenCover,16384,10000,random,18,16,5040,0,161392,0.941,0.0,true
HiddenCover,16384,10000,random,18,17,5040,0,161392,0.9401,0.0,true
HiddenCover,16384,10000,random,18,18,5040,0,161392,0.9575,0.0,true
HiddenCover,16384,10000,random,18,19,5040,0,161392,1.1883,0.0,true
HiddenCover,16384,10000,random,18,20,5040,0,161392,2.0211,0.0,true
HiddenCover,16384,10000,random,18,21,5040,0,161392,0.9828,0.0,true
HiddenCover,16384,10000,random,18,22,5040,0,161392,1.066,0.0,true
HiddenCover,16384,10000,random,18,23,5040,0,161392,0.9808,0.0,true
HiddenCover,16384,10000,random,18,24,5040,0,161392,0.9438,0.0,true
HiddenCover,16384,10000,random,18,25,5040,0,161392,0.9094,0.0,true
HiddenCover,16384,10000,random,18,26,5040,0,161392,0.9176,0.0,true
HiddenCover,16384,10000,random,18,27,5040,0,161392,0.9717,0.0,true
HiddenCover,16384,10000,random,18,28,5040,0,161392,1.0748000000000002,0.0,true
HiddenCover,16384,10000,random,18,29,5040,0,161392,0.9744,0.0,true
HiddenCover,16384,10000,random,19,0,5067,0,162256,0.9422,0.0,true
HiddenCover,16384,10000,random,19,1,5067,0,162256,0.9409000000000001,0.0,true
HiddenCover,16384,10000,random,19,2,5067,0,162256,0.9441,0.0,true
HiddenCover,16384,10000,random,19,3,5067,0,162256,0.966,0.0,true
HiddenCover,16384,10000,random,19,4,5067,0,162256,1.509,0.0,true
HiddenCover,16384,10000,random,19,5,5067,0,162256,1.6016,0.0,true
HiddenCover,16384,10000,random,19,6,5067,0,162256,1.552,0.0,true
HiddenCover,16384,10000,random,19,7,5067,0,162256,1.5513000000000001,0.0,true
HiddenCover,16384,10000,random,19,8,5067,0,162256,1.5666,0.0,true
HiddenCover,16384,10000,random,19,9,5067,0,162256,1.5467,0.0,true
HiddenCover,16384,10000,random,19,10,5067,0,162256,1.4488,0.0,true
HiddenCover,16384,10000,random,19,11,5067,0,162256,1.0249,0.0,true
HiddenCover,16384,10000,random,19,12,5067,0,162256,0.9650000000000001,0.0,true
HiddenCover,16384,10000,random,19,13,5067,0,162256,0.9504,0.0,true
HiddenCover,16384,10000,random,19,14,5067,0,162256,0.9531000000000001,0.0,true
HiddenCover,16384,10000,random,19,15,5067,0,162256,1.0308,0.0,true
HiddenCover,16384,10000,random,19,16,5067,0,162256,0.9905999999999999,0.0,true
HiddenCover,16384,10000,random,19,17,5067,0,162256,0.9554,0.0,true
HiddenCover,16384,10000,random,19,18,5067,0,162256,0.9481999999999999,0.0,true
HiddenCover,16384,10000,random,19,19,5067,0,162256,0.9473,0.0,true
HiddenCover,16384,10000,random,19,20,5067,0,162256,0.9522,0.0,true
HiddenCover,16384,10000,random,19,21,5067,0,162256,0.9613,0.0,true
HiddenCover,16384,10000,random,19,22,5067,0,162256,0.9465,0.0,true
HiddenCover,16384,10000,random,19,23,5067,0,162256,0.9397,0.0,true
HiddenCover,16384,10000,random,19,24,5067,0,162256,0.9438,0.0,true
HiddenCover,16384,10000,random,19,25,5067,0,162256,1.0936,0.0,true
HiddenCover,16384,10000,random,19,26,5067,0,162256,1.0112999999999999,0.0,true
HiddenCover,16384,10000,random,19,27,5067,0,162256,1.0032999999999999,0.0,true
HiddenCover,16384,10000,random,19,28,5067,0,162256,0.9538,0.0,true
HiddenCover,16384,10000,random,19,29,5067,0,162256,0.9425,0.0,true
HiddenCover,16384,10000,dispersed,0,0,6384,0,204400,1.1827999999999999,0.0,true
HiddenCover,16384,10000,dispersed,0,1,6384,0,204400,1.1850999999999998,0.0,true
HiddenCover,16384,10000,dispersed,0,2,6384,0,204400,1.9960999999999998,0.0,true
HiddenCover,16384,10000,dispersed,0,3,6384,0,204400,1.5586,0.0,true
HiddenCover,16384,10000,dispersed,0,4,6384,0,204400,1.2143,0.0,true
HiddenCover,16384,10000,dispersed,0,5,6384,0,204400,1.2859,0.0,true
HiddenCover,16384,10000,dispersed,0,6,6384,0,204400,1.2083000000000002,0.0,true
HiddenCover,16384,10000,dispersed,0,7,6384,0,204400,1.1948,0.0,true
HiddenCover,16384,10000,dispersed,0,8,6384,0,204400,1.1819,0.0,true
HiddenCover,16384,10000,dispersed,0,9,6384,0,204400,1.1897,0.0,true
HiddenCover,16384,10000,dispersed,0,10,6384,0,204400,1.1879,0.0,true
HiddenCover,16384,10000,dispersed,0,11,6384,0,204400,1.2103000000000002,0.0,true
HiddenCover,16384,10000,dispersed,0,12,6384,0,204400,1.2030999999999998,0.0,true
HiddenCover,16384,10000,dispersed,0,13,6384,0,204400,1.1794,0.0,true
HiddenCover,16384,10000,dispersed,0,14,6384,0,204400,1.2486000000000002,0.0,true
HiddenCover,16384,10000,dispersed,0,15,6384,0,204400,2.1091,0.0,true
HiddenCover,16384,10000,dispersed,0,16,6384,0,204400,1.9638,0.0,true
HiddenCover,16384,10000,dispersed,0,17,6384,0,204400,1.9442000000000002,0.0,true
HiddenCover,16384,10000,dispersed,0,18,6384,0,204400,1.9172,0.0,true
HiddenCover,16384,10000,dispersed,0,19,6384,0,204400,1.9497,0.0,true
HiddenCover,16384,10000,dispersed,0,20,6384,0,204400,1.9525000000000001,0.0,true
HiddenCover,16384,10000,dispersed,0,21,6384,0,204400,1.9572999999999998,0.0,true
HiddenCover,16384,10000,dispersed,0,22,6384,0,204400,1.9525000000000001,0.0,true
HiddenCover,16384,10000,dispersed,0,23,6384,0,204400,1.9069,0.0,true
HiddenCover,16384,10000,dispersed,0,24,6384,0,204400,1.3563,0.0,true
HiddenCover,16384,10000,dispersed,0,25,6384,0,204400,1.1901,0.0,true
HiddenCover,16384,10000,dispersed,0,26,6384,0,204400,1.3261,0.0,true
HiddenCover,16384,10000,dispersed,0,27,6384,0,204400,1.2158,0.0,true
HiddenCover,16384,10000,dispersed,0,28,6384,0,204400,1.2568,0.0,true
HiddenCover,16384,10000,dispersed,0,29,6384,0,204400,1.202,0.0,true
HiddenCover,16384,10000,dispersed,1,0,6384,0,204400,1.1714,0.0,true
HiddenCover,16384,10000,dispersed,1,1,6384,0,204400,1.8871,0.0,true
HiddenCover,16384,10000,dispersed,1,2,6384,0,204400,1.5966,0.0,true
HiddenCover,16384,10000,dispersed,1,3,6384,0,204400,1.1274,0.0,true
HiddenCover,16384,10000,dispersed,1,4,6384,0,204400,1.1315,0.0,true
HiddenCover,16384,10000,dispersed,1,5,6384,0,204400,1.1341999999999999,0.0,true
HiddenCover,16384,10000,dispersed,1,6,6384,0,204400,1.1463999999999999,0.0,true
HiddenCover,16384,10000,dispersed,1,7,6384,0,204400,1.1225,0.0,true
HiddenCover,16384,10000,dispersed,1,8,6384,0,204400,1.1277,0.0,true
HiddenCover,16384,10000,dispersed,1,9,6384,0,204400,1.1299000000000001,0.0,true
HiddenCover,16384,10000,dispersed,1,10,6384,0,204400,1.1461999999999999,0.0,true
HiddenCover,16384,10000,dispersed,1,11,6384,0,204400,1.6568,0.0,true
HiddenCover,16384,10000,dispersed,1,12,6384,0,204400,1.2511,0.0,true
HiddenCover,16384,10000,dispersed,1,13,6384,0,204400,1.3011,0.0,true
HiddenCover,16384,10000,dispersed,1,14,6384,0,204400,1.161,0.0,true
HiddenCover,16384,10000,dispersed,1,15,6384,0,204400,1.1300999999999999,0.0,true
HiddenCover,16384,10000,dispersed,1,16,6384,0,204400,1.1707,0.0,true
HiddenCover,16384,10000,dispersed,1,17,6384,0,204400,1.1312,0.0,true
HiddenCover,16384,10000,dispersed,1,18,6384,0,204400,1.1291,0.0,true
HiddenCover,16384,10000,dispersed,1,19,6384,0,204400,1.1735,0.0,true
HiddenCover,16384,10000,dispersed,1,20,6384,0,204400,1.1394,0.0,true
HiddenCover,16384,10000,dispersed,1,21,6384,0,204400,1.1316,0.0,true
HiddenCover,16384,10000,dispersed,1,22,6384,0,204400,1.1360999999999999,0.0,true
HiddenCover,16384,10000,dispersed,1,23,6384,0,204400,1.1382,0.0,true
HiddenCover,16384,10000,dispersed,1,24,6384,0,204400,1.1502000000000001,0.0,true
HiddenCover,16384,10000,dispersed,1,25,6384,0,204400,1.6125,0.0,true
HiddenCover,16384,10000,dispersed,1,26,6384,0,204400,1.335,0.0,true
HiddenCover,16384,10000,dispersed,1,27,6384,0,204400,1.1941,0.0,true
HiddenCover,16384,10000,dispersed,1,28,6384,0,204400,1.1873,0.0,true
HiddenCover,16384,10000,dispersed,1,29,6384,0,204400,1.1861000000000002,0.0,true
HiddenCover,16384,10000,dispersed,2,0,6384,0,204400,1.5806,0.0,true
HiddenCover,16384,10000,dispersed,2,1,6384,0,204400,1.2653,0.0,true
HiddenCover,16384,10000,dispersed,2,2,6384,0,204400,1.3109,0.0,true
HiddenCover,16384,10000,dispersed,2,3,6384,0,204400,1.3426,0.0,true
HiddenCover,16384,10000,dispersed,2,4,6384,0,204400,1.2118,0.0,true
HiddenCover,16384,10000,dispersed,2,5,6384,0,204400,1.1853,0.0,true
HiddenCover,16384,10000,dispersed,2,6,6384,0,204400,1.1827999999999999,0.0,true
HiddenCover,16384,10000,dispersed,2,7,6384,0,204400,1.1984000000000001,0.0,true
HiddenCover,16384,10000,dispersed,2,8,6384,0,204400,1.2143,0.0,true
HiddenCover,16384,10000,dispersed,2,9,6384,0,204400,1.1913,0.0,true
HiddenCover,16384,10000,dispersed,2,10,6384,0,204400,1.1864,0.0,true
HiddenCover,16384,10000,dispersed,2,11,6384,0,204400,1.1869999999999998,0.0,true
HiddenCover,16384,10000,dispersed,2,12,6384,0,204400,1.1953,0.0,true
HiddenCover,16384,10000,dispersed,2,13,6384,0,204400,1.456,0.0,true
HiddenCover,16384,10000,dispersed,2,14,6384,0,204400,1.5915000000000001,0.0,true
HiddenCover,16384,10000,dispersed,2,15,6384,0,204400,1.2376,0.0,true
HiddenCover,16384,10000,dispersed,2,16,6384,0,204400,1.1892,0.0,true
HiddenCover,16384,10000,dispersed,2,17,6384,0,204400,1.1863,0.0,true
HiddenCover,16384,10000,dispersed,2,18,6384,0,204400,1.1829,0.0,true
HiddenCover,16384,10000,dispersed,2,19,6384,0,204400,1.1755,0.0,true
HiddenCover,16384,10000,dispersed,2,20,6384,0,204400,1.1766,0.0,true
HiddenCover,16384,10000,dispersed,2,21,6384,0,204400,1.1852,0.0,true
HiddenCover,16384,10000,dispersed,2,22,6384,0,204400,1.1816000000000002,0.0,true
HiddenCover,16384,10000,dispersed,2,23,6384,0,204400,1.1938,0.0,true
HiddenCover,16384,10000,dispersed,2,24,6384,0,204400,1.1852,0.0,true
HiddenCover,16384,10000,dispersed,2,25,6384,0,204400,1.1956,0.0,true
HiddenCover,16384,10000,dispersed,2,26,6384,0,204400,1.2753,0.0,true
HiddenCover,16384,10000,dispersed,2,27,6384,0,204400,1.9558000000000002,0.0,true
HiddenCover,16384,10000,dispersed,2,28,6384,0,204400,1.3957,0.0,true
HiddenCover,16384,10000,dispersed,2,29,6384,0,204400,1.2104,0.0,true
HiddenCover,16384,10000,dispersed,3,0,6384,0,204400,1.3678,0.0,true
HiddenCover,16384,10000,dispersed,3,1,6384,0,204400,1.3428,0.0,true
HiddenCover,16384,10000,dispersed,3,2,6384,0,204400,2.1461,0.0,true
HiddenCover,16384,10000,dispersed,3,3,6384,0,204400,1.2583,0.0,true
HiddenCover,16384,10000,dispersed,3,4,6384,0,204400,1.2285,0.0,true
HiddenCover,16384,10000,dispersed,3,5,6384,0,204400,1.188,0.0,true
HiddenCover,16384,10000,dispersed,3,6,6384,0,204400,1.1884000000000001,0.0,true
HiddenCover,16384,10000,dispersed,3,7,6384,0,204400,1.2149,0.0,true
HiddenCover,16384,10000,dispersed,3,8,6384,0,204400,1.1846,0.0,true
HiddenCover,16384,10000,dispersed,3,9,6384,0,204400,1.1991,0.0,true
HiddenCover,16384,10000,dispersed,3,10,6384,0,204400,1.1993,0.0,true
HiddenCover,16384,10000,dispersed,3,11,6384,0,204400,1.2828,0.0,true
HiddenCover,16384,10000,dispersed,3,12,6384,0,204400,1.2104,0.0,true
HiddenCover,16384,10000,dispersed,3,13,6384,0,204400,1.1785,0.0,true
HiddenCover,16384,10000,dispersed,3,14,6384,0,204400,1.5176,0.0,true
HiddenCover,16384,10000,dispersed,3,15,6384,0,204400,1.3739,0.0,true
HiddenCover,16384,10000,dispersed,3,16,6384,0,204400,1.2635,0.0,true
HiddenCover,16384,10000,dispersed,3,17,6384,0,204400,1.2233999999999998,0.0,true
HiddenCover,16384,10000,dispersed,3,18,6384,0,204400,1.1765,0.0,true
HiddenCover,16384,10000,dispersed,3,19,6384,0,204400,1.1858000000000002,0.0,true
HiddenCover,16384,10000,dispersed,3,20,6384,0,204400,1.1856,0.0,true
HiddenCover,16384,10000,dispersed,3,21,6384,0,204400,1.1966999999999999,0.0,true
HiddenCover,16384,10000,dispersed,3,22,6384,0,204400,1.2013,0.0,true
HiddenCover,16384,10000,dispersed,3,23,6384,0,204400,1.2033,0.0,true
HiddenCover,16384,10000,dispersed,3,24,6384,0,204400,1.3348,0.0,true
HiddenCover,16384,10000,dispersed,3,25,6384,0,204400,1.2042000000000002,0.0,true
HiddenCover,16384,10000,dispersed,3,26,6384,0,204400,1.1871,0.0,true
HiddenCover,16384,10000,dispersed,3,27,6384,0,204400,1.1857,0.0,true
HiddenCover,16384,10000,dispersed,3,28,6384,0,204400,2.8773,0.0,true
HiddenCover,16384,10000,dispersed,3,29,6384,0,204400,1.2274,0.0,true
HiddenCover,16384,10000,dispersed,4,0,6384,0,204400,1.1389,0.0,true
HiddenCover,16384,10000,dispersed,4,1,6384,0,204400,1.1308,0.0,true
HiddenCover,16384,10000,dispersed,4,2,6384,0,204400,2.0443000000000002,0.0,true
HiddenCover,16384,10000,dispersed,4,3,6384,0,204400,1.7115,0.0,true
HiddenCover,16384,10000,dispersed,4,4,6384,0,204400,1.2231,0.0,true
HiddenCover,16384,10000,dispersed,4,5,6384,0,204400,1.1961000000000002,0.0,true
HiddenCover,16384,10000,dispersed,4,6,6384,0,204400,1.1539,0.0,true
HiddenCover,16384,10000,dispersed,4,7,6384,0,204400,1.1261999999999999,0.0,true
HiddenCover,16384,10000,dispersed,4,8,6384,0,204400,1.1448999999999998,0.0,true
HiddenCover,16384,10000,dispersed,4,9,6384,0,204400,1.4442000000000002,0.0,true
HiddenCover,16384,10000,dispersed,4,10,6384,0,204400,1.2872000000000001,0.0,true
HiddenCover,16384,10000,dispersed,4,11,6384,0,204400,1.2019000000000002,0.0,true
HiddenCover,16384,10000,dispersed,4,12,6384,0,204400,1.1982,0.0,true
HiddenCover,16384,10000,dispersed,4,13,6384,0,204400,1.1994,0.0,true
HiddenCover,16384,10000,dispersed,4,14,6384,0,204400,1.3165,0.0,true
HiddenCover,16384,10000,dispersed,4,15,6384,0,204400,2.7337,0.0,true
HiddenCover,16384,10000,dispersed,4,16,6384,0,204400,1.1933,0.0,true
HiddenCover,16384,10000,dispersed,4,17,6384,0,204400,1.2023,0.0,true
HiddenCover,16384,10000,dispersed,4,18,6384,0,204400,1.1892999999999998,0.0,true
HiddenCover,16384,10000,dispersed,4,19,6384,0,204400,1.2133999999999998,0.0,true
HiddenCover,16384,10000,dispersed,4,20,6384,0,204400,1.1962,0.0,true
HiddenCover,16384,10000,dispersed,4,21,6384,0,204400,1.3076999999999999,0.0,true
HiddenCover,16384,10000,dispersed,4,22,6384,0,204400,1.2118,0.0,true
HiddenCover,16384,10000,dispersed,4,23,6384,0,204400,1.184,0.0,true
HiddenCover,16384,10000,dispersed,4,24,6384,0,204400,1.2336999999999998,0.0,true
HiddenCover,16384,10000,dispersed,4,25,6384,0,204400,1.1903000000000001,0.0,true
HiddenCover,16384,10000,dispersed,4,26,6384,0,204400,1.1992,0.0,true
HiddenCover,16384,10000,dispersed,4,27,6384,0,204400,2.6781,0.0,true
HiddenCover,16384,10000,dispersed,4,28,6384,0,204400,1.3187,0.0,true
HiddenCover,16384,10000,dispersed,4,29,6384,0,204400,1.1997,0.0,true
HiddenCover,16384,10000,dispersed,5,0,6384,0,204400,1.1918,0.0,true
HiddenCover,16384,10000,dispersed,5,1,6384,0,204400,2.4011,0.0,true
HiddenCover,16384,10000,dispersed,5,2,6384,0,204400,1.3572,0.0,true
HiddenCover,16384,10000,dispersed,5,3,6384,0,204400,1.2416,0.0,true
HiddenCover,16384,10000,dispersed,5,4,6384,0,204400,1.1427,0.0,true
HiddenCover,16384,10000,dispersed,5,5,6384,0,204400,1.1783,0.0,true
HiddenCover,16384,10000,dispersed,5,6,6384,0,204400,1.4116,0.0,true
HiddenCover,16384,10000,dispersed,5,7,6384,0,204400,1.4524,0.0,true
HiddenCover,16384,10000,dispersed,5,8,6384,0,204400,1.1969999999999998,0.0,true
HiddenCover,16384,10000,dispersed,5,9,6384,0,204400,1.2044,0.0,true
HiddenCover,16384,10000,dispersed,5,10,6384,0,204400,1.181,0.0,true
HiddenCover,16384,10000,dispersed,5,11,6384,0,204400,1.1897,0.0,true
HiddenCover,16384,10000,dispersed,5,12,6384,0,204400,1.1759,0.0,true
HiddenCover,16384,10000,dispersed,5,13,6384,0,204400,1.4253,0.0,true
HiddenCover,16384,10000,dispersed,5,14,6384,0,204400,1.4161,0.0,true
HiddenCover,16384,10000,dispersed,5,15,6384,0,204400,1.2626,0.0,true
HiddenCover,16384,10000,dispersed,5,16,6384,0,204400,1.1761,0.0,true
HiddenCover,16384,10000,dispersed,5,17,6384,0,204400,1.1817,0.0,true
HiddenCover,16384,10000,dispersed,5,18,6384,0,204400,1.2882,0.0,true
HiddenCover,16384,10000,dispersed,5,19,6384,0,204400,1.219,0.0,true
HiddenCover,16384,10000,dispersed,5,20,6384,0,204400,1.1824999999999999,0.0,true
HiddenCover,16384,10000,dispersed,5,21,6384,0,204400,1.1718,0.0,true
HiddenCover,16384,10000,dispersed,5,22,6384,0,204400,1.1841,0.0,true
HiddenCover,16384,10000,dispersed,5,23,6384,0,204400,1.1927999999999999,0.0,true
HiddenCover,16384,10000,dispersed,5,24,6384,0,204400,1.1846999999999999,0.0,true
HiddenCover,16384,10000,dispersed,5,25,6384,0,204400,1.1846999999999999,0.0,true
HiddenCover,16384,10000,dispersed,5,26,6384,0,204400,1.1955,0.0,true
HiddenCover,16384,10000,dispersed,5,27,6384,0,204400,1.6987,0.0,true
HiddenCover,16384,10000,dispersed,5,28,6384,0,204400,1.2080000000000002,0.0,true
HiddenCover,16384,10000,dispersed,5,29,6384,0,204400,1.2007,0.0,true
HiddenCover,16384,10000,dispersed,6,0,6384,0,204400,1.2097,0.0,true
HiddenCover,16384,10000,dispersed,6,1,6384,0,204400,1.1955,0.0,true
HiddenCover,16384,10000,dispersed,6,2,6384,0,204400,2.0645,0.0,true
HiddenCover,16384,10000,dispersed,6,3,6384,0,204400,1.6049,0.0,true
HiddenCover,16384,10000,dispersed,6,4,6384,0,204400,1.4555,0.0,true
HiddenCover,16384,10000,dispersed,6,5,6384,0,204400,1.4865,0.0,true
HiddenCover,16384,10000,dispersed,6,6,6384,0,204400,1.2478,0.0,true
HiddenCover,16384,10000,dispersed,6,7,6384,0,204400,1.2011,0.0,true
HiddenCover,16384,10000,dispersed,6,8,6384,0,204400,1.2203,0.0,true
HiddenCover,16384,10000,dispersed,6,9,6384,0,204400,1.1908,0.0,true
HiddenCover,16384,10000,dispersed,6,10,6384,0,204400,1.1844,0.0,true
HiddenCover,16384,10000,dispersed,6,11,6384,0,204400,1.1857,0.0,true
HiddenCover,16384,10000,dispersed,6,12,6384,0,204400,1.2164000000000001,0.0,true
HiddenCover,16384,10000,dispersed,6,13,6384,0,204400,1.188,0.0,true
HiddenCover,16384,10000,dispersed,6,14,6384,0,204400,1.5656,0.0,true
HiddenCover,16384,10000,dispersed,6,15,6384,0,204400,1.4942,0.0,true
HiddenCover,16384,10000,dispersed,6,16,6384,0,204400,1.6771,0.0,true
HiddenCover,16384,10000,dispersed,6,17,6384,0,204400,1.2078,0.0,true
HiddenCover,16384,10000,dispersed,6,18,6384,0,204400,1.2071,0.0,true
HiddenCover,16384,10000,dispersed,6,19,6384,0,204400,1.189,0.0,true
HiddenCover,16384,10000,dispersed,6,20,6384,0,204400,1.206,0.0,true
HiddenCover,16384,10000,dispersed,6,21,6384,0,204400,1.1862000000000001,0.0,true
HiddenCover,16384,10000,dispersed,6,22,6384,0,204400,1.2294999999999998,0.0,true
HiddenCover,16384,10000,dispersed,6,23,6384,0,204400,1.1822,0.0,true
HiddenCover,16384,10000,dispersed,6,24,6384,0,204400,1.1845,0.0,true
HiddenCover,16384,10000,dispersed,6,25,6384,0,204400,1.1968,0.0,true
HiddenCover,16384,10000,dispersed,6,26,6384,0,204400,1.1815,0.0,true
HiddenCover,16384,10000,dispersed,6,27,6384,0,204400,1.6932,0.0,true
HiddenCover,16384,10000,dispersed,6,28,6384,0,204400,1.7703,0.0,true
HiddenCover,16384,10000,dispersed,6,29,6384,0,204400,1.323,0.0,true
HiddenCover,16384,10000,dispersed,7,0,6384,0,204400,1.1845,0.0,true
HiddenCover,16384,10000,dispersed,7,1,6384,0,204400,1.1812,0.0,true
HiddenCover,16384,10000,dispersed,7,2,6384,0,204400,1.7489000000000001,0.0,true
HiddenCover,16384,10000,dispersed,7,3,6384,0,204400,1.303,0.0,true
HiddenCover,16384,10000,dispersed,7,4,6384,0,204400,1.3439999999999999,0.0,true
HiddenCover,16384,10000,dispersed,7,5,6384,0,204400,1.2239,0.0,true
HiddenCover,16384,10000,dispersed,7,6,6384,0,204400,1.2138,0.0,true
HiddenCover,16384,10000,dispersed,7,7,6384,0,204400,1.1925,0.0,true
HiddenCover,16384,10000,dispersed,7,8,6384,0,204400,1.1705,0.0,true
HiddenCover,16384,10000,dispersed,7,9,6384,0,204400,1.1361999999999999,0.0,true
HiddenCover,16384,10000,dispersed,7,10,6384,0,204400,1.1340000000000001,0.0,true
HiddenCover,16384,10000,dispersed,7,11,6384,0,204400,1.1273,0.0,true
HiddenCover,16384,10000,dispersed,7,12,6384,0,204400,1.1280999999999999,0.0,true
HiddenCover,16384,10000,dispersed,7,13,6384,0,204400,1.1852,0.0,true
HiddenCover,16384,10000,dispersed,7,14,6384,0,204400,1.1358,0.0,true
HiddenCover,16384,10000,dispersed,7,15,6384,0,204400,1.4777,0.0,true
HiddenCover,16384,10000,dispersed,7,16,6384,0,204400,1.3982,0.0,true
HiddenCover,16384,10000,dispersed,7,17,6384,0,204400,1.258,0.0,true
HiddenCover,16384,10000,dispersed,7,18,6384,0,204400,1.1998,0.0,true
HiddenCover,16384,10000,dispersed,7,19,6384,0,204400,1.1996,0.0,true
HiddenCover,16384,10000,dispersed,7,20,6384,0,204400,1.1943,0.0,true
HiddenCover,16384,10000,dispersed,7,21,6384,0,204400,1.1976,0.0,true
HiddenCover,16384,10000,dispersed,7,22,6384,0,204400,1.181,0.0,true
HiddenCover,16384,10000,dispersed,7,23,6384,0,204400,1.1763,0.0,true
HiddenCover,16384,10000,dispersed,7,24,6384,0,204400,1.1336,0.0,true
HiddenCover,16384,10000,dispersed,7,25,6384,0,204400,1.1495,0.0,true
HiddenCover,16384,10000,dispersed,7,26,6384,0,204400,1.1416,0.0,true
HiddenCover,16384,10000,dispersed,7,27,6384,0,204400,1.1276000000000002,0.0,true
HiddenCover,16384,10000,dispersed,7,28,6384,0,204400,1.1666999999999998,0.0,true
HiddenCover,16384,10000,dispersed,7,29,6384,0,204400,1.4343,0.0,true
HiddenCover,16384,10000,dispersed,8,0,6384,0,204400,1.1813,0.0,true
HiddenCover,16384,10000,dispersed,8,1,6384,0,204400,1.1812,0.0,true
HiddenCover,16384,10000,dispersed,8,2,6384,0,204400,1.8189,0.0,true
HiddenCover,16384,10000,dispersed,8,3,6384,0,204400,1.3193000000000001,0.0,true
HiddenCover,16384,10000,dispersed,8,4,6384,0,204400,1.5263,0.0,true
HiddenCover,16384,10000,dispersed,8,5,6384,0,204400,1.2898,0.0,true
HiddenCover,16384,10000,dispersed,8,6,6384,0,204400,1.2224,0.0,true
HiddenCover,16384,10000,dispersed,8,7,6384,0,204400,1.1901,0.0,true
HiddenCover,16384,10000,dispersed,8,8,6384,0,204400,1.1824999999999999,0.0,true
HiddenCover,16384,10000,dispersed,8,9,6384,0,204400,1.1987,0.0,true
HiddenCover,16384,10000,dispersed,8,10,6384,0,204400,1.1814,0.0,true
HiddenCover,16384,10000,dispersed,8,11,6384,0,204400,1.1872,0.0,true
HiddenCover,16384,10000,dispersed,8,12,6384,0,204400,1.1869999999999998,0.0,true
HiddenCover,16384,10000,dispersed,8,13,6384,0,204400,1.2264000000000002,0.0,true
HiddenCover,16384,10000,dispersed,8,14,6384,0,204400,1.4289,0.0,true
HiddenCover,16384,10000,dispersed,8,15,6384,0,204400,1.1896,0.0,true
HiddenCover,16384,10000,dispersed,8,16,6384,0,204400,1.1987,0.0,true
HiddenCover,16384,10000,dispersed,8,17,6384,0,204400,1.3577000000000001,0.0,true
HiddenCover,16384,10000,dispersed,8,18,6384,0,204400,1.2843,0.0,true
HiddenCover,16384,10000,dispersed,8,19,6384,0,204400,1.2868,0.0,true
HiddenCover,16384,10000,dispersed,8,20,6384,0,204400,1.1776,0.0,true
HiddenCover,16384,10000,dispersed,8,21,6384,0,204400,1.192,0.0,true
HiddenCover,16384,10000,dispersed,8,22,6384,0,204400,1.1892,0.0,true
HiddenCover,16384,10000,dispersed,8,23,6384,0,204400,1.2057,0.0,true
HiddenCover,16384,10000,dispersed,8,24,6384,0,204400,1.1833,0.0,true
HiddenCover,16384,10000,dispersed,8,25,6384,0,204400,1.2668,0.0,true
HiddenCover,16384,10000,dispersed,8,26,6384,0,204400,1.2081,0.0,true
HiddenCover,16384,10000,dispersed,8,27,6384,0,204400,1.2104,0.0,true
HiddenCover,16384,10000,dispersed,8,28,6384,0,204400,1.1929,0.0,true
HiddenCover,16384,10000,dispersed,8,29,6384,0,204400,1.1879,0.0,true
HiddenCover,16384,10000,dispersed,9,0,6384,0,204400,1.3049,0.0,true
HiddenCover,16384,10000,dispersed,9,1,6384,0,204400,1.1628,0.0,true
HiddenCover,16384,10000,dispersed,9,2,6384,0,204400,1.1383999999999999,0.0,true
HiddenCover,16384,10000,dispersed,9,3,6384,0,204400,1.1488,0.0,true
HiddenCover,16384,10000,dispersed,9,4,6384,0,204400,1.1416,0.0,true
HiddenCover,16384,10000,dispersed,9,5,6384,0,204400,1.1327,0.0,true
HiddenCover,16384,10000,dispersed,9,6,6384,0,204400,1.1327,0.0,true
HiddenCover,16384,10000,dispersed,9,7,6384,0,204400,2.673,0.0,true
HiddenCover,16384,10000,dispersed,9,8,6384,0,204400,2.372,0.0,true
HiddenCover,16384,10000,dispersed,9,9,6384,0,204400,1.4761,0.0,true
HiddenCover,16384,10000,dispersed,9,10,6384,0,204400,1.1631,0.0,true
HiddenCover,16384,10000,dispersed,9,11,6384,0,204400,1.4858,0.0,true
HiddenCover,16384,10000,dispersed,9,12,6384,0,204400,1.2197,0.0,true
HiddenCover,16384,10000,dispersed,9,13,6384,0,204400,1.1785999999999999,0.0,true
HiddenCover,16384,10000,dispersed,9,14,6384,0,204400,1.1451,0.0,true
HiddenCover,16384,10000,dispersed,9,15,6384,0,204400,1.1708,0.0,true
HiddenCover,16384,10000,dispersed,9,16,6384,0,204400,1.1812,0.0,true
HiddenCover,16384,10000,dispersed,9,17,6384,0,204400,1.181,0.0,true
HiddenCover,16384,10000,dispersed,9,18,6384,0,204400,3.2405,0.0,true
HiddenCover,16384,10000,dispersed,9,19,6384,0,204400,2.1172,0.0,true
HiddenCover,16384,10000,dispersed,9,20,6384,0,204400,1.503,0.0,true
HiddenCover,16384,10000,dispersed,9,21,6384,0,204400,1.1808999999999998,0.0,true
HiddenCover,16384,10000,dispersed,9,22,6384,0,204400,1.2843,0.0,true
HiddenCover,16384,10000,dispersed,9,23,6384,0,204400,1.1834,0.0,true
HiddenCover,16384,10000,dispersed,9,24,6384,0,204400,1.1483999999999999,0.0,true
HiddenCover,16384,10000,dispersed,9,25,6384,0,204400,1.1284999999999998,0.0,true
HiddenCover,16384,10000,dispersed,9,26,6384,0,204400,1.1408,0.0,true
HiddenCover,16384,10000,dispersed,9,27,6384,0,204400,1.1327,0.0,true
HiddenCover,16384,10000,dispersed,9,28,6384,0,204400,1.1369,0.0,true
HiddenCover,16384,10000,dispersed,9,29,6384,0,204400,1.5742,0.0,true
HiddenCover,16384,10000,dispersed,10,0,6384,0,204400,1.1979,0.0,true
HiddenCover,16384,10000,dispersed,10,1,6384,0,204400,1.1854,0.0,true
HiddenCover,16384,10000,dispersed,10,2,6384,0,204400,1.2577,0.0,true
HiddenCover,16384,10000,dispersed,10,3,6384,0,204400,1.4699,0.0,true
HiddenCover,16384,10000,dispersed,10,4,6384,0,204400,1.2303,0.0,true
HiddenCover,16384,10000,dispersed,10,5,6384,0,204400,1.1728999999999998,0.0,true
HiddenCover,16384,10000,dispersed,10,6,6384,0,204400,1.1347,0.0,true
HiddenCover,16384,10000,dispersed,10,7,6384,0,204400,1.135,0.0,true
HiddenCover,16384,10000,dispersed,10,8,6384,0,204400,1.7077,0.0,true
HiddenCover,16384,10000,dispersed,10,9,6384,0,204400,2.1605000000000003,0.0,true
HiddenCover,16384,10000,dispersed,10,10,6384,0,204400,1.701,0.0,true
HiddenCover,16384,10000,dispersed,10,11,6384,0,204400,1.1475000000000002,0.0,true
HiddenCover,16384,10000,dispersed,10,12,6384,0,204400,1.1563999999999999,0.0,true
HiddenCover,16384,10000,dispersed,10,13,6384,0,204400,1.1495,0.0,true
HiddenCover,16384,10000,dispersed,10,14,6384,0,204400,1.1344,0.0,true
HiddenCover,16384,10000,dispersed,10,15,6384,0,204400,1.6327,0.0,true
HiddenCover,16384,10000,dispersed,10,16,6384,0,204400,1.8976,0.0,true
HiddenCover,16384,10000,dispersed,10,17,6384,0,204400,1.2296,0.0,true
HiddenCover,16384,10000,dispersed,10,18,6384,0,204400,1.1922,0.0,true
HiddenCover,16384,10000,dispersed,10,19,6384,0,204400,1.3511,0.0,true
HiddenCover,16384,10000,dispersed,10,20,6384,0,204400,1.2441,0.0,true
HiddenCover,16384,10000,dispersed,10,21,6384,0,204400,1.1916,0.0,true
HiddenCover,16384,10000,dispersed,10,22,6384,0,204400,1.1754,0.0,true
HiddenCover,16384,10000,dispersed,10,23,6384,0,204400,1.1911999999999998,0.0,true
HiddenCover,16384,10000,dispersed,10,24,6384,0,204400,1.1899,0.0,true
HiddenCover,16384,10000,dispersed,10,25,6384,0,204400,1.1978,0.0,true
HiddenCover,16384,10000,dispersed,10,26,6384,0,204400,1.1891,0.0,true
HiddenCover,16384,10000,dispersed,10,27,6384,0,204400,1.1863,0.0,true
HiddenCover,16384,10000,dispersed,10,28,6384,0,204400,1.613,0.0,true
HiddenCover,16384,10000,dispersed,10,29,6384,0,204400,1.3898000000000001,0.0,true
HiddenCover,16384,10000,dispersed,11,0,6384,0,204400,1.1424,0.0,true
HiddenCover,16384,10000,dispersed,11,1,6384,0,204400,1.143,0.0,true
HiddenCover,16384,10000,dispersed,11,2,6384,0,204400,1.1393,0.0,true
HiddenCover,16384,10000,dispersed,11,3,6384,0,204400,1.8871,0.0,true
HiddenCover,16384,10000,dispersed,11,4,6384,0,204400,1.2441,0.0,true
HiddenCover,16384,10000,dispersed,11,5,6384,0,204400,1.2516,0.0,true
HiddenCover,16384,10000,dispersed,11,6,6384,0,204400,1.1962,0.0,true
HiddenCover,16384,10000,dispersed,11,7,6384,0,204400,1.1360999999999999,0.0,true
HiddenCover,16384,10000,dispersed,11,8,6384,0,204400,1.1424,0.0,true
HiddenCover,16384,10000,dispersed,11,9,6384,0,204400,1.1755,0.0,true
HiddenCover,16384,10000,dispersed,11,10,6384,0,204400,1.13,0.0,true
HiddenCover,16384,10000,dispersed,11,11,6384,0,204400,1.1345999999999998,0.0,true
HiddenCover,16384,10000,dispersed,11,12,6384,0,204400,1.1224,0.0,true
HiddenCover,16384,10000,dispersed,11,13,6384,0,204400,1.1308,0.0,true
HiddenCover,16384,10000,dispersed,11,14,6384,0,204400,1.1663000000000001,0.0,true
HiddenCover,16384,10000,dispersed,11,15,6384,0,204400,1.1501000000000001,0.0,true
HiddenCover,16384,10000,dispersed,11,16,6384,0,204400,1.1694,0.0,true
HiddenCover,16384,10000,dispersed,11,17,6384,0,204400,1.4052,0.0,true
HiddenCover,16384,10000,dispersed,11,18,6384,0,204400,1.2848,0.0,true
HiddenCover,16384,10000,dispersed,11,19,6384,0,204400,1.7481,0.0,true
HiddenCover,16384,10000,dispersed,11,20,6384,0,204400,1.3069,0.0,true
HiddenCover,16384,10000,dispersed,11,21,6384,0,204400,1.1921,0.0,true
HiddenCover,16384,10000,dispersed,11,22,6384,0,204400,1.1842000000000001,0.0,true
HiddenCover,16384,10000,dispersed,11,23,6384,0,204400,1.1863,0.0,true
HiddenCover,16384,10000,dispersed,11,24,6384,0,204400,1.1862000000000001,0.0,true
HiddenCover,16384,10000,dispersed,11,25,6384,0,204400,1.1875,0.0,true
HiddenCover,16384,10000,dispersed,11,26,6384,0,204400,1.1904000000000001,0.0,true
HiddenCover,16384,10000,dispersed,11,27,6384,0,204400,1.1853,0.0,true
HiddenCover,16384,10000,dispersed,11,28,6384,0,204400,1.1957,0.0,true
HiddenCover,16384,10000,dispersed,11,29,6384,0,204400,1.1815,0.0,true
HiddenCover,16384,10000,dispersed,12,0,6384,0,204400,1.2397,0.0,true
HiddenCover,16384,10000,dispersed,12,1,6384,0,204400,1.1785,0.0,true
HiddenCover,16384,10000,dispersed,12,2,6384,0,204400,1.1865,0.0,true
HiddenCover,16384,10000,dispersed,12,3,6384,0,204400,1.1816000000000002,0.0,true
HiddenCover,16384,10000,dispersed,12,4,6384,0,204400,1.1977,0.0,true
HiddenCover,16384,10000,dispersed,12,5,6384,0,204400,1.4443,0.0,true
HiddenCover,16384,10000,dispersed,12,6,6384,0,204400,1.518,0.0,true
HiddenCover,16384,10000,dispersed,12,7,6384,0,204400,1.3385,0.0,true
HiddenCover,16384,10000,dispersed,12,8,6384,0,204400,1.2185,0.0,true
HiddenCover,16384,10000,dispersed,12,9,6384,0,204400,1.1917,0.0,true
HiddenCover,16384,10000,dispersed,12,10,6384,0,204400,1.202,0.0,true
HiddenCover,16384,10000,dispersed,12,11,6384,0,204400,1.1966999999999999,0.0,true
HiddenCover,16384,10000,dispersed,12,12,6384,0,204400,1.1853,0.0,true
HiddenCover,16384,10000,dispersed,12,13,6384,0,204400,1.1981,0.0,true
HiddenCover,16384,10000,dispersed,12,14,6384,0,204400,1.1985999999999999,0.0,true
HiddenCover,16384,10000,dispersed,12,15,6384,0,204400,1.2001,0.0,true
HiddenCover,16384,10000,dispersed,12,16,6384,0,204400,1.1887,0.0,true
HiddenCover,16384,10000,dispersed,12,17,6384,0,204400,1.192,0.0,true
HiddenCover,16384,10000,dispersed,12,18,6384,0,204400,1.7127,0.0,true
HiddenCover,16384,10000,dispersed,12,19,6384,0,204400,1.4924000000000002,0.0,true
HiddenCover,16384,10000,dispersed,12,20,6384,0,204400,1.26,0.0,true
HiddenCover,16384,10000,dispersed,12,21,6384,0,204400,1.1863,0.0,true
HiddenCover,16384,10000,dispersed,12,22,6384,0,204400,1.1984000000000001,0.0,true
HiddenCover,16384,10000,dispersed,12,23,6384,0,204400,1.1958,0.0,true
HiddenCover,16384,10000,dispersed,12,24,6384,0,204400,1.1900000000000002,0.0,true
HiddenCover,16384,10000,dispersed,12,25,6384,0,204400,1.1908,0.0,true
HiddenCover,16384,10000,dispersed,12,26,6384,0,204400,1.1943,0.0,true
HiddenCover,16384,10000,dispersed,12,27,6384,0,204400,1.1904000000000001,0.0,true
HiddenCover,16384,10000,dispersed,12,28,6384,0,204400,1.1772,0.0,true
HiddenCover,16384,10000,dispersed,12,29,6384,0,204400,1.1878,0.0,true
HiddenCover,16384,10000,dispersed,13,0,6384,0,204400,1.1953,0.0,true
HiddenCover,16384,10000,dispersed,13,1,6384,0,204400,1.2006000000000001,0.0,true
HiddenCover,16384,10000,dispersed,13,2,6384,0,204400,1.177,0.0,true
HiddenCover,16384,10000,dispersed,13,3,6384,0,204400,1.1891,0.0,true
HiddenCover,16384,10000,dispersed,13,4,6384,0,204400,1.1808,0.0,true
HiddenCover,16384,10000,dispersed,13,5,6384,0,204400,1.2726,0.0,true
HiddenCover,16384,10000,dispersed,13,6,6384,0,204400,1.4902,0.0,true
HiddenCover,16384,10000,dispersed,13,7,6384,0,204400,2.1098,0.0,true
HiddenCover,16384,10000,dispersed,13,8,6384,0,204400,1.2401,0.0,true
HiddenCover,16384,10000,dispersed,13,9,6384,0,204400,1.1895,0.0,true
HiddenCover,16384,10000,dispersed,13,10,6384,0,204400,1.1772,0.0,true
HiddenCover,16384,10000,dispersed,13,11,6384,0,204400,1.1898,0.0,true
HiddenCover,16384,10000,dispersed,13,12,6384,0,204400,1.2034,0.0,true
HiddenCover,16384,10000,dispersed,13,13,6384,0,204400,1.1905,0.0,true
HiddenCover,16384,10000,dispersed,13,14,6384,0,204400,1.1783,0.0,true
HiddenCover,16384,10000,dispersed,13,15,6384,0,204400,1.1773,0.0,true
HiddenCover,16384,10000,dispersed,13,16,6384,0,204400,1.1778,0.0,true
HiddenCover,16384,10000,dispersed,13,17,6384,0,204400,1.2515,0.0,true
HiddenCover,16384,10000,dispersed,13,18,6384,0,204400,1.2011999999999998,0.0,true
HiddenCover,16384,10000,dispersed,13,19,6384,0,204400,1.4402,0.0,true
HiddenCover,16384,10000,dispersed,13,20,6384,0,204400,1.2752,0.0,true
HiddenCover,16384,10000,dispersed,13,21,6384,0,204400,1.2158,0.0,true
HiddenCover,16384,10000,dispersed,13,22,6384,0,204400,1.175,0.0,true
HiddenCover,16384,10000,dispersed,13,23,6384,0,204400,1.1579,0.0,true
HiddenCover,16384,10000,dispersed,13,24,6384,0,204400,1.1411,0.0,true
HiddenCover,16384,10000,dispersed,13,25,6384,0,204400,1.1984000000000001,0.0,true
HiddenCover,16384,10000,dispersed,13,26,6384,0,204400,1.1804000000000001,0.0,true
HiddenCover,16384,10000,dispersed,13,27,6384,0,204400,1.1796,0.0,true
HiddenCover,16384,10000,dispersed,13,28,6384,0,204400,1.1863,0.0,true
HiddenCover,16384,10000,dispersed,13,29,6384,0,204400,1.1901,0.0,true
HiddenCover,16384,10000,dispersed,14,0,6384,0,204400,1.1869,0.0,true
HiddenCover,16384,10000,dispersed,14,1,6384,0,204400,1.2002,0.0,true
HiddenCover,16384,10000,dispersed,14,2,6384,0,204400,1.3317999999999999,0.0,true
HiddenCover,16384,10000,dispersed,14,3,6384,0,204400,1.3002,0.0,true
HiddenCover,16384,10000,dispersed,14,4,6384,0,204400,1.5321,0.0,true
HiddenCover,16384,10000,dispersed,14,5,6384,0,204400,1.5804,0.0,true
HiddenCover,16384,10000,dispersed,14,6,6384,0,204400,2.1397999999999997,0.0,true
HiddenCover,16384,10000,dispersed,14,7,6384,0,204400,1.9102999999999999,0.0,true
HiddenCover,16384,10000,dispersed,14,8,6384,0,204400,1.303,0.0,true
HiddenCover,16384,10000,dispersed,14,9,6384,0,204400,1.1973,0.0,true
HiddenCover,16384,10000,dispersed,14,10,6384,0,204400,1.1789,0.0,true
HiddenCover,16384,10000,dispersed,14,11,6384,0,204400,1.1826,0.0,true
HiddenCover,16384,10000,dispersed,14,12,6384,0,204400,1.1854,0.0,true
HiddenCover,16384,10000,dispersed,14,13,6384,0,204400,1.191,0.0,true
HiddenCover,16384,10000,dispersed,14,14,6384,0,204400,1.2562,0.0,true
HiddenCover,16384,10000,dispersed,14,15,6384,0,204400,1.1723000000000001,0.0,true
HiddenCover,16384,10000,dispersed,14,16,6384,0,204400,1.1901,0.0,true
HiddenCover,16384,10000,dispersed,14,17,6384,0,204400,1.1914,0.0,true
HiddenCover,16384,10000,dispersed,14,18,6384,0,204400,1.5129,0.0,true
HiddenCover,16384,10000,dispersed,14,19,6384,0,204400,1.2490999999999999,0.0,true
HiddenCover,16384,10000,dispersed,14,20,6384,0,204400,1.1903000000000001,0.0,true
HiddenCover,16384,10000,dispersed,14,21,6384,0,204400,1.1888,0.0,true
HiddenCover,16384,10000,dispersed,14,22,6384,0,204400,1.1916,0.0,true
HiddenCover,16384,10000,dispersed,14,23,6384,0,204400,1.1818,0.0,true
HiddenCover,16384,10000,dispersed,14,24,6384,0,204400,1.1869,0.0,true
HiddenCover,16384,10000,dispersed,14,25,6384,0,204400,1.2076,0.0,true
HiddenCover,16384,10000,dispersed,14,26,6384,0,204400,1.1820000000000002,0.0,true
HiddenCover,16384,10000,dispersed,14,27,6384,0,204400,1.2364,0.0,true
HiddenCover,16384,10000,dispersed,14,28,6384,0,204400,1.1952,0.0,true
HiddenCover,16384,10000,dispersed,14,29,6384,0,204400,1.1899,0.0,true
HiddenCover,16384,10000,dispersed,15,0,6384,0,204400,1.9965,0.0,true
HiddenCover,16384,10000,dispersed,15,1,6384,0,204400,1.9995999999999998,0.0,true
HiddenCover,16384,10000,dispersed,15,2,6384,0,204400,1.5325,0.0,true
HiddenCover,16384,10000,dispersed,15,3,6384,0,204400,1.3056999999999999,0.0,true
HiddenCover,16384,10000,dispersed,15,4,6384,0,204400,1.1946999999999999,0.0,true
HiddenCover,16384,10000,dispersed,15,5,6384,0,204400,1.1421999999999999,0.0,true
HiddenCover,16384,10000,dispersed,15,6,6384,0,204400,1.1305,0.0,true
HiddenCover,16384,10000,dispersed,15,7,6384,0,204400,1.1316,0.0,true
HiddenCover,16384,10000,dispersed,15,8,6384,0,204400,1.2667,0.0,true
HiddenCover,16384,10000,dispersed,15,9,6384,0,204400,1.1593,0.0,true
HiddenCover,16384,10000,dispersed,15,10,6384,0,204400,1.1289,0.0,true
HiddenCover,16384,10000,dispersed,15,11,6384,0,204400,1.1248,0.0,true
HiddenCover,16384,10000,dispersed,15,12,6384,0,204400,1.1459000000000001,0.0,true
HiddenCover,16384,10000,dispersed,15,13,6384,0,204400,1.1718,0.0,true
HiddenCover,16384,10000,dispersed,15,14,6384,0,204400,1.148,0.0,true
HiddenCover,16384,10000,dispersed,15,15,6384,0,204400,1.8641,0.0,true
HiddenCover,16384,10000,dispersed,15,16,6384,0,204400,1.4189999999999998,0.0,true
HiddenCover,16384,10000,dispersed,15,17,6384,0,204400,1.2103000000000002,0.0,true
HiddenCover,16384,10000,dispersed,15,18,6384,0,204400,1.1875,0.0,true
HiddenCover,16384,10000,dispersed,15,19,6384,0,204400,1.2142,0.0,true
HiddenCover,16384,10000,dispersed,15,20,6384,0,204400,1.1954,0.0,true
HiddenCover,16384,10000,dispersed,15,21,6384,0,204400,1.3227,0.0,true
HiddenCover,16384,10000,dispersed,15,22,6384,0,204400,1.2037,0.0,true
HiddenCover,16384,10000,dispersed,15,23,6384,0,204400,1.132,0.0,true
HiddenCover,16384,10000,dispersed,15,24,6384,0,204400,1.1544999999999999,0.0,true
HiddenCover,16384,10000,dispersed,15,25,6384,0,204400,1.1538,0.0,true
HiddenCover,16384,10000,dispersed,15,26,6384,0,204400,1.1345999999999998,0.0,true
HiddenCover,16384,10000,dispersed,15,27,6384,0,204400,1.1402,0.0,true
HiddenCover,16384,10000,dispersed,15,28,6384,0,204400,2.2350999999999996,0.0,true
HiddenCover,16384,10000,dispersed,15,29,6384,0,204400,1.8835,0.0,true
HiddenCover,16384,10000,dispersed,16,0,6384,0,204400,1.1391,0.0,true
HiddenCover,16384,10000,dispersed,16,1,6384,0,204400,1.1381,0.0,true
HiddenCover,16384,10000,dispersed,16,2,6384,0,204400,1.5023,0.0,true
HiddenCover,16384,10000,dispersed,16,3,6384,0,204400,1.2724,0.0,true
HiddenCover,16384,10000,dispersed,16,4,6384,0,204400,1.2793999999999999,0.0,true
HiddenCover,16384,10000,dispersed,16,5,6384,0,204400,1.1497,0.0,true
HiddenCover,16384,10000,dispersed,16,6,6384,0,204400,1.14,0.0,true
HiddenCover,16384,10000,dispersed,16,7,6384,0,204400,1.3438,0.0,true
HiddenCover,16384,10000,dispersed,16,8,6384,0,204400,2.1605000000000003,0.0,true
HiddenCover,16384,10000,dispersed,16,9,6384,0,204400,1.9037,0.0,true
HiddenCover,16384,10000,dispersed,16,10,6384,0,204400,1.1347,0.0,true
HiddenCover,16384,10000,dispersed,16,11,6384,0,204400,1.1234000000000002,0.0,true
HiddenCover,16384,10000,dispersed,16,12,6384,0,204400,1.1373,0.0,true
HiddenCover,16384,10000,dispersed,16,13,6384,0,204400,1.1276000000000002,0.0,true
HiddenCover,16384,10000,dispersed,16,14,6384,0,204400,1.1321,0.0,true
HiddenCover,16384,10000,dispersed,16,15,6384,0,204400,1.5211000000000001,0.0,true
HiddenCover,16384,10000,dispersed,16,16,6384,0,204400,1.2845,0.0,true
HiddenCover,16384,10000,dispersed,16,17,6384,0,204400,1.1975,0.0,true
HiddenCover,16384,10000,dispersed,16,18,6384,0,204400,1.2593,0.0,true
HiddenCover,16384,10000,dispersed,16,19,6384,0,204400,1.1999,0.0,true
HiddenCover,16384,10000,dispersed,16,20,6384,0,204400,1.2235,0.0,true
HiddenCover,16384,10000,dispersed,16,21,6384,0,204400,1.185,0.0,true
HiddenCover,16384,10000,dispersed,16,22,6384,0,204400,1.1731,0.0,true
HiddenCover,16384,10000,dispersed,16,23,6384,0,204400,1.1878,0.0,true
HiddenCover,16384,10000,dispersed,16,24,6384,0,204400,1.189,0.0,true
HiddenCover,16384,10000,dispersed,16,25,6384,0,204400,1.1999,0.0,true
HiddenCover,16384,10000,dispersed,16,26,6384,0,204400,1.1811,0.0,true
HiddenCover,16384,10000,dispersed,16,27,6384,0,204400,1.1738,0.0,true
HiddenCover,16384,10000,dispersed,16,28,6384,0,204400,1.5793000000000001,0.0,true
HiddenCover,16384,10000,dispersed,16,29,6384,0,204400,2.1816999999999998,0.0,true
HiddenCover,16384,10000,dispersed,17,0,6384,0,204400,1.2118,0.0,true
HiddenCover,16384,10000,dispersed,17,1,6384,0,204400,1.1862000000000001,0.0,true
HiddenCover,16384,10000,dispersed,17,2,6384,0,204400,1.3028,0.0,true
HiddenCover,16384,10000,dispersed,17,3,6384,0,204400,1.3972,0.0,true
HiddenCover,16384,10000,dispersed,17,4,6384,0,204400,1.5364,0.0,true
HiddenCover,16384,10000,dispersed,17,5,6384,0,204400,1.2061000000000002,0.0,true
HiddenCover,16384,10000,dispersed,17,6,6384,0,204400,1.1292,0.0,true
HiddenCover,16384,10000,dispersed,17,7,6384,0,204400,1.1525999999999998,0.0,true
HiddenCover,16384,10000,dispersed,17,8,6384,0,204400,1.2113,0.0,true
HiddenCover,16384,10000,dispersed,17,9,6384,0,204400,1.2035,0.0,true
HiddenCover,16384,10000,dispersed,17,10,6384,0,204400,1.1772,0.0,true
HiddenCover,16384,10000,dispersed,17,11,6384,0,204400,1.1974,0.0,true
HiddenCover,16384,10000,dispersed,17,12,6384,0,204400,1.1826,0.0,true
HiddenCover,16384,10000,dispersed,17,13,6384,0,204400,1.1932,0.0,true
HiddenCover,16384,10000,dispersed,17,14,6384,0,204400,1.1769,0.0,true
HiddenCover,16384,10000,dispersed,17,15,6384,0,204400,1.1859,0.0,true
HiddenCover,16384,10000,dispersed,17,16,6384,0,204400,1.7638,0.0,true
HiddenCover,16384,10000,dispersed,17,17,6384,0,204400,1.2971000000000001,0.0,true
HiddenCover,16384,10000,dispersed,17,18,6384,0,204400,1.1726,0.0,true
HiddenCover,16384,10000,dispersed,17,19,6384,0,204400,1.1318000000000001,0.0,true
HiddenCover,16384,10000,dispersed,17,20,6384,0,204400,1.1981,0.0,true
HiddenCover,16384,10000,dispersed,17,21,6384,0,204400,1.1403999999999999,0.0,true
HiddenCover,16384,10000,dispersed,17,22,6384,0,204400,1.1293,0.0,true
HiddenCover,16384,10000,dispersed,17,23,6384,0,204400,1.1259,0.0,true
HiddenCover,16384,10000,dispersed,17,24,6384,0,204400,1.1472,0.0,true
HiddenCover,16384,10000,dispersed,17,25,6384,0,204400,1.147,0.0,true
HiddenCover,16384,10000,dispersed,17,26,6384,0,204400,1.1412,0.0,true
HiddenCover,16384,10000,dispersed,17,27,6384,0,204400,1.1359,0.0,true
HiddenCover,16384,10000,dispersed,17,28,6384,0,204400,1.1489,0.0,true
HiddenCover,16384,10000,dispersed,17,29,6384,0,204400,1.1892,0.0,true
HiddenCover,16384,10000,dispersed,18,0,6384,0,204400,1.1548,0.0,true
HiddenCover,16384,10000,dispersed,18,1,6384,0,204400,1.1386,0.0,true
HiddenCover,16384,10000,dispersed,18,2,6384,0,204400,1.1352,0.0,true
HiddenCover,16384,10000,dispersed,18,3,6384,0,204400,1.1512,0.0,true
HiddenCover,16384,10000,dispersed,18,4,6384,0,204400,1.1777,0.0,true
HiddenCover,16384,10000,dispersed,18,5,6384,0,204400,1.9503000000000001,0.0,true
HiddenCover,16384,10000,dispersed,18,6,6384,0,204400,1.8534000000000002,0.0,true
HiddenCover,16384,10000,dispersed,18,7,6384,0,204400,1.3533,0.0,true
HiddenCover,16384,10000,dispersed,18,8,6384,0,204400,1.1843,0.0,true
HiddenCover,16384,10000,dispersed,18,9,6384,0,204400,1.1625999999999999,0.0,true
HiddenCover,16384,10000,dispersed,18,10,6384,0,204400,1.1846999999999999,0.0,true
HiddenCover,16384,10000,dispersed,18,11,6384,0,204400,1.1962,0.0,true
HiddenCover,16384,10000,dispersed,18,12,6384,0,204400,1.1755,0.0,true
HiddenCover,16384,10000,dispersed,18,13,6384,0,204400,1.1865999999999999,0.0,true
HiddenCover,16384,10000,dispersed,18,14,6384,0,204400,1.1804000000000001,0.0,true
HiddenCover,16384,10000,dispersed,18,15,6384,0,204400,1.2039,0.0,true
HiddenCover,16384,10000,dispersed,18,16,6384,0,204400,1.1762000000000001,0.0,true
HiddenCover,16384,10000,dispersed,18,17,6384,0,204400,1.4289999999999998,0.0,true
HiddenCover,16384,10000,dispersed,18,18,6384,0,204400,2.2384000000000004,0.0,true
HiddenCover,16384,10000,dispersed,18,19,6384,0,204400,1.4043,0.0,true
HiddenCover,16384,10000,dispersed,18,20,6384,0,204400,1.1835,0.0,true
HiddenCover,16384,10000,dispersed,18,21,6384,0,204400,1.2188999999999999,0.0,true
HiddenCover,16384,10000,dispersed,18,22,6384,0,204400,1.2049,0.0,true
HiddenCover,16384,10000,dispersed,18,23,6384,0,204400,1.2389000000000001,0.0,true
HiddenCover,16384,10000,dispersed,18,24,6384,0,204400,1.2097,0.0,true
HiddenCover,16384,10000,dispersed,18,25,6384,0,204400,1.2196,0.0,true
HiddenCover,16384,10000,dispersed,18,26,6384,0,204400,1.1955,0.0,true
HiddenCover,16384,10000,dispersed,18,27,6384,0,204400,1.2323,0.0,true
HiddenCover,16384,10000,dispersed,18,28,6384,0,204400,1.3513,0.0,true
HiddenCover,16384,10000,dispersed,18,29,6384,0,204400,1.1931,0.0,true
HiddenCover,16384,10000,dispersed,19,0,6384,0,204400,1.1733,0.0,true
HiddenCover,16384,10000,dispersed,19,1,6384,0,204400,1.1357,0.0,true
HiddenCover,16384,10000,dispersed,19,2,6384,0,204400,1.1357,0.0,true
HiddenCover,16384,10000,dispersed,19,3,6384,0,204400,2.0612,0.0,true
HiddenCover,16384,10000,dispersed,19,4,6384,0,204400,2.079,0.0,true
HiddenCover,16384,10000,dispersed,19,5,6384,0,204400,1.7939,0.0,true
HiddenCover,16384,10000,dispersed,19,6,6384,0,204400,1.2679,0.0,true
HiddenCover,16384,10000,dispersed,19,7,6384,0,204400,1.1885999999999999,0.0,true
HiddenCover,16384,10000,dispersed,19,8,6384,0,204400,1.2017,0.0,true
HiddenCover,16384,10000,dispersed,19,9,6384,0,204400,1.1921,0.0,true
HiddenCover,16384,10000,dispersed,19,10,6384,0,204400,1.1921,0.0,true
HiddenCover,16384,10000,dispersed,19,11,6384,0,204400,1.1901,0.0,true
HiddenCover,16384,10000,dispersed,19,12,6384,0,204400,1.2037,0.0,true
HiddenCover,16384,10000,dispersed,19,13,6384,0,204400,1.1804000000000001,0.0,true
HiddenCover,16384,10000,dispersed,19,14,6384,0,204400,1.2271,0.0,true
HiddenCover,16384,10000,dispersed,19,15,6384,0,204400,1.198,0.0,true
HiddenCover,16384,10000,dispersed,19,16,6384,0,204400,1.1866999999999999,0.0,true
HiddenCover,16384,10000,dispersed,19,17,6384,0,204400,1.3420999999999998,0.0,true
HiddenCover,16384,10000,dispersed,19,18,6384,0,204400,2.5730000000000004,0.0,true
HiddenCover,16384,10000,dispersed,19,19,6384,0,204400,1.4022999999999999,0.0,true
HiddenCover,16384,10000,dispersed,19,20,6384,0,204400,1.2195,0.0,true
HiddenCover,16384,10000,dispersed,19,21,6384,0,204400,1.2064000000000001,0.0,true
HiddenCover,16384,10000,dispersed,19,22,6384,0,204400,1.1885000000000001,0.0,true
HiddenCover,16384,10000,dispersed,19,23,6384,0,204400,1.1875,0.0,true
HiddenCover,16384,10000,dispersed,19,24,6384,0,204400,1.1896,0.0,true
HiddenCover,16384,10000,dispersed,19,25,6384,0,204400,1.2481,0.0,true
HiddenCover,16384,10000,dispersed,19,26,6384,0,204400,1.2313999999999998,0.0,true
HiddenCover,16384,10000,dispersed,19,27,6384,0,204400,1.1944,0.0,true
HiddenCover,16384,10000,dispersed,19,28,6384,0,204400,1.1879,0.0,true
HiddenCover,16384,10000,dispersed,19,29,6384,0,204400,1.1911,0.0,true
